[Licensing::Module] Trying to connect to existing licensing client channel...
Built from '6000.4/staging' branch; Version is '6000.4.5f1 (cc83ebd631f8) revision 13403115'; Using compiler version '194234433'; Build Type 'Release'
[Licensing::IpcConnector] Successfully connected to: "LicenseClient-user" at "2026-06-18T09:32:48.9425466Z"
OS: 'Windows 10  (10.0.19045) 64bit Professional' Language: 'ru' Physical Memory: 16129 MB
BatchMode: 1, IsHumanControllingUs: 0, StartBugReporterOnCrash: 0, Is64bit: 1
System  architecture: x64
Process architecture: x64
Date: 2026-06-18T09:32:48Z

COMMAND LINE ARGUMENTS:
D:\Unity\6000.4.5f1\Editor\Unity.exe
-adb2
-batchMode
-noUpm
-name
AssetImportWorker0
-projectPath
D:/Unity/TowerDefence
-logFile
Logs/AssetImportWorker0.log
-srvPort
54102
-force-d3d12
-job-worker-count
3
-background-job-worker-count
8
-gc-helper-count
1
-name
AssetImport
Successfully changed project path to: D:/Unity/TowerDefence
D:/Unity/TowerDefence
[UnityMemory] Configuration Parameters - Can be set up in boot.config
    "memorysetup-temp-allocator-size-gi-baking-worker=262144"
    "memorysetup-temp-allocator-size-gi-baking-worker=262144"
    "memorysetup-temp-allocator-size-gi-baking-worker=262144"
    "memorysetup-temp-allocator-size-gi-baking-worker=262144"
    "memorysetup-temp-allocator-size-gi-baking-worker=262144"
    "memorysetup-temp-allocator-size-nav-mesh-worker=65536"
    "memorysetup-temp-allocator-size-audio-worker=65536"
    "memorysetup-temp-allocator-size-cloud-worker=32768"
    "memorysetup-temp-allocator-size-gfx=262144"
    "memorysetup-temp-allocator-size-preload-manager=33554432"
    "memorysetup-temp-allocator-size-job-worker=262144"
    "memorysetup-temp-allocator-size-background-worker=32768"
    "memorysetup-allocator-temp-initial-block-size-main=262144"
    "memorysetup-allocator-temp-initial-block-size-worker=262144"
    "memorysetup-bucket-allocator-granularity=16"
    "memorysetup-bucket-allocator-bucket-count=8"
    "memorysetup-bucket-allocator-block-size=33554432"
    "memorysetup-bucket-allocator-block-count=8"
    "memorysetup-main-allocator-block-size=16777216"
    "memorysetup-thread-allocator-block-size=16777216"
    "memorysetup-gfx-main-allocator-block-size=16777216"
    "memorysetup-gfx-thread-allocator-block-size=16777216"
    "memorysetup-cache-allocator-block-size=4194304"
    "memorysetup-typetree-allocator-block-size=2097152"
    "memorysetup-profiler-bucket-allocator-granularity=16"
    "memorysetup-profiler-bucket-allocator-bucket-count=8"
    "memorysetup-profiler-bucket-allocator-block-size=33554432"
    "memorysetup-profiler-bucket-allocator-block-count=8"
    "memorysetup-profiler-allocator-block-size=16777216"
    "memorysetup-profiler-editor-allocator-block-size=1048576"
    "memorysetup-temp-allocator-size-main=16777216"
    "memorysetup-job-temp-allocator-block-size=2097152"
    "memorysetup-job-temp-allocator-block-size-background=1048576"
    "memorysetup-job-temp-allocator-reduction-small-platforms=262144"
Player connection [36896]  Target information:

Player connection [36896]  * "[IP] 192.168.56.1 [Port] 0 [Flags] 2 [Guid] 87005623 [EditorId] 87005623 [Version] 1048832 [Id] WindowsEditor(7,DESKTOP-IT0JSOP) [Debug] 1 [PackageName] WindowsEditor [ProjectName] Editor" 

Player connection [36896]  * "[IP] 192.168.0.16 [Port] 0 [Flags] 2 [Guid] 87005623 [EditorId] 87005623 [Version] 1048832 [Id] WindowsEditor(7,DESKTOP-IT0JSOP) [Debug] 1 [PackageName] WindowsEditor [ProjectName] Editor" 

Player connection [36896] Host joined multi-casting on [225.0.0.222:54997]...
Player connection [36896] Host joined alternative multi-casting on [225.0.0.222:34997]...
JobSystem: Creating JobQueue using job-worker-count value 3
Input System module state changed to: Initialized.
[Physics::Module] Initialized fallback backend.
[Physics::Module] Id: 0xdecafbad
Library Redirect Path: Library/
[Physics::Module] Selected backend.
[Physics::Module] Name: PhysX
[Physics::Module] Id: 0xf2b8ea05
[Physics::Module] SDK Version: 4.1.2
[Physics::Module] Integration Version: 1.0.0
[Physics::Module] Threading Mode: Multi-Threaded
Refreshing native plugins compatible for Editor in 659.79 ms, found 5 plugins.
Initialize engine version: 6000.4.5f1 (cc83ebd631f8)
[Subsystems] Discovering subsystems at path D:/Unity/6000.4.5f1/Editor/Data/Resources/UnitySubsystems
[Subsystems] Discovering subsystems at path D:/Unity/TowerDefence/Assets
Forcing GfxDevice: Direct3D 12
GfxDevice: creating device client; kGfxThreadingModeNonThreaded
d3d12: failed to query info queue interface (0x80004002).
Direct3D:
    Version:         Direct3D 12 [level 12.2]
    Renderer:        NVIDIA GeForce RTX 3050 Ti Laptop GPU (ID=0x25a0)
    Vendor:          NVIDIA
    VRAM:            3962 MB
    App VRAM Budget: 3367 MB
    Driver:          32.0.15.9227
Initialize mono
Mono path[0] = 'D:/Unity/6000.4.5f1/Editor/Data/Managed'
Mono path[1] = 'D:/Unity/6000.4.5f1/Editor/Data/MonoBleedingEdge/lib/mono/unityjit-win32'
Mono config path = 'D:/Unity/6000.4.5f1/Editor/Data/MonoBleedingEdge/etc'
Using monoOptions --debugger-agent=transport=dt_socket,embedding=1,server=y,suspend=n,address=127.0.0.1:56248
CodeReloadManager initialized
[Licensing::Client] Error: HandshakeResponse reported an error:
	ResponseCode: 505
	ResponseStatus: Unsupported protocol version '1.18.1'.
[Licensing::Module] Error: Failed to handshake to channel: "LicenseClient-user"
[Licensing::IpcConnector] LicenseClient-user channel disconnected successfully.
[Licensing::IpcConnector] Successfully connected to: "LicenseClient-user-6000.4.5" at "2026-06-18T09:32:59.1341513Z"
[Licensing::Client] Code 10 while verifying Licensing Client signature (process Id: 7628, path: "D:/Unity/6000.4.5f1/Editor/Data/Resources/Licensing/Client/Unity.Licensing.Client.exe")
[Licensing::Module] LicensingClient has failed validation; ignoring
[Licensing::Client] Handshaking with LicensingClient:
  Version:                 1.18.1+9fbee8e
  Session Id:              e34343d5f4724566b127a4ab79202233
  Correlation Id:          896fbe79e6b8512086438c0bb17d3b57
  External correlation Id: 5361307037072201139
  Machine Id:              TZ14s9Xk/sbU8PUANoo3nDCSiZo=
[Licensing::Module] Successfully connected to LicensingClient on channel: "LicenseClient-user-6000.4.5" (connect: 0.02s, validation: 0.00s, handshake: 0.06s)
[Licensing::IpcConnector] Successfully connected to: "LicenseClient-user-6000.4.5-notifications" at "2026-06-18T09:32:59.1960727Z"
[Licensing::Module] Licensing Background thread has ended after 10.25s
Begin MonoManager ReloadAssembly
Registering precompiled unity dll's ...
Register platform support module: D:/Unity/6000.4.5f1/Editor/Data/PlaybackEngines/WebGLSupport/UnityEditor.WebGL.Extensions.dll
Register platform support module: D:/Unity/6000.4.5f1/Editor/Data/PlaybackEngines/WindowsStandaloneSupport/UnityEditor.WindowsStandalone.Extensions.dll
Registered in 1.001646 seconds.
Native extension for WindowsStandalone target not found
Native extension for WebGL target not found
Package Manager log level set to [2]
[Package Manager] Failed to launch server process. Reason: Unity was launched with the -noUpm command-line argument
[Package Manager] Unable to send message (not connected to server process).
[Package Manager] Cannot connect to Unity Package Manager local server
ScheduleIndexationOnStartup MainProcess:False IndexOnStartup:False
Mono: successfully reloaded assembly
- Finished resetting the current domain, in  0.768 seconds
Domain Reload Profiling: 3182ms
	BeginReloadAssembly (216ms)
		CreateAndSetChildDomain (4ms)
	RebuildCommonClasses (86ms)
	RebuildNativeTypeToScriptingClass (26ms)
	initialDomainReloadingComplete (1113ms)
	LoadAllAssembliesAndSetupDomain (969ms)
		LoadAssemblies (212ms)
		AnalyzeDomain (952ms)
			TypeCache.Refresh (949ms)
				TypeCache.ScanAssembly (922ms)
	FinalizeReload (771ms)
		SetupLoadedEditorAssemblies (0ms)
			InitializePlatformSupportModulesInManaged (85ms)
			BeforeProcessingInitializeOnLoad (158ms)
			ProcessInitializeOnLoadAttributes (203ms)
			ProcessInitializeOnLoadMethodAttributes (189ms)
========================================================================
Worker process is ready to serve import requests
Import Worker Mode flag is 0x00
Begin MonoManager ReloadAssembly
[Licensing::Client] Successfully resolved entitlement details
[Licensing::Module] License group:
  Id: 10171027599427-UnityPersXXXX
  Product: Unity Personal
  Type: Assigned
  Expiration: Unlimited
Assembly Assembly-CSharp-Editor-firstpass.dll at Library/ScriptAssemblies/Assembly-CSharp-Editor-firstpass.dll not valid. Loading of assembly skipped.
Assembly Assembly-CSharp-Editor.dll at Library/ScriptAssemblies/Assembly-CSharp-Editor.dll not valid. Loading of assembly skipped.
Assembly Assembly-CSharp-firstpass.dll at Library/ScriptAssemblies/Assembly-CSharp-firstpass.dll not valid. Loading of assembly skipped.
Assembly Assembly-CSharp.dll at Library/ScriptAssemblies/Assembly-CSharp.dll not valid. Loading of assembly skipped.
Assembly DocCodeExamples.dll at Library/ScriptAssemblies/DocCodeExamples.dll not valid. Loading of assembly skipped.
Assembly TestNewCustomAssembly.dll at Library/ScriptAssemblies/TestNewCustomAssembly.dll not valid. Loading of assembly skipped.
Assembly Unity.2D.Animation.EditorTests.dll at Library/ScriptAssemblies/Unity.2D.Animation.EditorTests.dll not valid. Loading of assembly skipped.
Assembly Unity.2D.Aseprite.EditorTests.dll at Library/ScriptAssemblies/Unity.2D.Aseprite.EditorTests.dll not valid. Loading of assembly skipped.
Assembly Unity.2D.Common.EditorTests.dll at Library/ScriptAssemblies/Unity.2D.Common.EditorTests.dll not valid. Loading of assembly skipped.
Assembly Unity.2D.Psdimporter.EditorTests.dll at Library/ScriptAssemblies/Unity.2D.Psdimporter.EditorTests.dll not valid. Loading of assembly skipped.
Assembly Unity.2D.Sprite.Package.EditorTests.dll at Library/ScriptAssemblies/Unity.2D.Sprite.Package.EditorTests.dll not valid. Loading of assembly skipped.
Assembly Unity.2D.SpriteShape.EditorTests.dll at Library/ScriptAssemblies/Unity.2D.SpriteShape.EditorTests.dll not valid. Loading of assembly skipped.
Assembly Unity.2D.Tilemap.Package.EditorTests.dll at Library/ScriptAssemblies/Unity.2D.Tilemap.Package.EditorTests.dll not valid. Loading of assembly skipped.
Assembly Unity.Collections.BurstCompatibilityGen.dll at Library/ScriptAssemblies/Unity.Collections.BurstCompatibilityGen.dll not valid. Loading of assembly skipped.
Assembly Unity.Collections.DocCodeSamples.dll at Library/ScriptAssemblies/Unity.Collections.DocCodeSamples.dll not valid. Loading of assembly skipped.
Assembly Unity.Collections.PerformanceTests.dll at Library/ScriptAssemblies/Unity.Collections.PerformanceTests.dll not valid. Loading of assembly skipped.
Assembly Unity.Collections.Tests.dll at Library/ScriptAssemblies/Unity.Collections.Tests.dll not valid. Loading of assembly skipped.
Assembly Unity.Collections.Tests.Playmode.dll at Library/ScriptAssemblies/Unity.Collections.Tests.Playmode.dll not valid. Loading of assembly skipped.
Assembly Unity.InputSystem.IntegrationTests.dll at Library/ScriptAssemblies/Unity.InputSystem.IntegrationTests.dll not valid. Loading of assembly skipped.
Assembly Unity.Mathematics.Tests.dll at Library/ScriptAssemblies/Unity.Mathematics.Tests.dll not valid. Loading of assembly skipped.
Assembly Unity.Multiplayer.Center.Editor.Tests.dll at Library/ScriptAssemblies/Unity.Multiplayer.Center.Editor.Tests.dll not valid. Loading of assembly skipped.
Assembly Unity.Multiplayer.Center.Tests.dll at Library/ScriptAssemblies/Unity.Multiplayer.Center.Tests.dll not valid. Loading of assembly skipped.
Assembly Unity.Nuget.Mono-Cecil.dll at Library/ScriptAssemblies/Unity.Nuget.Mono-Cecil.dll not valid. Loading of assembly skipped.
Assembly Unity.PathTracing.Editor.Tests.dll at Library/ScriptAssemblies/Unity.PathTracing.Editor.Tests.dll not valid. Loading of assembly skipped.
Assembly Unity.PathTracing.Runtime.Tests.dll at Library/ScriptAssemblies/Unity.PathTracing.Runtime.Tests.dll not valid. Loading of assembly skipped.
Assembly Unity.RenderPipelines.Core.Editor.Tests.dll at Library/ScriptAssemblies/Unity.RenderPipelines.Core.Editor.Tests.dll not valid. Loading of assembly skipped.
Assembly Unity.RenderPipelines.Core.Runtime.Tests.dll at Library/ScriptAssemblies/Unity.RenderPipelines.Core.Runtime.Tests.dll not valid. Loading of assembly skipped.
Assembly Unity.RenderPipelines.Universal.Config.Editor.Tests.dll at Library/ScriptAssemblies/Unity.RenderPipelines.Universal.Config.Editor.Tests.dll not valid. Loading of assembly skipped.
Assembly Unity.RenderPipelines.Universal.Editor.Tests.dll at Library/ScriptAssemblies/Unity.RenderPipelines.Universal.Editor.Tests.dll not valid. Loading of assembly skipped.
Assembly Unity.RenderPipelines.Universal.Runtime.Tests.dll at Library/ScriptAssemblies/Unity.RenderPipelines.Universal.Runtime.Tests.dll not valid. Loading of assembly skipped.
Assembly Unity.Searcher.EditorTests.dll at Library/ScriptAssemblies/Unity.Searcher.EditorTests.dll not valid. Loading of assembly skipped.
Assembly Unity.ShaderGraph.Editor.Tests.dll at Library/ScriptAssemblies/Unity.ShaderGraph.Editor.Tests.dll not valid. Loading of assembly skipped.
Assembly Unity.TextMeshPro.Editor.Tests.dll at Library/ScriptAssemblies/Unity.TextMeshPro.Editor.Tests.dll not valid. Loading of assembly skipped.
Assembly Unity.TextMeshPro.Tests.dll at Library/ScriptAssemblies/Unity.TextMeshPro.Tests.dll not valid. Loading of assembly skipped.
Assembly Unity.UnifiedRayTracing.Editor.Tests.dll at Library/ScriptAssemblies/Unity.UnifiedRayTracing.Editor.Tests.dll not valid. Loading of assembly skipped.
Assembly UnityEditor.UI.Common.Tests.dll at Library/ScriptAssemblies/UnityEditor.UI.Common.Tests.dll not valid. Loading of assembly skipped.
Assembly UnityEditor.UI.EditorTests.dll at Library/ScriptAssemblies/UnityEditor.UI.EditorTests.dll not valid. Loading of assembly skipped.
Assembly UnityEngine.UI.Tests.dll at Library/ScriptAssemblies/UnityEngine.UI.Tests.dll not valid. Loading of assembly skipped.
Refreshing native plugins compatible for Editor in 2.17 ms, found 5 plugins.
Native extension for WindowsStandalone target not found
Native extension for WebGL target not found
[Package Manager] Failed to launch server process. Reason: Unity was launched with the -noUpm command-line argument
[Package Manager] Unable to send message (not connected to server process).
[Package Manager] Cannot connect to Unity Package Manager local server
Refreshing native plugins compatible for Editor in 2.48 ms, found 5 plugins.
[Package Manager] Failed to launch server process. Reason: Unity was launched with the -noUpm command-line argument
[Package Manager] Unable to send message (not connected to server process).
[Package Manager] Cannot connect to Unity Package Manager local server
ScheduleIndexationOnStartup MainProcess:False IndexOnStartup:False
Mono: successfully reloaded assembly
- Finished resetting the current domain, in  1.572 seconds
Domain Reload Profiling: 18426ms
	BeginReloadAssembly (368ms)
		DisableScriptedObjects (14ms)
		CreateAndSetChildDomain (53ms)
	RebuildCommonClasses (67ms)
	RebuildNativeTypeToScriptingClass (21ms)
	initialDomainReloadingComplete (12816ms)
	LoadAllAssembliesAndSetupDomain (3581ms)
		LoadAssemblies (3248ms)
		AnalyzeDomain (550ms)
			TypeCache.Refresh (389ms)
				TypeCache.ScanAssembly (360ms)
			BuildScriptInfoCaches (132ms)
			ResolveRequiredComponents (25ms)
	FinalizeReload (1573ms)
		SetupLoadedEditorAssemblies (0ms)
			InitializePlatformSupportModulesInManaged (5ms)
			BeforeProcessingInitializeOnLoad (277ms)
			ProcessInitializeOnLoadAttributes (594ms)
			ProcessInitializeOnLoadMethodAttributes (346ms)
			AfterProcessingInitializeOnLoad (4ms)
		AwakeInstancesAfterBackupRestoration (11ms)
Launched and connected shader compiler UnityShaderCompiler.exe after 0.03 seconds
Unloading 24 Unused Serialized files (Serialized files now loaded: 0)
Unloading 7263 unused Assets / (6.4 MB). Loaded Objects now: 8089.
Memory consumption went from 159.0 MB to 152.6 MB.
Total: 14.577600 ms (FindLiveObjects: 1.470600 ms CreateObjectMapping: 0.944700 ms MarkObjects: 6.380400 ms  DeleteObjects: 5.778000 ms)

========================================================================
Received Import Request.
  Time since last request: 2484204.988784 seconds.
  path: Assets/InputSystem_Actions.inputactions
  importAddress: Guid(2bcd2660ca9b64942af0de543d8d7100) Importer(815301076,1909f56bfc062723c751e8b465ee728b)
Start importing Assets/InputSystem_Actions.inputactions using Guid(2bcd2660ca9b64942af0de543d8d7100) Importer(815301076,1909f56bfc062723c751e8b465ee728b) (PreviewImporter) -> (Import Result ID: 'cf315c56a4b7ce932e943c6a0fb452ab') in 0.0559145 seconds [static and dynamic dependencies]. Details - ImportResultOutputID=a1582856ff8fd22bbe739c97a51a978c DependenciesID=50c63c1de9c450557c984719150dbefb StaticDependenciesID=b277539724495d9983ba4377e6978d2d 
Number of updated asset objects reloaded before import = 0Number of asset objects unloaded after import = 19

========================================================================
Received Import Request.
  Time since last request: 105.322305 seconds.
  path: Assets/DefaultVolumeProfile.asset
  importAddress: Guid(3f9215ea0144899419cfbc0957140d3f) Importer(2089858483,b0f066a214c2f5e87bad3c948f4d605d)
Start importing Assets/DefaultVolumeProfile.asset using Guid(3f9215ea0144899419cfbc0957140d3f) Importer(2089858483,b0f066a214c2f5e87bad3c948f4d605d) (ScriptedImporter) -> (Import Result ID: '17435275e890c198b2acb0567cb17bb2') in 0.1413627 seconds [static and dynamic dependencies]. Details - ImportResultOutputID=e1677da76d9dfa31358610e5fc05323b DependenciesID=c719cee263e5323c78b9116333aca381 StaticDependenciesID=d50bc633a58f5d696eece60dd156fe8f 
Number of updated asset objects reloaded before import = 0Number of asset objects unloaded after import = 0

========================================================================
Received Import Request.
  Time since last request: 9.926467 seconds.
  path: Assets/UniversalRenderPipelineGlobalSettings.asset
  importAddress: Guid(93b439a37f63240aca3dd4e01d978a9f) Importer(2089858483,b0f066a214c2f5e87bad3c948f4d605d)
Start importing Assets/UniversalRenderPipelineGlobalSettings.asset using Guid(93b439a37f63240aca3dd4e01d978a9f) Importer(2089858483,b0f066a214c2f5e87bad3c948f4d605d) (ScriptedImporter) -> (Import Result ID: 'dd18e48ca007a69c6215323421424b3b') in 0.1704617 seconds [static and dynamic dependencies]. Details - ImportResultOutputID=cfff1afac1a67be2309a7775a6b55a1d DependenciesID=849f915c9958d76965f4164fc91f127a StaticDependenciesID=c90594919c793a0f4478860db7e93507 
Number of updated asset objects reloaded before import = 6Number of asset objects unloaded after import = 0

========================================================================
Received Import Request.
  Time since last request: 0.000024 seconds.
  path: Assets/Settings/Renderer2D.asset
  importAddress: Guid(424799608f7334c24bf367e4bbfa7f9a) Importer(2089858483,b0f066a214c2f5e87bad3c948f4d605d)
Start importing Assets/Settings/Renderer2D.asset using Guid(424799608f7334c24bf367e4bbfa7f9a) Importer(2089858483,b0f066a214c2f5e87bad3c948f4d605d) (ScriptedImporter) -> (Import Result ID: 'daf2b195fa23d80d6a211ba24e41892a') in 0.0865644 seconds [static and dynamic dependencies]. Details - ImportResultOutputID=cc0158795117427916ca3dbb95866b41 DependenciesID=5c4b31781b40fbb2f5ba539dc43b66c4 StaticDependenciesID=4b7b53e8c7d672203dc2d202b60d9c45 
Number of updated asset objects reloaded before import = 0Number of asset objects unloaded after import = 1

========================================================================
Received Import Request.
  Time since last request: 278.629159 seconds.
  path: Assets
  importAddress: Guid(00000000000000001000000000000000) Importer(815301076,1909f56bfc062723c751e8b465ee728b)
Start importing Assets using Guid(00000000000000001000000000000000) Importer(815301076,1909f56bfc062723c751e8b465ee728b) (PreviewImporter) -> (Import Result ID: 'ba3d99d3e6455b7d738cc313a5658c64') in 0.0007851 seconds [static and dynamic dependencies]. Details - ImportResultOutputID=a7ba422695a8aa3da15a65ed13cf7f8c DependenciesID=aacbd2d46c4ccb757ffc405dc59c5e9b StaticDependenciesID=09d262387b384c67fbae9f36a9075c34 
Number of updated asset objects reloaded before import = 0Number of asset objects unloaded after import = 0

========================================================================
Received Import Request.
  Time since last request: 6.847506 seconds.
  path: Assets/Sprites
  importAddress: Guid(5d085b188b1b9bc48bf6d51468305b44) Importer(815301076,1909f56bfc062723c751e8b465ee728b)
Start importing Assets/Sprites using Guid(5d085b188b1b9bc48bf6d51468305b44) Importer(815301076,1909f56bfc062723c751e8b465ee728b) (PreviewImporter) -> (Import Result ID: 'e465a598b3b366b50362b7ec28d4f9f8') in 0.0011331 seconds [static and dynamic dependencies]. Details - ImportResultOutputID=f38553087f1c1166893e9d07c70ded89 DependenciesID=2edd36005f48e8a9a533349c41da3bce StaticDependenciesID=9038354d9262d7b42d6eb42b46e32c1f 
Number of updated asset objects reloaded before import = 0Number of asset objects unloaded after import = 0

========================================================================
Received Import Request.
  Time since last request: 1.270116 seconds.
  path: Assets/Sprites
  importAddress: Guid(5d085b188b1b9bc48bf6d51468305b44) Importer(2089858483,b0f066a214c2f5e87bad3c948f4d605d)
Start importing Assets/Sprites using Guid(5d085b188b1b9bc48bf6d51468305b44) Importer(2089858483,b0f066a214c2f5e87bad3c948f4d605d) (ScriptedImporter) -> (Import Result ID: '66e1793ccfb817a7347b2ef8c80604e9') in 0.0125251 seconds [static and dynamic dependencies]. Details - ImportResultOutputID=1475f02043ac818a97b1829904b4f902 DependenciesID=fa59a2fb893059398f218a0af5d256e2 StaticDependenciesID=b0afe4903af66fb10a2d5f4f9c82807a 
Number of updated asset objects reloaded before import = 0Number of asset objects unloaded after import = 1

========================================================================
Received Import Request.
  Time since last request: 4.587356 seconds.
  path: Assets/Scripts
  importAddress: Guid(ffc8e1b12e24ca54988d117e3463016a) Importer(815301076,1909f56bfc062723c751e8b465ee728b)
Start importing Assets/Scripts using Guid(ffc8e1b12e24ca54988d117e3463016a) Importer(815301076,1909f56bfc062723c751e8b465ee728b) (PreviewImporter) -> (Import Result ID: 'c500c66660f37401eb7564de984270b1') in 0.0007557 seconds [static and dynamic dependencies]. Details - ImportResultOutputID=187c9db80cb9a74d4464ebcbb8b6b809 DependenciesID=b599750adf8181296d29b0b2eccf51bd StaticDependenciesID=eedbf77a3980ae509ea4778968c0c779 
Number of updated asset objects reloaded before import = 0Number of asset objects unloaded after import = 0

========================================================================
Received Import Request.
  Time since last request: 0.918037 seconds.
  path: Assets/Scripts
  importAddress: Guid(ffc8e1b12e24ca54988d117e3463016a) Importer(2089858483,b0f066a214c2f5e87bad3c948f4d605d)
Start importing Assets/Scripts using Guid(ffc8e1b12e24ca54988d117e3463016a) Importer(2089858483,b0f066a214c2f5e87bad3c948f4d605d) (ScriptedImporter) -> (Import Result ID: '74176726b3657e6bbe5ba985ca5cf29b') in 0.0112163 seconds [static and dynamic dependencies]. Details - ImportResultOutputID=2b9447596dcc46b63d91da040802b9fd DependenciesID=8fa2d9881d68ce35a4fd6f4683f803bc StaticDependenciesID=ce2e41ed5b8c9056cef092dc10b15906 
Number of updated asset objects reloaded before import = 0Number of asset objects unloaded after import = 1

========================================================================
Received Import Request.
  Time since last request: 22.081492 seconds.
  path: Assets/Sprites/Tiles
  importAddress: Guid(e7b6b19bc0893144a89b7e40c4562ba4) Importer(2089858483,b0f066a214c2f5e87bad3c948f4d605d)
Start importing Assets/Sprites/Tiles using Guid(e7b6b19bc0893144a89b7e40c4562ba4) Importer(2089858483,b0f066a214c2f5e87bad3c948f4d605d) (ScriptedImporter) -> (Import Result ID: 'a8358094bc69c94f328b00a2480f2dd8') in 0.0136675 seconds [static and dynamic dependencies]. Details - ImportResultOutputID=f91f7d9fc992e34dd0727c10c6e96601 DependenciesID=70641f39a549f0274ec736727b1642e2 StaticDependenciesID=efbd448c3ed3952b4c12e276a7806a64 
Number of updated asset objects reloaded before import = 0Number of asset objects unloaded after import = 1

========================================================================
Received Import Request.
  Time since last request: 0.000025 seconds.
  path: Assets/Sprites/Environment/fenceYellow.png
  importAddress: Guid(244d2ab6b3978a94ba465f0a72f9225c) Importer(2089858483,b0f066a214c2f5e87bad3c948f4d605d)
Start importing Assets/Sprites/Environment/fenceYellow.png using Guid(244d2ab6b3978a94ba465f0a72f9225c) Importer(2089858483,b0f066a214c2f5e87bad3c948f4d605d) (ScriptedImporter) -> (Import Result ID: '73bd71a81c85d8b375fe11da92426499') in 0.0783837 seconds [static and dynamic dependencies]. Details - ImportResultOutputID=b7f3781d552d89ed50886246175c9c94 DependenciesID=4509aa0a34ef88ee9fb8772c16cc6e09 StaticDependenciesID=9056e308689de96e5bae05140261267c 
Number of updated asset objects reloaded before import = 0Number of asset objects unloaded after import = 3

========================================================================
Received Import Request.
  Time since last request: 0.000028 seconds.
  path: Assets/Sprites/Tanks/tankBody_darkLarge_outline.png
  importAddress: Guid(ba5dde234735f1243ac980089b87d75e) Importer(2089858483,b0f066a214c2f5e87bad3c948f4d605d)
Start importing Assets/Sprites/Tanks/tankBody_darkLarge_outline.png using Guid(ba5dde234735f1243ac980089b87d75e) Importer(2089858483,b0f066a214c2f5e87bad3c948f4d605d) (ScriptedImporter) -> (Import Result ID: 'd1251b34ce39a0f95bbacf69c99d32a2') in 0.0220449 seconds [static and dynamic dependencies]. Details - ImportResultOutputID=70532e4c454d4748198b93bea48e381f DependenciesID=16bbd9e4c90931598885b4c94a243a5c StaticDependenciesID=e207299770053868db71bc34ede30df6 
Number of updated asset objects reloaded before import = 0Number of asset objects unloaded after import = 3

========================================================================
Received Import Request.
  Time since last request: 0.000022 seconds.
  path: Assets/Sprites/Tiles/towerDefense_tile015.png
  importAddress: Guid(e738f24a1602dfa4380d8084da9fb87a) Importer(2089858483,b0f066a214c2f5e87bad3c948f4d605d)
Start importing Assets/Sprites/Tiles/towerDefense_tile015.png using Guid(e738f24a1602dfa4380d8084da9fb87a) Importer(2089858483,b0f066a214c2f5e87bad3c948f4d605d) (ScriptedImporter) -> (Import Result ID: '9cd2aaa5931f2e70a66e00a7933e2a7e') in 0.0195998 seconds [static and dynamic dependencies]. Details - ImportResultOutputID=732f513860a8c71c02854ab44a14848b DependenciesID=e0ec771f65e5de685a3aea37c1377e94 StaticDependenciesID=4235863cd5f3570f3895b08a1b68ee84 
Number of updated asset objects reloaded before import = 0Number of asset objects unloaded after import = 3

========================================================================
Received Import Request.
  Time since last request: 0.000019 seconds.
  path: Assets/Sprites/Environment/bulletGreen2_outline.png
  importAddress: Guid(c8b842e94d19647499ff0a5ec45fc94c) Importer(2089858483,b0f066a214c2f5e87bad3c948f4d605d)
Start importing Assets/Sprites/Environment/bulletGreen2_outline.png using Guid(c8b842e94d19647499ff0a5ec45fc94c) Importer(2089858483,b0f066a214c2f5e87bad3c948f4d605d) (ScriptedImporter) -> (Import Result ID: '8369db7f5c4dab835f44e5d0d7bc633c') in 0.0183917 seconds [static and dynamic dependencies]. Details - ImportResultOutputID=7b47bcc71fb9ef867338360f4c6c75be DependenciesID=bfe9fed058d34bacaab9e04d110084d3 StaticDependenciesID=e7ba32680cd46df010e22d0922085591 
Number of updated asset objects reloaded before import = 0Number of asset objects unloaded after import = 3

========================================================================
Received Import Request.
  Time since last request: 0.000017 seconds.
  path: Assets/Sprites/Environment
  importAddress: Guid(f6885b2603478bc48b8236567ada31ed) Importer(2089858483,b0f066a214c2f5e87bad3c948f4d605d)
Start importing Assets/Sprites/Environment using Guid(f6885b2603478bc48b8236567ada31ed) Importer(2089858483,b0f066a214c2f5e87bad3c948f4d605d) (ScriptedImporter) -> (Import Result ID: '21c5272f0105d62be78093cb3e2188e6') in 0.013014 seconds [static and dynamic dependencies]. Details - ImportResultOutputID=a36b7be873b605fbbaa1297e4fb2eb31 DependenciesID=3653465416cb262c36bd5a2041e62784 StaticDependenciesID=8afc2897b265c9dc6863c6866e4c6cac 
Number of updated asset objects reloaded before import = 0Number of asset objects unloaded after import = 1

========================================================================
Received Import Request.
  Time since last request: 0.000031 seconds.
  path: Assets/Sprites/Environment/bulletBlue3_outline.png
  importAddress: Guid(277973bb6a3ac954eb22ebd2ca079fcf) Importer(2089858483,b0f066a214c2f5e87bad3c948f4d605d)
Start importing Assets/Sprites/Environment/bulletBlue3_outline.png using Guid(277973bb6a3ac954eb22ebd2ca079fcf) Importer(2089858483,b0f066a214c2f5e87bad3c948f4d605d) (ScriptedImporter) -> (Import Result ID: '1afdb22a5b22ab4064b50b8fb40aee25') in 0.0173025 seconds [static and dynamic dependencies]. Details - ImportResultOutputID=2b0cbec5c0fbb44915f2b2b670bf6e37 DependenciesID=63dac80280852c67da138e14828869c3 StaticDependenciesID=aeaf8efb58c7435ce6947f24f59b4434 
Number of updated asset objects reloaded before import = 0Number of asset objects unloaded after import = 3

========================================================================
Received Import Request.
  Time since last request: 0.000031 seconds.
  path: Assets/Sprites/Tanks/specialBarrel6_outline.png
  importAddress: Guid(54e845383a2508840ba3129a07970b90) Importer(2089858483,b0f066a214c2f5e87bad3c948f4d605d)
Start importing Assets/Sprites/Tanks/specialBarrel6_outline.png using Guid(54e845383a2508840ba3129a07970b90) Importer(2089858483,b0f066a214c2f5e87bad3c948f4d605d) (ScriptedImporter) -> (Import Result ID: 'c1720106a480de1fe09bb04626f64d33') in 0.0175489 seconds [static and dynamic dependencies]. Details - ImportResultOutputID=ee78c3747e5c5faf79b4a6b878189065 DependenciesID=7fa418ae760b1b774cffd096422d0c36 StaticDependenciesID=a7824d099c43ee327dc3b00e1e85e636 
Number of updated asset objects reloaded before import = 0Number of asset objects unloaded after import = 3

========================================================================
Received Import Request.
  Time since last request: 0.000020 seconds.
  path: Assets/Sprites/Environment/bulletGreen2.png
  importAddress: Guid(7472c4f8967d5b14e8e84cdad076ba14) Importer(2089858483,b0f066a214c2f5e87bad3c948f4d605d)
Start importing Assets/Sprites/Environment/bulletGreen2.png using Guid(7472c4f8967d5b14e8e84cdad076ba14) Importer(2089858483,b0f066a214c2f5e87bad3c948f4d605d) (ScriptedImporter) -> (Import Result ID: '5d2e9af733b07175a9a49290348659df') in 0.0217267 seconds [static and dynamic dependencies]. Details - ImportResultOutputID=8624baf8db90c04f9c8945cddf89ef8d DependenciesID=37d2a364fe33b03dccdd9087b300a7a6 StaticDependenciesID=cc87baa2f96aa35a17270dfa7e5212e1 
Number of updated asset objects reloaded before import = 0Number of asset objects unloaded after import = 3

========================================================================
Received Import Request.
  Time since last request: 0.000027 seconds.
  path: Assets/Sprites/Environment/treeGreen_leaf.png
  importAddress: Guid(a7c434ccda253a54cadaddadce5c9247) Importer(2089858483,b0f066a214c2f5e87bad3c948f4d605d)
Start importing Assets/Sprites/Environment/treeGreen_leaf.png using Guid(a7c434ccda253a54cadaddadce5c9247) Importer(2089858483,b0f066a214c2f5e87bad3c948f4d605d) (ScriptedImporter) -> (Import Result ID: '00a8035ec956db6cb6529d3e24d494ae') in 0.023051 seconds [static and dynamic dependencies]. Details - ImportResultOutputID=aa155d5866d9cc9aa272031e7a0d1513 DependenciesID=f34e2148db4de46255c36db487766d2d StaticDependenciesID=b5ae6b24238bef3414219a849cb398a4 
Number of updated asset objects reloaded before import = 0Number of asset objects unloaded after import = 3

========================================================================
Received Import Request.
  Time since last request: 0.000027 seconds.
  path: Assets/Sprites/Environment/bulletRed2_outline.png
  importAddress: Guid(13d9de3acefd11144858ce5d3d537d18) Importer(2089858483,b0f066a214c2f5e87bad3c948f4d605d)
Start importing Assets/Sprites/Environment/bulletRed2_outline.png using Guid(13d9de3acefd11144858ce5d3d537d18) Importer(2089858483,b0f066a214c2f5e87bad3c948f4d605d) (ScriptedImporter) -> (Import Result ID: '3579833414939ae8c7ee588a65217b3f') in 0.0171734 seconds [static and dynamic dependencies]. Details - ImportResultOutputID=876827dc3239ade9ae5600c645f9c5e2 DependenciesID=60a66517a6cbeb5281ab5877767d70dc StaticDependenciesID=22cd0171de22f41590c707245714a336 
Number of updated asset objects reloaded before import = 0Number of asset objects unloaded after import = 3

========================================================================
Received Import Request.
  Time since last request: 0.000033 seconds.
  path: Assets/Sprites/Environment/treeGreen_large.png
  importAddress: Guid(8d91792ccf57f0a41b8097bbb6eadd84) Importer(2089858483,b0f066a214c2f5e87bad3c948f4d605d)
Start importing Assets/Sprites/Environment/treeGreen_large.png using Guid(8d91792ccf57f0a41b8097bbb6eadd84) Importer(2089858483,b0f066a214c2f5e87bad3c948f4d605d) (ScriptedImporter) -> (Import Result ID: '1c300ffe9f8ac07dcecdd40746d47ae4') in 0.0178087 seconds [static and dynamic dependencies]. Details - ImportResultOutputID=cf2aafa9498a1715a8241c1817f64008 DependenciesID=9501860b2058a7141778d03e6fc3f7a1 StaticDependenciesID=06d47e7c15b6d924073ad6ea96dde109 
Number of updated asset objects reloaded before import = 0Number of asset objects unloaded after import = 3

========================================================================
Received Import Request.
  Time since last request: 0.000033 seconds.
  path: Assets/Sprites/Tiles/tileGrass2.png
  importAddress: Guid(c91a06c2a3860fa4a9ddd1705e36fa18) Importer(2089858483,b0f066a214c2f5e87bad3c948f4d605d)
Start importing Assets/Sprites/Tiles/tileGrass2.png using Guid(c91a06c2a3860fa4a9ddd1705e36fa18) Importer(2089858483,b0f066a214c2f5e87bad3c948f4d605d) (ScriptedImporter) -> (Import Result ID: 'ff599a9d14a6ba6e8e54100753e231a6') in 0.0229476 seconds [static and dynamic dependencies]. Details - ImportResultOutputID=0a1872933b9f48e5865e1df1f3cef783 DependenciesID=f13994cc7a5887168fab3a65feeee841 StaticDependenciesID=b48a95220a87244f2dc62b5c072285e1 
Number of updated asset objects reloaded before import = 0Number of asset objects unloaded after import = 3

========================================================================
Received Import Request.
  Time since last request: 0.000016 seconds.
  path: Assets/Sprites/Tanks/tankRed_barrel3_outline.png
  importAddress: Guid(3d88cabd2f2d8a044b28f8d7f9626560) Importer(2089858483,b0f066a214c2f5e87bad3c948f4d605d)
Start importing Assets/Sprites/Tanks/tankRed_barrel3_outline.png using Guid(3d88cabd2f2d8a044b28f8d7f9626560) Importer(2089858483,b0f066a214c2f5e87bad3c948f4d605d) (ScriptedImporter) -> (Import Result ID: 'ec09bcaa12a86dde84c28f692d9c5bcd') in 0.0233985 seconds [static and dynamic dependencies]. Details - ImportResultOutputID=41677b4d35b55c30c68c4a7b4c51c816 DependenciesID=6d3264892ee07d99231823db5ae8484b StaticDependenciesID=fa0850f35e1e6d00cb461086f5e4c6f4 
Number of updated asset objects reloaded before import = 0Number of asset objects unloaded after import = 3

========================================================================
Received Import Request.
  Time since last request: 0.000028 seconds.
  path: Assets/Sprites/Tiles/tileGrass_transitionE.png
  importAddress: Guid(7f10c117265c07642a93335db80fb522) Importer(2089858483,b0f066a214c2f5e87bad3c948f4d605d)
Start importing Assets/Sprites/Tiles/tileGrass_transitionE.png using Guid(7f10c117265c07642a93335db80fb522) Importer(2089858483,b0f066a214c2f5e87bad3c948f4d605d) (ScriptedImporter) -> (Import Result ID: '72b25353289b86a9fce5f34202dc693d') in 0.0183229 seconds [static and dynamic dependencies]. Details - ImportResultOutputID=c0b9f3f29851ee07abb9e70038fc78b3 DependenciesID=9338f1012e90e19ef665a313afa0a2fd StaticDependenciesID=21e8691639f1d86a84e63fead5db6ba6 
Number of updated asset objects reloaded before import = 0Number of asset objects unloaded after import = 3

========================================================================
Received Import Request.
  Time since last request: 0.000020 seconds.
  path: Assets/Sprites/Environment/bulletBlue2_outline.png
  importAddress: Guid(fed417a222bce394a9b898ddb61e6dda) Importer(2089858483,b0f066a214c2f5e87bad3c948f4d605d)
Start importing Assets/Sprites/Environment/bulletBlue2_outline.png using Guid(fed417a222bce394a9b898ddb61e6dda) Importer(2089858483,b0f066a214c2f5e87bad3c948f4d605d) (ScriptedImporter) -> (Import Result ID: 'cd3749b332f11ac8f874a69a3f154ce0') in 0.0167113 seconds [static and dynamic dependencies]. Details - ImportResultOutputID=fbc1a5a68af3b50bedc260fb76c319e8 DependenciesID=bf9a925281e9473b6a380a9bced43a84 StaticDependenciesID=6bc389f242c21e0b7e2055d57e78de34 
Number of updated asset objects reloaded before import = 0Number of asset objects unloaded after import = 3

========================================================================
Received Import Request.
  Time since last request: 0.000026 seconds.
  path: Assets/Sprites/Tiles/tileSand_roadSplitW.png
  importAddress: Guid(bc5afabd533a71a4594f153919f597f8) Importer(2089858483,b0f066a214c2f5e87bad3c948f4d605d)
Start importing Assets/Sprites/Tiles/tileSand_roadSplitW.png using Guid(bc5afabd533a71a4594f153919f597f8) Importer(2089858483,b0f066a214c2f5e87bad3c948f4d605d) (ScriptedImporter) -> (Import Result ID: 'cf3cfcfa1bdc2ac8067d807791784cf1') in 0.0237174 seconds [static and dynamic dependencies]. Details - ImportResultOutputID=e73be2802599fec7a86bc6fa2e237747 DependenciesID=29a13ee819bd1378f552c31e487ff0f8 StaticDependenciesID=8af06548774c4d23b960fe3121b1aa26 
Number of updated asset objects reloaded before import = 0Number of asset objects unloaded after import = 3

========================================================================
Received Import Request.
  Time since last request: 0.000037 seconds.
  path: Assets/Sprites/Tiles/tileSand2.png
  importAddress: Guid(9859d09b6fc9bfa4688133f756096308) Importer(2089858483,b0f066a214c2f5e87bad3c948f4d605d)
Start importing Assets/Sprites/Tiles/tileSand2.png using Guid(9859d09b6fc9bfa4688133f756096308) Importer(2089858483,b0f066a214c2f5e87bad3c948f4d605d) (ScriptedImporter) -> (Import Result ID: '023c363a847e8c11ce95554af6af526c') in 0.0186381 seconds [static and dynamic dependencies]. Details - ImportResultOutputID=0dc7688c05982b85ab662fe3c5bd8479 DependenciesID=17338b4786d66bc2a0c78ba7d40f8f7e StaticDependenciesID=ec231f9a882ad29bb59c5c9a0a2fcf82 
Number of updated asset objects reloaded before import = 0Number of asset objects unloaded after import = 3

========================================================================
Received Import Request.
  Time since last request: 0.000016 seconds.
  path: Assets/Sprites/Environment/barrelBlack_side.png
  importAddress: Guid(0e71f05ba05775b468fa6a33d8a2de90) Importer(2089858483,b0f066a214c2f5e87bad3c948f4d605d)
Start importing Assets/Sprites/Environment/barrelBlack_side.png using Guid(0e71f05ba05775b468fa6a33d8a2de90) Importer(2089858483,b0f066a214c2f5e87bad3c948f4d605d) (ScriptedImporter) -> (Import Result ID: '8836a346742d875a676db0b2ff09df25') in 0.0189966 seconds [static and dynamic dependencies]. Details - ImportResultOutputID=a1625bd52af2a64cca44274696f2088f DependenciesID=e5ef7dd0abc15425cd515fc25ef681ea StaticDependenciesID=d2de563923a7c76bfcd3f0ab3531f465 
Number of updated asset objects reloaded before import = 0Number of asset objects unloaded after import = 3

========================================================================
Received Import Request.
  Time since last request: 0.000019 seconds.
  path: Assets/Sprites/Environment/bulletSand2_outline.png
  importAddress: Guid(1275aa92f03ca7c4b9c796f5be480a28) Importer(2089858483,b0f066a214c2f5e87bad3c948f4d605d)
Start importing Assets/Sprites/Environment/bulletSand2_outline.png using Guid(1275aa92f03ca7c4b9c796f5be480a28) Importer(2089858483,b0f066a214c2f5e87bad3c948f4d605d) (ScriptedImporter) -> (Import Result ID: '7b670e10344d6f626848e76baaab68c5') in 0.0181777 seconds [static and dynamic dependencies]. Details - ImportResultOutputID=10194f0cf6aa7e485a115b5f68ea7238 DependenciesID=72d6b742fd32544d03aa361b0042abbb StaticDependenciesID=defccbd31c75e5b14cdc44225a952b09 
Number of updated asset objects reloaded before import = 0Number of asset objects unloaded after import = 3

========================================================================
Received Import Request.
  Time since last request: 0.000025 seconds.
  path: Assets/Sprites/Tanks/tankDark_barrel1_outline.png
  importAddress: Guid(2ff0dd33de3335e4aba17bee0ffbbe53) Importer(2089858483,b0f066a214c2f5e87bad3c948f4d605d)
Start importing Assets/Sprites/Tanks/tankDark_barrel1_outline.png using Guid(2ff0dd33de3335e4aba17bee0ffbbe53) Importer(2089858483,b0f066a214c2f5e87bad3c948f4d605d) (ScriptedImporter) -> (Import Result ID: '844df10d46eb109b275cb01aada92b3b') in 0.0246288 seconds [static and dynamic dependencies]. Details - ImportResultOutputID=33983b81d9eefa428d76fbd7598a45ef DependenciesID=a0d84b10d25b07e33312203fb620b469 StaticDependenciesID=3c2b3ce34f3101054c65fb41858d5d48 
Number of updated asset objects reloaded before import = 0Number of asset objects unloaded after import = 3

========================================================================
Received Import Request.
  Time since last request: 0.000021 seconds.
  path: Assets/Sprites/Tiles/tileGrass_roadTransitionW.png
  importAddress: Guid(b7c4bf520509f50488e7ca4513b2c341) Importer(2089858483,b0f066a214c2f5e87bad3c948f4d605d)
Start importing Assets/Sprites/Tiles/tileGrass_roadTransitionW.png using Guid(b7c4bf520509f50488e7ca4513b2c341) Importer(2089858483,b0f066a214c2f5e87bad3c948f4d605d) (ScriptedImporter) -> (Import Result ID: 'a1c8a3cd82edc3a0340c17dd980af116') in 0.0276648 seconds [static and dynamic dependencies]. Details - ImportResultOutputID=f39339b93d2d3069073de15a48c7221c DependenciesID=82fdd10fb54a1f4405c452a95a9296be StaticDependenciesID=b648eacef41d3c88a41dc36196ff02e3 
Number of updated asset objects reloaded before import = 0Number of asset objects unloaded after import = 3

========================================================================
Received Import Request.
  Time since last request: 0.000049 seconds.
  path: Assets/Sprites/Tiles/tileGrass_transitionS.png
  importAddress: Guid(b4f7b2676e3c3084abb507a937ffd378) Importer(2089858483,b0f066a214c2f5e87bad3c948f4d605d)
Start importing Assets/Sprites/Tiles/tileGrass_transitionS.png using Guid(b4f7b2676e3c3084abb507a937ffd378) Importer(2089858483,b0f066a214c2f5e87bad3c948f4d605d) (ScriptedImporter) -> (Import Result ID: '92eecd49c150d529978e4663d4d6f7a5') in 0.0167685 seconds [static and dynamic dependencies]. Details - ImportResultOutputID=65eaf1e94c9c26d22109c6f5f1d4c1b4 DependenciesID=e8afbfd68017fdd669c5320cb94b35c2 StaticDependenciesID=fe80d3b9ca2726d885d4d2b2d9785686 
Number of updated asset objects reloaded before import = 0Number of asset objects unloaded after import = 3

========================================================================
Received Import Request.
  Time since last request: 0.000021 seconds.
  path: Assets/Sprites/Environment/crateMetal_side.png
  importAddress: Guid(0bd0aaff6e41b1d448cee4afa0bd18af) Importer(2089858483,b0f066a214c2f5e87bad3c948f4d605d)
Start importing Assets/Sprites/Environment/crateMetal_side.png using Guid(0bd0aaff6e41b1d448cee4afa0bd18af) Importer(2089858483,b0f066a214c2f5e87bad3c948f4d605d) (ScriptedImporter) -> (Import Result ID: '99347f45cb3f9f490e7f23d86629a998') in 0.0199079 seconds [static and dynamic dependencies]. Details - ImportResultOutputID=d95882dcb50cdad4ca7095882475af39 DependenciesID=54abcb9e5cbbabd674cf3be20f75047f StaticDependenciesID=3c9e5977a84b4d8311a3df27f14a8a1d 
Number of updated asset objects reloaded before import = 0Number of asset objects unloaded after import = 3

========================================================================
Received Import Request.
  Time since last request: 0.000020 seconds.
  path: Assets/Sprites/Tanks/tankBody_sand_outline.png
  importAddress: Guid(c984589c8df9fa54fa764346b673f519) Importer(2089858483,b0f066a214c2f5e87bad3c948f4d605d)
Start importing Assets/Sprites/Tanks/tankBody_sand_outline.png using Guid(c984589c8df9fa54fa764346b673f519) Importer(2089858483,b0f066a214c2f5e87bad3c948f4d605d) (ScriptedImporter) -> (Import Result ID: '6af42c289e1385859914b3ef688210b5') in 0.0243613 seconds [static and dynamic dependencies]. Details - ImportResultOutputID=f67f35851f3199c1ddfc209755f08d6a DependenciesID=c6ca605632b2099d08b120cd51c58c94 StaticDependenciesID=455f129a109d6d740b86e2c3109e52b0 
Number of updated asset objects reloaded before import = 0Number of asset objects unloaded after import = 3

========================================================================
Received Import Request.
  Time since last request: 0.000018 seconds.
  path: Assets/Sprites/Tanks/shotOrange.png
  importAddress: Guid(3f49d0d5cd7031e488140497376ece2c) Importer(2089858483,b0f066a214c2f5e87bad3c948f4d605d)
Start importing Assets/Sprites/Tanks/shotOrange.png using Guid(3f49d0d5cd7031e488140497376ece2c) Importer(2089858483,b0f066a214c2f5e87bad3c948f4d605d) (ScriptedImporter) -> (Import Result ID: '24724c1f7140d40cc2c92f97726c5e4b') in 0.0191233 seconds [static and dynamic dependencies]. Details - ImportResultOutputID=32df45a30d892fc1af4ec03c3909b020 DependenciesID=c83b6ea58cb580a5d398fb2d0323d708 StaticDependenciesID=433e2c98cd935d2ca2a7dd44f599cb87 
Number of updated asset objects reloaded before import = 0Number of asset objects unloaded after import = 3

========================================================================
Received Import Request.
  Time since last request: 0.000022 seconds.
  path: Assets/Sprites/Tanks/tankBlue_barrel1_outline.png
  importAddress: Guid(0c0c29866667ca34794b811b8f8cbc78) Importer(2089858483,b0f066a214c2f5e87bad3c948f4d605d)
Start importing Assets/Sprites/Tanks/tankBlue_barrel1_outline.png using Guid(0c0c29866667ca34794b811b8f8cbc78) Importer(2089858483,b0f066a214c2f5e87bad3c948f4d605d) (ScriptedImporter) -> (Import Result ID: '0381cf5abd15727a4bece62bbbf94ae6') in 0.0287336 seconds [static and dynamic dependencies]. Details - ImportResultOutputID=38eaa74fedd830c45f657331080dbadd DependenciesID=1b06fff42b166972f8776ce73fb5428a StaticDependenciesID=da154baeb4545e85d206269b4b0921e3 
Number of updated asset objects reloaded before import = 0Number of asset objects unloaded after import = 3

========================================================================
Received Import Request.
  Time since last request: 0.000036 seconds.
  path: Assets/Sprites/Tanks/tankDark_barrel2_outline.png
  importAddress: Guid(7bc1cac540f5f1645b436c72a8d49f19) Importer(2089858483,b0f066a214c2f5e87bad3c948f4d605d)
Start importing Assets/Sprites/Tanks/tankDark_barrel2_outline.png using Guid(7bc1cac540f5f1645b436c72a8d49f19) Importer(2089858483,b0f066a214c2f5e87bad3c948f4d605d) (ScriptedImporter) -> (Import Result ID: '1d74c384e1b23076adb2ff86e4771faa') in 0.0165271 seconds [static and dynamic dependencies]. Details - ImportResultOutputID=b23eda92994f7f737ef479dee9cc632c DependenciesID=940d4e0bf0b09c96c5afaaaba3f93da3 StaticDependenciesID=980731050fae8d72d27dc94f9f42c279 
Number of updated asset objects reloaded before import = 0Number of asset objects unloaded after import = 3

========================================================================
Received Import Request.
  Time since last request: 0.000018 seconds.
  path: Assets/Sprites/Tiles/tileGrass_roadTransitionS.png
  importAddress: Guid(c96b0367ce944174e932d3a433f38faf) Importer(2089858483,b0f066a214c2f5e87bad3c948f4d605d)
Start importing Assets/Sprites/Tiles/tileGrass_roadTransitionS.png using Guid(c96b0367ce944174e932d3a433f38faf) Importer(2089858483,b0f066a214c2f5e87bad3c948f4d605d) (ScriptedImporter) -> (Import Result ID: '183b536624babd91b3e609ed0361d8f1') in 0.016214 seconds [static and dynamic dependencies]. Details - ImportResultOutputID=e4f4f635e9015b5a8a77bf86326246a5 DependenciesID=b852e97c62ac378fd2779fbe7205a65e StaticDependenciesID=f5fa88796ba976e5fb61e510a19f57ec 
Number of updated asset objects reloaded before import = 0Number of asset objects unloaded after import = 3

========================================================================
Received Import Request.
  Time since last request: 0.000021 seconds.
  path: Assets/Sprites/Environment/barrelRust_top.png
  importAddress: Guid(7d00cbb5485d3534fa863e322771b0b2) Importer(2089858483,b0f066a214c2f5e87bad3c948f4d605d)
Start importing Assets/Sprites/Environment/barrelRust_top.png using Guid(7d00cbb5485d3534fa863e322771b0b2) Importer(2089858483,b0f066a214c2f5e87bad3c948f4d605d) (ScriptedImporter) -> (Import Result ID: '50721d0795788e24c09f915fd16f3056') in 0.0185594 seconds [static and dynamic dependencies]. Details - ImportResultOutputID=4b9a5bae7aea9a9f9266cea5343fba9c DependenciesID=5086ec57c56307b52741c8624c6f0c6a StaticDependenciesID=aeeeab92d297ce39001e570b99bb0740 
Number of updated asset objects reloaded before import = 0Number of asset objects unloaded after import = 3

========================================================================
Received Import Request.
  Time since last request: 0.000021 seconds.
  path: Assets/Sprites/Tanks/tankGreen_barrel3_outline.png
  importAddress: Guid(0e33926e25d05f64895ad46bc27e6c57) Importer(2089858483,b0f066a214c2f5e87bad3c948f4d605d)
Start importing Assets/Sprites/Tanks/tankGreen_barrel3_outline.png using Guid(0e33926e25d05f64895ad46bc27e6c57) Importer(2089858483,b0f066a214c2f5e87bad3c948f4d605d) (ScriptedImporter) -> (Import Result ID: '1a16414dfb2751bc46546f7d4de30865') in 0.0197672 seconds [static and dynamic dependencies]. Details - ImportResultOutputID=c08265d4ddfc9e4c47929048285b6fd1 DependenciesID=18173aab6e076b20575bde1585e590e6 StaticDependenciesID=a44fe6de2816c4c5622ad53f327b6245 
Number of updated asset objects reloaded before import = 0Number of asset objects unloaded after import = 3

========================================================================
Received Import Request.
  Time since last request: 0.000024 seconds.
  path: Assets/Sprites/Environment/fenceRed.png
  importAddress: Guid(3ab4ad111a24e33418c8cef1887e0d77) Importer(2089858483,b0f066a214c2f5e87bad3c948f4d605d)
Start importing Assets/Sprites/Environment/fenceRed.png using Guid(3ab4ad111a24e33418c8cef1887e0d77) Importer(2089858483,b0f066a214c2f5e87bad3c948f4d605d) (ScriptedImporter) -> (Import Result ID: '7ba944148902329c3a10a5d0448bd74e') in 0.0304427 seconds [static and dynamic dependencies]. Details - ImportResultOutputID=b2f2128979838bac2be7fca5e6e804dd DependenciesID=4dc70b5ac646afd5d0b026dd7d8a3075 StaticDependenciesID=aed112201bd43cb27e7f72d3c3949297 
Number of updated asset objects reloaded before import = 0Number of asset objects unloaded after import = 3

========================================================================
Received Import Request.
  Time since last request: 0.000031 seconds.
  path: Assets/Sprites/Tiles/tileGrass_transitionN.png
  importAddress: Guid(8c132ced988313d45927cafe297ec330) Importer(2089858483,b0f066a214c2f5e87bad3c948f4d605d)
Start importing Assets/Sprites/Tiles/tileGrass_transitionN.png using Guid(8c132ced988313d45927cafe297ec330) Importer(2089858483,b0f066a214c2f5e87bad3c948f4d605d) (ScriptedImporter) -> (Import Result ID: '4be7dbc54a2da5ec8caed6de3db442be') in 0.0178885 seconds [static and dynamic dependencies]. Details - ImportResultOutputID=9be55b834f868ab4f5f2c50ef5f6fa2c DependenciesID=1b510bd1ca6b079ca6c58712f3e4510b StaticDependenciesID=9efd75214efad48db59ade5831fdced1 
Number of updated asset objects reloaded before import = 0Number of asset objects unloaded after import = 3

========================================================================
Received Import Request.
  Time since last request: 0.000030 seconds.
  path: Assets/Sprites/Tanks/tankRed_barrel1_outline.png
  importAddress: Guid(c59c472b7f8a1d741bfb1eef186ed532) Importer(2089858483,b0f066a214c2f5e87bad3c948f4d605d)
Start importing Assets/Sprites/Tanks/tankRed_barrel1_outline.png using Guid(c59c472b7f8a1d741bfb1eef186ed532) Importer(2089858483,b0f066a214c2f5e87bad3c948f4d605d) (ScriptedImporter) -> (Import Result ID: '76351b70304fccc571f0156d844ccf45') in 0.0201183 seconds [static and dynamic dependencies]. Details - ImportResultOutputID=285a325d9c6d4a24ce4727859aec830a DependenciesID=aebef417832145353db8b1290f7855a5 StaticDependenciesID=b71ce85f3adb3a6b8dab883fa2b3fe56 
Number of updated asset objects reloaded before import = 0Number of asset objects unloaded after import = 3

========================================================================
Received Import Request.
  Time since last request: 0.000043 seconds.
  path: Assets/Sprites/Environment/bulletGreen1.png
  importAddress: Guid(6430e53407107454d8b770db664e9761) Importer(2089858483,b0f066a214c2f5e87bad3c948f4d605d)
Start importing Assets/Sprites/Environment/bulletGreen1.png using Guid(6430e53407107454d8b770db664e9761) Importer(2089858483,b0f066a214c2f5e87bad3c948f4d605d) (ScriptedImporter) -> (Import Result ID: '25445dca63d44c5eb6b236a6a736b744') in 0.0230727 seconds [static and dynamic dependencies]. Details - ImportResultOutputID=bcfe21be8c0884b55b95f1a4629f7981 DependenciesID=d76d03359d02dce02515ba5372138e34 StaticDependenciesID=d9c256154a30fdd4d456ca481f4a4319 
Number of updated asset objects reloaded before import = 0Number of asset objects unloaded after import = 3

========================================================================
Received Import Request.
  Time since last request: 0.000029 seconds.
  path: Assets/Sprites/Tiles/tileGrass_roadCornerUL.png
  importAddress: Guid(4faa0e66d5bb2b44096b91d6be5a587f) Importer(2089858483,b0f066a214c2f5e87bad3c948f4d605d)
Start importing Assets/Sprites/Tiles/tileGrass_roadCornerUL.png using Guid(4faa0e66d5bb2b44096b91d6be5a587f) Importer(2089858483,b0f066a214c2f5e87bad3c948f4d605d) (ScriptedImporter) -> (Import Result ID: '625c49954515fdeb3c4e6c20676b68bc') in 0.0181885 seconds [static and dynamic dependencies]. Details - ImportResultOutputID=9cb7fcbf29e5f2562846f10e32809412 DependenciesID=2043478ae6e121f2a7adc1b98e79acda StaticDependenciesID=f80ecb2cb5e0d3ae88f7f5849dbd17b8 
Number of updated asset objects reloaded before import = 0Number of asset objects unloaded after import = 3

========================================================================
Received Import Request.
  Time since last request: 0.000024 seconds.
  path: Assets/Sprites/Tiles/towerDefense_tile016.png
  importAddress: Guid(d0b0f5211700d4048b02937fb264821e) Importer(2089858483,b0f066a214c2f5e87bad3c948f4d605d)
Start importing Assets/Sprites/Tiles/towerDefense_tile016.png using Guid(d0b0f5211700d4048b02937fb264821e) Importer(2089858483,b0f066a214c2f5e87bad3c948f4d605d) (ScriptedImporter) -> (Import Result ID: '59f8b6067302e646a2c77ba66bafd67a') in 0.0183122 seconds [static and dynamic dependencies]. Details - ImportResultOutputID=4182670ad426aa3f224e08a7d606c2ef DependenciesID=faa9e75ba7163723dde1d0d90154280f StaticDependenciesID=99db8fbbc368715d93f9cd41d183e9cc 
Number of updated asset objects reloaded before import = 0Number of asset objects unloaded after import = 3

========================================================================
Received Import Request.
  Time since last request: 0.000032 seconds.
  path: Assets/Sprites/explosion3.png
  importAddress: Guid(297a8d7681e8d004f86255ade3564bac) Importer(2089858483,b0f066a214c2f5e87bad3c948f4d605d)
Start importing Assets/Sprites/explosion3.png using Guid(297a8d7681e8d004f86255ade3564bac) Importer(2089858483,b0f066a214c2f5e87bad3c948f4d605d) (ScriptedImporter) -> (Import Result ID: 'd6a2d36c32a07a60e5503b82831f7e07') in 0.0179011 seconds [static and dynamic dependencies]. Details - ImportResultOutputID=81700674b4a141a175bf0fe3dad463ce DependenciesID=1efd653ed580d8175b83657e8065698a StaticDependenciesID=77a472d1efa5a0db5549609500b0c95f 
Number of updated asset objects reloaded before import = 0Number of asset objects unloaded after import = 3

========================================================================
Received Import Request.
  Time since last request: 0.000017 seconds.
  path: Assets/Sprites/Environment/barrelRust_side.png
  importAddress: Guid(ab5fdff71515f2f4687d32cc87a076b1) Importer(2089858483,b0f066a214c2f5e87bad3c948f4d605d)
Start importing Assets/Sprites/Environment/barrelRust_side.png using Guid(ab5fdff71515f2f4687d32cc87a076b1) Importer(2089858483,b0f066a214c2f5e87bad3c948f4d605d) (ScriptedImporter) -> (Import Result ID: 'e994fd1404fc7c30484f8d9b0d5143a7') in 0.0177631 seconds [static and dynamic dependencies]. Details - ImportResultOutputID=a06358e7db88fcf62ad6d1e062bb9dda DependenciesID=f4c777fa1e498ce4ce0febd13b59a653 StaticDependenciesID=aca32be1588a89942d038cc1d6cb0828 
Number of updated asset objects reloaded before import = 0Number of asset objects unloaded after import = 3

========================================================================
Received Import Request.
  Time since last request: 0.000034 seconds.
  path: Assets/Sprites/Environment/barrelRed_side.png
  importAddress: Guid(4205527d307c227418c7fef025a94043) Importer(2089858483,b0f066a214c2f5e87bad3c948f4d605d)
Start importing Assets/Sprites/Environment/barrelRed_side.png using Guid(4205527d307c227418c7fef025a94043) Importer(2089858483,b0f066a214c2f5e87bad3c948f4d605d) (ScriptedImporter) -> (Import Result ID: 'cf6665699bf1ccb493fd85ed81b55c01') in 0.0191995 seconds [static and dynamic dependencies]. Details - ImportResultOutputID=8bf2ad7e3460f0d808ead947f1ca4b36 DependenciesID=fb8ef2307effa51d230c0b130ac87e07 StaticDependenciesID=b8d4691e6b087360ded6f816ee93612c 
Number of updated asset objects reloaded before import = 0Number of asset objects unloaded after import = 3

========================================================================
Received Import Request.
  Time since last request: 0.000016 seconds.
  path: Assets/Sprites/Tiles/tileGrass_roadCornerUR.png
  importAddress: Guid(2bf60ad39c5efc04fb619daa088df346) Importer(2089858483,b0f066a214c2f5e87bad3c948f4d605d)
Start importing Assets/Sprites/Tiles/tileGrass_roadCornerUR.png using Guid(2bf60ad39c5efc04fb619daa088df346) Importer(2089858483,b0f066a214c2f5e87bad3c948f4d605d) (ScriptedImporter) -> (Import Result ID: 'e01c3022f177bf94f3f00b102318971e') in 0.019851 seconds [static and dynamic dependencies]. Details - ImportResultOutputID=12ade3f14767c4171b2027c254968b93 DependenciesID=258ade40780ae77bf337416cea09ffcf StaticDependenciesID=44fdce4f92cfa0430743cd42de91d1aa 
Number of updated asset objects reloaded before import = 0Number of asset objects unloaded after import = 3

========================================================================
Received Import Request.
  Time since last request: 0.000023 seconds.
  path: Assets/Sprites/Tiles/tileSand_roadNorth.png
  importAddress: Guid(4c5bee81df364b945ab9af79951dd56f) Importer(2089858483,b0f066a214c2f5e87bad3c948f4d605d)
Start importing Assets/Sprites/Tiles/tileSand_roadNorth.png using Guid(4c5bee81df364b945ab9af79951dd56f) Importer(2089858483,b0f066a214c2f5e87bad3c948f4d605d) (ScriptedImporter) -> (Import Result ID: 'de11b8aff0468ff6cfb81215e8761a6f') in 0.0195755 seconds [static and dynamic dependencies]. Details - ImportResultOutputID=e84df37f1f3aa7b97e57e97c4832fa23 DependenciesID=ad008f6c191c3475980e4597ebb86dda StaticDependenciesID=51ae72d90b229f65ecde0a69186708be 
Number of updated asset objects reloaded before import = 0Number of asset objects unloaded after import = 3

========================================================================
Received Import Request.
  Time since last request: 0.000037 seconds.
  path: Assets/Sprites/Environment/bulletSand3_outline.png
  importAddress: Guid(68dbb512476fdf34caa4630bb4feab13) Importer(2089858483,b0f066a214c2f5e87bad3c948f4d605d)
Start importing Assets/Sprites/Environment/bulletSand3_outline.png using Guid(68dbb512476fdf34caa4630bb4feab13) Importer(2089858483,b0f066a214c2f5e87bad3c948f4d605d) (ScriptedImporter) -> (Import Result ID: '292e6fefcee5e428fda840e0ac407f78') in 0.0249866 seconds [static and dynamic dependencies]. Details - ImportResultOutputID=1cf33f52947357129f3dc178bfdac690 DependenciesID=96bdb079ed6c4b0587d930eea37977a9 StaticDependenciesID=d33619596fe80ac11a28b4189de1300a 
Number of updated asset objects reloaded before import = 0Number of asset objects unloaded after import = 3

========================================================================
Received Import Request.
  Time since last request: 0.000020 seconds.
  path: Assets/Sprites/Environment/barrelRed_top.png
  importAddress: Guid(de02c15831ef56b4d9faca2ab0eac32f) Importer(2089858483,b0f066a214c2f5e87bad3c948f4d605d)
Start importing Assets/Sprites/Environment/barrelRed_top.png using Guid(de02c15831ef56b4d9faca2ab0eac32f) Importer(2089858483,b0f066a214c2f5e87bad3c948f4d605d) (ScriptedImporter) -> (Import Result ID: '2e3ffbb95dd40d135fcc8ddc21a3cbb4') in 0.0270902 seconds [static and dynamic dependencies]. Details - ImportResultOutputID=51379c31f37a678c687179b4b104f8da DependenciesID=391029c79b5141b32bd3b82636d221d0 StaticDependenciesID=54fd5e5db92190bbefd1d1fc9b8d144e 
Number of updated asset objects reloaded before import = 0Number of asset objects unloaded after import = 3

========================================================================
Received Import Request.
  Time since last request: 0.000021 seconds.
  path: Assets/Sprites/Tiles/tileGrass1.png
  importAddress: Guid(41d0dc1b2ace54c498ce659457da6117) Importer(2089858483,b0f066a214c2f5e87bad3c948f4d605d)
Start importing Assets/Sprites/Tiles/tileGrass1.png using Guid(41d0dc1b2ace54c498ce659457da6117) Importer(2089858483,b0f066a214c2f5e87bad3c948f4d605d) (ScriptedImporter) -> (Import Result ID: '056eb88b0f0344af1c7e4e77d04f99ef') in 0.0214091 seconds [static and dynamic dependencies]. Details - ImportResultOutputID=060d2bf7e64afff56949f57e0814f593 DependenciesID=fb2b7135c6e9e01f4a437c2cdb06af0a StaticDependenciesID=c469a94e815421b8c1f93cb9d338b4b3 
Number of updated asset objects reloaded before import = 0Number of asset objects unloaded after import = 3

========================================================================
Received Import Request.
  Time since last request: 0.000020 seconds.
  path: Assets/Sprites/Tanks/specialBarrel4_outline.png
  importAddress: Guid(f28ca78e146bc434f84e3ebe50b76a1d) Importer(2089858483,b0f066a214c2f5e87bad3c948f4d605d)
Start importing Assets/Sprites/Tanks/specialBarrel4_outline.png using Guid(f28ca78e146bc434f84e3ebe50b76a1d) Importer(2089858483,b0f066a214c2f5e87bad3c948f4d605d) (ScriptedImporter) -> (Import Result ID: '61f65aa4c9a65134421fe101a23182f1') in 0.0218062 seconds [static and dynamic dependencies]. Details - ImportResultOutputID=68ce4f89980cd9e891b2fcebc394ee00 DependenciesID=6c8f0e6eb4e27f47110b1772b401f151 StaticDependenciesID=4a711c7b203e89c25d89906877ce89d1 
Number of updated asset objects reloaded before import = 0Number of asset objects unloaded after import = 3

========================================================================
Received Import Request.
  Time since last request: 0.000022 seconds.
  path: Assets/Sprites/Environment/bulletBlue1_outline.png
  importAddress: Guid(4ed564d4f68d80f4d8088f99e0cb4b65) Importer(2089858483,b0f066a214c2f5e87bad3c948f4d605d)
Start importing Assets/Sprites/Environment/bulletBlue1_outline.png using Guid(4ed564d4f68d80f4d8088f99e0cb4b65) Importer(2089858483,b0f066a214c2f5e87bad3c948f4d605d) (ScriptedImporter) -> (Import Result ID: '961853770b39a8a62b14fbed3980e1e8') in 0.0181575 seconds [static and dynamic dependencies]. Details - ImportResultOutputID=39ae9609b602a497cb1675ab3b6f8fd0 DependenciesID=712b5daffba2333dc64a9d7e4055ce24 StaticDependenciesID=429a18e99b6a5cce3f915ce46412df3c 
Number of updated asset objects reloaded before import = 0Number of asset objects unloaded after import = 3

========================================================================
Received Import Request.
  Time since last request: 0.000041 seconds.
  path: Assets/Sprites/Tanks/tankBody_red_outline.png
  importAddress: Guid(6220718aae03eaa45905b3d2e7c593db) Importer(2089858483,b0f066a214c2f5e87bad3c948f4d605d)
Start importing Assets/Sprites/Tanks/tankBody_red_outline.png using Guid(6220718aae03eaa45905b3d2e7c593db) Importer(2089858483,b0f066a214c2f5e87bad3c948f4d605d) (ScriptedImporter) -> (Import Result ID: 'a928431a7d40406a4d8967d2ef9ae2db') in 0.0173633 seconds [static and dynamic dependencies]. Details - ImportResultOutputID=4428861a489ee63ac1cd50addf8f45c6 DependenciesID=ab54b783d742df4c533bdd1e00d93816 StaticDependenciesID=baa3d9f2ff88bef91dbcc5b271e43911 
Number of updated asset objects reloaded before import = 0Number of asset objects unloaded after import = 3

========================================================================
Received Import Request.
  Time since last request: 0.000019 seconds.
  path: Assets/Sprites/Tanks/specialBarrel1_outline.png
  importAddress: Guid(2fcdf071660849e4fa3dc896291bc1aa) Importer(2089858483,b0f066a214c2f5e87bad3c948f4d605d)
Start importing Assets/Sprites/Tanks/specialBarrel1_outline.png using Guid(2fcdf071660849e4fa3dc896291bc1aa) Importer(2089858483,b0f066a214c2f5e87bad3c948f4d605d) (ScriptedImporter) -> (Import Result ID: 'e19f6b59bbd46f651b36d7b1c1230620') in 0.0199447 seconds [static and dynamic dependencies]. Details - ImportResultOutputID=5f348c677f5526bf8ebaad7090b37182 DependenciesID=c7f7134acdf40f8d4253800716802b27 StaticDependenciesID=7ca922999b49bf6057e505b04cd57632 
Number of updated asset objects reloaded before import = 0Number of asset objects unloaded after import = 3

========================================================================
Received Import Request.
  Time since last request: 0.000021 seconds.
  path: Assets/Sprites/Tanks/tankSand_barrel2_outline.png
  importAddress: Guid(a4464acac40bbe64e861ddf63a586f5f) Importer(2089858483,b0f066a214c2f5e87bad3c948f4d605d)
Start importing Assets/Sprites/Tanks/tankSand_barrel2_outline.png using Guid(a4464acac40bbe64e861ddf63a586f5f) Importer(2089858483,b0f066a214c2f5e87bad3c948f4d605d) (ScriptedImporter) -> (Import Result ID: '54c9773106d67a080f309f42a54c20c8') in 0.0255843 seconds [static and dynamic dependencies]. Details - ImportResultOutputID=f6391d35ffc97c78fc5a0fc3e56a8ed0 DependenciesID=263e407c42bd1b9187814f2efd6e70b8 StaticDependenciesID=b3062e0581c7fce001e47ebff55fb7e9 
Number of updated asset objects reloaded before import = 0Number of asset objects unloaded after import = 3

========================================================================
Received Import Request.
  Time since last request: 0.000019 seconds.
  path: Assets/Sprites/Tiles/tileSand_roadSplitE.png
  importAddress: Guid(ffd55f26b99b71a4194ce8bdc4707d92) Importer(2089858483,b0f066a214c2f5e87bad3c948f4d605d)
Start importing Assets/Sprites/Tiles/tileSand_roadSplitE.png using Guid(ffd55f26b99b71a4194ce8bdc4707d92) Importer(2089858483,b0f066a214c2f5e87bad3c948f4d605d) (ScriptedImporter) -> (Import Result ID: '60e9933affc6e2cdb5f2fdb6df5b9aaf') in 0.0155176 seconds [static and dynamic dependencies]. Details - ImportResultOutputID=aad8b8121d7791cf748fa01dae58bad4 DependenciesID=03bb7f16ae9f767411212e20b3352f91 StaticDependenciesID=a88bcbda165501819628a66a8c021c67 
Number of updated asset objects reloaded before import = 0Number of asset objects unloaded after import = 3

========================================================================
Received Import Request.
  Time since last request: 0.000020 seconds.
  path: Assets/Sprites/Tanks
  importAddress: Guid(11377c947af45334dbb7d261f101ed2a) Importer(2089858483,b0f066a214c2f5e87bad3c948f4d605d)
Start importing Assets/Sprites/Tanks using Guid(11377c947af45334dbb7d261f101ed2a) Importer(2089858483,b0f066a214c2f5e87bad3c948f4d605d) (ScriptedImporter) -> (Import Result ID: 'aef297c97d9f1d6c258242f25d113969') in 0.016107 seconds [static and dynamic dependencies]. Details - ImportResultOutputID=19a4c990bd8f3c06abfc562d503e518b DependenciesID=1b24f5fd37da171f324663f1730bddb8 StaticDependenciesID=f8b6ef538cbcf72f45714e7ea41274ee 
Number of updated asset objects reloaded before import = 0Number of asset objects unloaded after import = 1

========================================================================
Received Import Request.
  Time since last request: 0.000054 seconds.
  path: Assets/Sprites/explosionSmoke3.png
  importAddress: Guid(1cd345a79e8464246a0e609a9607ff58) Importer(2089858483,b0f066a214c2f5e87bad3c948f4d605d)
Start importing Assets/Sprites/explosionSmoke3.png using Guid(1cd345a79e8464246a0e609a9607ff58) Importer(2089858483,b0f066a214c2f5e87bad3c948f4d605d) (ScriptedImporter) -> (Import Result ID: '7427c9290b06263b1ed6873022f79c83') in 0.0224578 seconds [static and dynamic dependencies]. Details - ImportResultOutputID=ac50bdcf361d682796076fbecd0391af DependenciesID=fc37782438a2b9ba5fa1b6ee266a140e StaticDependenciesID=c3cdb479a56d2009319c1024597225d8 
Number of updated asset objects reloaded before import = 0Number of asset objects unloaded after import = 3

========================================================================
Received Import Request.
  Time since last request: 0.000023 seconds.
  path: Assets/Sprites/Tiles/tileSand_roadCornerUR.png
  importAddress: Guid(2659920e193605840a4a18775d2c2e95) Importer(2089858483,b0f066a214c2f5e87bad3c948f4d605d)
Start importing Assets/Sprites/Tiles/tileSand_roadCornerUR.png using Guid(2659920e193605840a4a18775d2c2e95) Importer(2089858483,b0f066a214c2f5e87bad3c948f4d605d) (ScriptedImporter) -> (Import Result ID: 'f9c8c129c3f279cd06e29c27a1671910') in 0.017753 seconds [static and dynamic dependencies]. Details - ImportResultOutputID=737f4efc032718e619506398e53e50fc DependenciesID=8609ad913dd75c93a2e6db9b69fe75a4 StaticDependenciesID=e73226649429397d24b837fc3a88e244 
Number of updated asset objects reloaded before import = 0Number of asset objects unloaded after import = 3

========================================================================
Received Import Request.
  Time since last request: 0.000023 seconds.
  path: Assets/Sprites/Environment/bulletSand2.png
  importAddress: Guid(12c5fb1ade241d84db1957c65372d00c) Importer(2089858483,b0f066a214c2f5e87bad3c948f4d605d)
Start importing Assets/Sprites/Environment/bulletSand2.png using Guid(12c5fb1ade241d84db1957c65372d00c) Importer(2089858483,b0f066a214c2f5e87bad3c948f4d605d) (ScriptedImporter) -> (Import Result ID: '1d34bc1da5311f3189cb57d8951a7cac') in 0.0291494 seconds [static and dynamic dependencies]. Details - ImportResultOutputID=fd80775f0316deedf3e5e801b2b6f574 DependenciesID=6939d5fab5fb9f1d9e97e4b72cf0c632 StaticDependenciesID=d2f95ba41867b23636336497b5a2cb8b 
Number of updated asset objects reloaded before import = 0Number of asset objects unloaded after import = 3

========================================================================
Received Import Request.
  Time since last request: 0.000028 seconds.
  path: Assets/Sprites/Environment/bulletRed2.png
  importAddress: Guid(94bb349c6d7220143ab9576e6df94e6b) Importer(2089858483,b0f066a214c2f5e87bad3c948f4d605d)
Start importing Assets/Sprites/Environment/bulletRed2.png using Guid(94bb349c6d7220143ab9576e6df94e6b) Importer(2089858483,b0f066a214c2f5e87bad3c948f4d605d) (ScriptedImporter) -> (Import Result ID: '67f483962c9622ca1cb56a635f2900bb') in 0.0188526 seconds [static and dynamic dependencies]. Details - ImportResultOutputID=7382bed50aef2c085e2dfc33ae83c33a DependenciesID=5055a57480554ed7193526c0dd27bdb2 StaticDependenciesID=5f9408fc35941a8637ac60c9fe845e03 
Number of updated asset objects reloaded before import = 0Number of asset objects unloaded after import = 3

========================================================================
Received Import Request.
  Time since last request: 0.000040 seconds.
  path: Assets/Sprites/Environment/wireCrooked.png
  importAddress: Guid(f2b08571dacdaeb4bb3d254af1234134) Importer(2089858483,b0f066a214c2f5e87bad3c948f4d605d)
Start importing Assets/Sprites/Environment/wireCrooked.png using Guid(f2b08571dacdaeb4bb3d254af1234134) Importer(2089858483,b0f066a214c2f5e87bad3c948f4d605d) (ScriptedImporter) -> (Import Result ID: 'f1bba1f8a9751b0a0c8df6c1457d931a') in 0.0237103 seconds [static and dynamic dependencies]. Details - ImportResultOutputID=5f29b2ba91586394abb46cd6c1adf135 DependenciesID=a2a5dd1e043459018d8c2cde19cd5f5e StaticDependenciesID=994fd20c0e49e1cf9690eaba82554b38 
Number of updated asset objects reloaded before import = 0Number of asset objects unloaded after import = 3

========================================================================
Received Import Request.
  Time since last request: 0.000019 seconds.
  path: Assets/Sprites/Tiles/tileGrass_roadCrossingRound.png
  importAddress: Guid(ea0bdfca02f261645ab79a3968d77fc0) Importer(2089858483,b0f066a214c2f5e87bad3c948f4d605d)
Start importing Assets/Sprites/Tiles/tileGrass_roadCrossingRound.png using Guid(ea0bdfca02f261645ab79a3968d77fc0) Importer(2089858483,b0f066a214c2f5e87bad3c948f4d605d) (ScriptedImporter) -> (Import Result ID: '1682158389ab9304c044c5e041a76362') in 0.0209327 seconds [static and dynamic dependencies]. Details - ImportResultOutputID=69d89fcf990000a9141e41a087c179c6 DependenciesID=c64bddfc79e000d33ee59c80fb9b5357 StaticDependenciesID=15f2c800974733d61c321d926ae54a4f 
Number of updated asset objects reloaded before import = 0Number of asset objects unloaded after import = 3

========================================================================
Received Import Request.
  Time since last request: 0.000031 seconds.
  path: Assets/Sprites/Tanks/tankDark_barrel3_outline.png
  importAddress: Guid(25396138ea731104183c912e3bb60ec4) Importer(2089858483,b0f066a214c2f5e87bad3c948f4d605d)
Start importing Assets/Sprites/Tanks/tankDark_barrel3_outline.png using Guid(25396138ea731104183c912e3bb60ec4) Importer(2089858483,b0f066a214c2f5e87bad3c948f4d605d) (ScriptedImporter) -> (Import Result ID: 'bf16fbf6ccd27416cbbd8456b2211ec1') in 0.0178851 seconds [static and dynamic dependencies]. Details - ImportResultOutputID=29ac6069b76a1300901d94c5145abf0e DependenciesID=dc9ba83bbbc2efb876faca4b1bbf9499 StaticDependenciesID=7bd3a65f013e33aa50dbf2a5514487f9 
Number of updated asset objects reloaded before import = 0Number of asset objects unloaded after import = 3

========================================================================
Received Import Request.
  Time since last request: 0.000018 seconds.
  path: Assets/Sprites/Environment/bulletGreen1_outline.png
  importAddress: Guid(2dbc950c292084a4eb5e3785639b42f5) Importer(2089858483,b0f066a214c2f5e87bad3c948f4d605d)
Start importing Assets/Sprites/Environment/bulletGreen1_outline.png using Guid(2dbc950c292084a4eb5e3785639b42f5) Importer(2089858483,b0f066a214c2f5e87bad3c948f4d605d) (ScriptedImporter) -> (Import Result ID: 'fbe5b87e23dcffb3b28c3ba8f295cf33') in 0.02088 seconds [static and dynamic dependencies]. Details - ImportResultOutputID=e68fe88dec7f50479b3c3b4f0f1ffdbd DependenciesID=a1ade36ca65eef069e51e1029a37f637 StaticDependenciesID=96ab0e44a4b1935d238d015f5afe1f74 
Number of updated asset objects reloaded before import = 0Number of asset objects unloaded after import = 3

========================================================================
Received Import Request.
  Time since last request: 0.000022 seconds.
  path: Assets/Sprites/Environment/sandbagBeige.png
  importAddress: Guid(fc7ab6e2f2f6b2347aec5a1f32324b6b) Importer(2089858483,b0f066a214c2f5e87bad3c948f4d605d)
Start importing Assets/Sprites/Environment/sandbagBeige.png using Guid(fc7ab6e2f2f6b2347aec5a1f32324b6b) Importer(2089858483,b0f066a214c2f5e87bad3c948f4d605d) (ScriptedImporter) -> (Import Result ID: 'dfa451d0913b85dd00f350dc0e75565c') in 0.0182688 seconds [static and dynamic dependencies]. Details - ImportResultOutputID=bc954ef7de5e51c37c62710e58def66b DependenciesID=c9dd473cf03e3795d2f130f3e7d85c51 StaticDependenciesID=a14f9d4de349c4ccbc515b9bd53586e8 
Number of updated asset objects reloaded before import = 0Number of asset objects unloaded after import = 3

========================================================================
Received Import Request.
  Time since last request: 0.000031 seconds.
  path: Assets/Sprites/Tiles/tileSand_roadSplitS.png
  importAddress: Guid(039232c8b8cbb47408b17017789dddae) Importer(2089858483,b0f066a214c2f5e87bad3c948f4d605d)
Start importing Assets/Sprites/Tiles/tileSand_roadSplitS.png using Guid(039232c8b8cbb47408b17017789dddae) Importer(2089858483,b0f066a214c2f5e87bad3c948f4d605d) (ScriptedImporter) -> (Import Result ID: 'f2c2765ddd51ec05d9346faf46cb4ef1') in 0.0228858 seconds [static and dynamic dependencies]. Details - ImportResultOutputID=7952fcc71d3d9f7b24dadd08d44bc7bc DependenciesID=84fb2ef5713f3ac3dcbc1518b63173ff StaticDependenciesID=dcac334e8c8f64778c8a2aec7060436a 
Number of updated asset objects reloaded before import = 0Number of asset objects unloaded after import = 3

========================================================================
Received Import Request.
  Time since last request: 0.000058 seconds.
  path: Assets/Sprites/Tanks/specialBarrel3_outline.png
  importAddress: Guid(b6b8e0d6dce511a4a92e423d049ab1d1) Importer(2089858483,b0f066a214c2f5e87bad3c948f4d605d)
Start importing Assets/Sprites/Tanks/specialBarrel3_outline.png using Guid(b6b8e0d6dce511a4a92e423d049ab1d1) Importer(2089858483,b0f066a214c2f5e87bad3c948f4d605d) (ScriptedImporter) -> (Import Result ID: 'a1fa9e3ff79b94ee74f46065679f0237') in 0.0186115 seconds [static and dynamic dependencies]. Details - ImportResultOutputID=e4f5c1df2b0c1cd82132ca5c6277cb50 DependenciesID=266beca0a2374a31431854a449ebf72c StaticDependenciesID=94f62ec39be4b310c8ee246bb230b21c 
Number of updated asset objects reloaded before import = 0Number of asset objects unloaded after import = 3

========================================================================
Received Import Request.
  Time since last request: 0.000031 seconds.
  path: Assets/Sprites/Environment/bulletDark1_outline.png
  importAddress: Guid(49a179f24da223f4fa7bea32a513ba8f) Importer(2089858483,b0f066a214c2f5e87bad3c948f4d605d)
Start importing Assets/Sprites/Environment/bulletDark1_outline.png using Guid(49a179f24da223f4fa7bea32a513ba8f) Importer(2089858483,b0f066a214c2f5e87bad3c948f4d605d) (ScriptedImporter) -> (Import Result ID: '759a0e2020e7cc814e0fbbad93ef3112') in 0.0202079 seconds [static and dynamic dependencies]. Details - ImportResultOutputID=1978e184d62bbb7aa16fc5fa87ea6667 DependenciesID=158c0cd4ab1780b8b516d29364507b4a StaticDependenciesID=2cca8db525d76a97f94358cf84222aff 
Number of updated asset objects reloaded before import = 0Number of asset objects unloaded after import = 3

========================================================================
Received Import Request.
  Time since last request: 0.000017 seconds.
  path: Assets/Sprites/Tiles/tileGrass_roadCornerLR.png
  importAddress: Guid(2ab56eb993bf8274386b52da0b35a025) Importer(2089858483,b0f066a214c2f5e87bad3c948f4d605d)
Start importing Assets/Sprites/Tiles/tileGrass_roadCornerLR.png using Guid(2ab56eb993bf8274386b52da0b35a025) Importer(2089858483,b0f066a214c2f5e87bad3c948f4d605d) (ScriptedImporter) -> (Import Result ID: '00af1d07499e2be62b8e3480bf91c7f8') in 0.0340824 seconds [static and dynamic dependencies]. Details - ImportResultOutputID=407208386e49ff140c9da9089819adf2 DependenciesID=0f10a4f6ff306e3644af3e42819d30f9 StaticDependenciesID=78a769ee4371705e0e710728823fb044 
Number of updated asset objects reloaded before import = 0Number of asset objects unloaded after import = 3

========================================================================
Received Import Request.
  Time since last request: 0.000036 seconds.
  path: Assets/Sprites/Environment/bulletDark2.png
  importAddress: Guid(57e2df701b7bdfa46b68fae3d52543c7) Importer(2089858483,b0f066a214c2f5e87bad3c948f4d605d)
Start importing Assets/Sprites/Environment/bulletDark2.png using Guid(57e2df701b7bdfa46b68fae3d52543c7) Importer(2089858483,b0f066a214c2f5e87bad3c948f4d605d) (ScriptedImporter) -> (Import Result ID: 'bd112ee88954ebb9958347635e4b778b') in 0.0250316 seconds [static and dynamic dependencies]. Details - ImportResultOutputID=8d60d0f51c706cb5751a2f5caf4a03d5 DependenciesID=519aa04b79733600b219733cd4efb9ba StaticDependenciesID=8eaaef3e62fe4ad5fd9e9d123247a076 
Number of updated asset objects reloaded before import = 0Number of asset objects unloaded after import = 3

========================================================================
Received Import Request.
  Time since last request: 0.000029 seconds.
  path: Assets/Sprites/Environment/bulletGreen3.png
  importAddress: Guid(89ad64ce27ed3354b9240267c94a1574) Importer(2089858483,b0f066a214c2f5e87bad3c948f4d605d)
Start importing Assets/Sprites/Environment/bulletGreen3.png using Guid(89ad64ce27ed3354b9240267c94a1574) Importer(2089858483,b0f066a214c2f5e87bad3c948f4d605d) (ScriptedImporter) -> (Import Result ID: '5f8be64e340c1033f91466d70cc9e8ed') in 0.0267726 seconds [static and dynamic dependencies]. Details - ImportResultOutputID=94d9c5485a026440d31743a59bdd2b09 DependenciesID=945f24a40341ab54eb52e1ff47d89d27 StaticDependenciesID=37343b905eedaacd798ec84d136605e1 
Number of updated asset objects reloaded before import = 0Number of asset objects unloaded after import = 3

========================================================================
Received Import Request.
  Time since last request: 0.000025 seconds.
  path: Assets/Sprites/Environment/crateMetal.png
  importAddress: Guid(a92dc3e2cb39ad9409a1d34621c7e0ab) Importer(2089858483,b0f066a214c2f5e87bad3c948f4d605d)
Start importing Assets/Sprites/Environment/crateMetal.png using Guid(a92dc3e2cb39ad9409a1d34621c7e0ab) Importer(2089858483,b0f066a214c2f5e87bad3c948f4d605d) (ScriptedImporter) -> (Import Result ID: 'a0de3dd1f2e26b19a27abdcf5a405adc') in 0.0197856 seconds [static and dynamic dependencies]. Details - ImportResultOutputID=f8b9d82e5e96a37259c01b9f11a523af DependenciesID=68908390d2af2f99e7e6a0043c4b4958 StaticDependenciesID=974d2f02e0c2325d95ef1b4485434880 
Number of updated asset objects reloaded before import = 0Number of asset objects unloaded after import = 3

========================================================================
Received Import Request.
  Time since last request: 0.000029 seconds.
  path: Assets/Sprites/Environment/barrelBlack_top.png
  importAddress: Guid(9dd061bfa35feea40a5034185e2232d0) Importer(2089858483,b0f066a214c2f5e87bad3c948f4d605d)
Start importing Assets/Sprites/Environment/barrelBlack_top.png using Guid(9dd061bfa35feea40a5034185e2232d0) Importer(2089858483,b0f066a214c2f5e87bad3c948f4d605d) (ScriptedImporter) -> (Import Result ID: 'c9d35ac616a6276b09c89adaccc9c1d1') in 0.0172779 seconds [static and dynamic dependencies]. Details - ImportResultOutputID=0a74bfb592f7f70bbb17bfee7f8f2e31 DependenciesID=bd00d5edecd87f9417ac49ac4c510cea StaticDependenciesID=d05c98d7454c7ea99c7ec81fd2aa759e 
Number of updated asset objects reloaded before import = 0Number of asset objects unloaded after import = 3

========================================================================
Received Import Request.
  Time since last request: 0.000018 seconds.
  path: Assets/Sprites/Tanks/tankSand_barrel3_outline.png
  importAddress: Guid(42c4b30d9b030274886db5b6a2447de1) Importer(2089858483,b0f066a214c2f5e87bad3c948f4d605d)
Start importing Assets/Sprites/Tanks/tankSand_barrel3_outline.png using Guid(42c4b30d9b030274886db5b6a2447de1) Importer(2089858483,b0f066a214c2f5e87bad3c948f4d605d) (ScriptedImporter) -> (Import Result ID: '47651d44fcaa51a16bedccb9ca0a82ae') in 0.02402 seconds [static and dynamic dependencies]. Details - ImportResultOutputID=aa2a54f974f297830df8258e548fc548 DependenciesID=cc66596dd379e30316503edb11104630 StaticDependenciesID=0254a3d6fbc357771291810826be8a44 
Number of updated asset objects reloaded before import = 0Number of asset objects unloaded after import = 3

========================================================================
Received Import Request.
  Time since last request: 0.000020 seconds.
  path: Assets/Sprites/Environment/treeBrown_large.png
  importAddress: Guid(2248ed9d648d8db41a48c1c5c3cdd53c) Importer(2089858483,b0f066a214c2f5e87bad3c948f4d605d)
Start importing Assets/Sprites/Environment/treeBrown_large.png using Guid(2248ed9d648d8db41a48c1c5c3cdd53c) Importer(2089858483,b0f066a214c2f5e87bad3c948f4d605d) (ScriptedImporter) -> (Import Result ID: 'e70e15d5245be7da37631737d951fea5') in 0.0222626 seconds [static and dynamic dependencies]. Details - ImportResultOutputID=63451f8977de3fec1146c5956a188c54 DependenciesID=dff7bc8f147340d27287ce61bd55c511 StaticDependenciesID=9174fe1d3b00e0287e844992008e1732 
Number of updated asset objects reloaded before import = 0Number of asset objects unloaded after import = 3

========================================================================
Received Import Request.
  Time since last request: 0.000030 seconds.
  path: Assets/Sprites/Environment/treeGreen_twigs.png
  importAddress: Guid(b5df33ce7149a7841a724d36ad650c99) Importer(2089858483,b0f066a214c2f5e87bad3c948f4d605d)
Start importing Assets/Sprites/Environment/treeGreen_twigs.png using Guid(b5df33ce7149a7841a724d36ad650c99) Importer(2089858483,b0f066a214c2f5e87bad3c948f4d605d) (ScriptedImporter) -> (Import Result ID: 'da70d3c4a80b0398dc8b0f8902bc9e19') in 0.0198891 seconds [static and dynamic dependencies]. Details - ImportResultOutputID=9c19c7f7f2ca695d5e8c9084052eb9fe DependenciesID=ef5088607dd18bebe84f29a3caae7014 StaticDependenciesID=5081119b8a21fe9a9fcd25ad0a78e9a1 
Number of updated asset objects reloaded before import = 0Number of asset objects unloaded after import = 3

========================================================================
Received Import Request.
  Time since last request: 0.000018 seconds.
  path: Assets/Sprites/Environment/bulletRed1_outline.png
  importAddress: Guid(c2c1f0a4e578d2046a1d17cb8c334ae2) Importer(2089858483,b0f066a214c2f5e87bad3c948f4d605d)
Start importing Assets/Sprites/Environment/bulletRed1_outline.png using Guid(c2c1f0a4e578d2046a1d17cb8c334ae2) Importer(2089858483,b0f066a214c2f5e87bad3c948f4d605d) (ScriptedImporter) -> (Import Result ID: 'c9aa3ac213ee0739a91d0d7ec9faffe1') in 0.0187774 seconds [static and dynamic dependencies]. Details - ImportResultOutputID=ce9887de1ba7d9bd03c449f3279fcdee DependenciesID=f3a5292fb4f6ced013789ef1ed1e8246 StaticDependenciesID=b332da41a36d448697ce2ab16517550a 
Number of updated asset objects reloaded before import = 0Number of asset objects unloaded after import = 3

========================================================================
Received Import Request.
  Time since last request: 0.000023 seconds.
  path: Assets/Sprites/Tanks/tankBlue_barrel2_outline.png
  importAddress: Guid(ef766114e0d84344c8db13d908386108) Importer(2089858483,b0f066a214c2f5e87bad3c948f4d605d)
Start importing Assets/Sprites/Tanks/tankBlue_barrel2_outline.png using Guid(ef766114e0d84344c8db13d908386108) Importer(2089858483,b0f066a214c2f5e87bad3c948f4d605d) (ScriptedImporter) -> (Import Result ID: '9bd9426853d656ded9b388fb78fea027') in 0.0218522 seconds [static and dynamic dependencies]. Details - ImportResultOutputID=0d18204fb368a8ece28d05558f1bd0d8 DependenciesID=024b6751e6ec62a869d4623bb34be8dc StaticDependenciesID=454ac01288447411f88767d6fb861274 
Number of updated asset objects reloaded before import = 0Number of asset objects unloaded after import = 3

========================================================================
Received Import Request.
  Time since last request: 0.000022 seconds.
  path: Assets/Sprites/Tanks/tankBlue_barrel3_outline.png
  importAddress: Guid(fd24b0630bcbe214da62a9d1266882d6) Importer(2089858483,b0f066a214c2f5e87bad3c948f4d605d)
Start importing Assets/Sprites/Tanks/tankBlue_barrel3_outline.png using Guid(fd24b0630bcbe214da62a9d1266882d6) Importer(2089858483,b0f066a214c2f5e87bad3c948f4d605d) (ScriptedImporter) -> (Import Result ID: 'e4d1a662e88798b2825c74d36b87e87f') in 0.0197172 seconds [static and dynamic dependencies]. Details - ImportResultOutputID=f74a4ffbd40d62be9a50fbb793ede5d1 DependenciesID=23cbe0ce147e0c06c06421aee8ba3a7a StaticDependenciesID=0ffc9691bfa3041bd152db534440d2e1 
Number of updated asset objects reloaded before import = 0Number of asset objects unloaded after import = 3

========================================================================
Received Import Request.
  Time since last request: 0.000023 seconds.
  path: Assets/Sprites/Environment/bulletDark3_outline.png
  importAddress: Guid(49787681a8265dd48a0f8f9bf8f41437) Importer(2089858483,b0f066a214c2f5e87bad3c948f4d605d)
Start importing Assets/Sprites/Environment/bulletDark3_outline.png using Guid(49787681a8265dd48a0f8f9bf8f41437) Importer(2089858483,b0f066a214c2f5e87bad3c948f4d605d) (ScriptedImporter) -> (Import Result ID: 'aee36b47ce425bd966605f326b7b230d') in 0.0218792 seconds [static and dynamic dependencies]. Details - ImportResultOutputID=cab661d5e8517a8334d0deaeeeff2a81 DependenciesID=71cd06c70e98d533577507b44217b3cb StaticDependenciesID=03354730bef07793f71d7a9053af84bd 
Number of updated asset objects reloaded before import = 0Number of asset objects unloaded after import = 3

========================================================================
Received Import Request.
  Time since last request: 0.000042 seconds.
  path: Assets/Sprites/Environment/bulletSand1_outline.png
  importAddress: Guid(f46dda446dd6e61499587742bc89408e) Importer(2089858483,b0f066a214c2f5e87bad3c948f4d605d)
Start importing Assets/Sprites/Environment/bulletSand1_outline.png using Guid(f46dda446dd6e61499587742bc89408e) Importer(2089858483,b0f066a214c2f5e87bad3c948f4d605d) (ScriptedImporter) -> (Import Result ID: '6ead952ae85c323a8a30ab9bd7c61c2e') in 0.0187437 seconds [static and dynamic dependencies]. Details - ImportResultOutputID=e8e67d1ef174fb54eee8bd23509d7000 DependenciesID=8a7e4569716701981934d18cd8761f32 StaticDependenciesID=e6d144b22fec73bd4968ad6533f6a5e0 
Number of updated asset objects reloaded before import = 0Number of asset objects unloaded after import = 3

========================================================================
Received Import Request.
  Time since last request: 2.515744 seconds.
  path: Assets/Sprites/explosion1.png
  importAddress: Guid(1fe1d600a725f3e4c86290b534055ee0) Importer(815301076,1909f56bfc062723c751e8b465ee728b)
Start importing Assets/Sprites/explosion1.png using Guid(1fe1d600a725f3e4c86290b534055ee0) Importer(815301076,1909f56bfc062723c751e8b465ee728b) (PreviewImporter) -> (Import Result ID: '1b21f23ece25619506b5045e52d00e79') in 0.1625709 seconds [static and dynamic dependencies]. Details - ImportResultOutputID=306e52c778398b38153adff234ea2efd DependenciesID=4102f228c33c49e8c99789022f3ff2f2 StaticDependenciesID=42b907962438da1bde732ecf3de5a4ea 
Number of updated asset objects reloaded before import = 0Number of asset objects unloaded after import = 3

========================================================================
Received Import Request.
  Time since last request: 0.000055 seconds.
  path: Assets/Sprites/explosionSmoke2.png
  importAddress: Guid(6ea1b72a4df0a4842ba89ff32768b478) Importer(815301076,1909f56bfc062723c751e8b465ee728b)
Start importing Assets/Sprites/explosionSmoke2.png using Guid(6ea1b72a4df0a4842ba89ff32768b478) Importer(815301076,1909f56bfc062723c751e8b465ee728b) (PreviewImporter) -> (Import Result ID: '55075530c3d2c2dd9448217a2b07bbf3') in 0.0231989 seconds [static and dynamic dependencies]. Details - ImportResultOutputID=2b731ec59ac3c16dee5b8dad8dc5c545 DependenciesID=8209ccfe4b78ce13b1e6879522463bb5 StaticDependenciesID=a3ca0d5d66a4bc6080151496076eb019 
Number of updated asset objects reloaded before import = 0Number of asset objects unloaded after import = 3

========================================================================
Received Import Request.
  Time since last request: 0.000036 seconds.
  path: Assets/Sprites/explosionSmoke5.png
  importAddress: Guid(c05af5b69d14aaa4ca929fefe5a9b7ce) Importer(815301076,1909f56bfc062723c751e8b465ee728b)
Start importing Assets/Sprites/explosionSmoke5.png using Guid(c05af5b69d14aaa4ca929fefe5a9b7ce) Importer(815301076,1909f56bfc062723c751e8b465ee728b) (PreviewImporter) -> (Import Result ID: 'ed68fcf83add8c2cf60a933c1cadf159') in 0.0225326 seconds [static and dynamic dependencies]. Details - ImportResultOutputID=d4d85eb1d14b8c8e819c0c1a93269134 DependenciesID=f6c72cde22deef0be4bfcefcc165f5a3 StaticDependenciesID=1d105ff26798f16fe57d537c23f87837 
Number of updated asset objects reloaded before import = 0Number of asset objects unloaded after import = 3

========================================================================
Received Import Request.
  Time since last request: 0.000021 seconds.
  path: Assets/Sprites/explosionSmoke3.png
  importAddress: Guid(1cd345a79e8464246a0e609a9607ff58) Importer(815301076,1909f56bfc062723c751e8b465ee728b)
Start importing Assets/Sprites/explosionSmoke3.png using Guid(1cd345a79e8464246a0e609a9607ff58) Importer(815301076,1909f56bfc062723c751e8b465ee728b) (PreviewImporter) -> (Import Result ID: '79efda3915bf0e613573b348371a77e7') in 0.0201666 seconds [static and dynamic dependencies]. Details - ImportResultOutputID=6c41d98b02caef4d7e0cd7fc0bdc5c60 DependenciesID=e4cbddaa49fcd1741f997cd25bcac2a8 StaticDependenciesID=5855b737546a84e2b9c6ae6951942910 
Number of updated asset objects reloaded before import = 0Number of asset objects unloaded after import = 3

========================================================================
Received Import Request.
  Time since last request: 0.000016 seconds.
  path: Assets/Sprites/explosion4.png
  importAddress: Guid(caa7b4245ba9cbf48bbf1702963760c3) Importer(815301076,1909f56bfc062723c751e8b465ee728b)
Start importing Assets/Sprites/explosion4.png using Guid(caa7b4245ba9cbf48bbf1702963760c3) Importer(815301076,1909f56bfc062723c751e8b465ee728b) (PreviewImporter) -> (Import Result ID: '99e25c547f02562a50fb533648d80a31') in 0.0190371 seconds [static and dynamic dependencies]. Details - ImportResultOutputID=65a968910f2a698716ef431200abfb1e DependenciesID=ef7b0373a97c147b9df4113f13208c7d StaticDependenciesID=c803b304b9bf545fab21b806e1768f75 
Number of updated asset objects reloaded before import = 0Number of asset objects unloaded after import = 3

========================================================================
Received Import Request.
  Time since last request: 11.515042 seconds.
  path: Assets/Sprites/Tiles
  importAddress: Guid(e7b6b19bc0893144a89b7e40c4562ba4) Importer(815301076,1909f56bfc062723c751e8b465ee728b)
Start importing Assets/Sprites/Tiles using Guid(e7b6b19bc0893144a89b7e40c4562ba4) Importer(815301076,1909f56bfc062723c751e8b465ee728b) (PreviewImporter) -> (Import Result ID: '7a7e6b95fd4225b18194e2fc172c459a') in 0.0007524 seconds [static and dynamic dependencies]. Details - ImportResultOutputID=03dcf4b49825c66bc39e3cdc1c0f03d4 DependenciesID=fa58222cded91c49f570514d99c441d0 StaticDependenciesID=d3f7de6b1779715cad63b1768908d077 
Number of updated asset objects reloaded before import = 0Number of asset objects unloaded after import = 0

========================================================================
Received Import Request.
  Time since last request: 0.042590 seconds.
  path: Assets/Sprites/Tiles/tileGrass1.png
  importAddress: Guid(41d0dc1b2ace54c498ce659457da6117) Importer(815301076,1909f56bfc062723c751e8b465ee728b)
Start importing Assets/Sprites/Tiles/tileGrass1.png using Guid(41d0dc1b2ace54c498ce659457da6117) Importer(815301076,1909f56bfc062723c751e8b465ee728b) (PreviewImporter) -> (Import Result ID: 'e0294236d369c8b0ef637e00bc376731') in 0.0207182 seconds [static and dynamic dependencies]. Details - ImportResultOutputID=46bc9e301a20369affc0caf1f2cacbf2 DependenciesID=0aee07755cce6773487bcf486cb981fd StaticDependenciesID=4f0390c7dfb2152c324e62800ed5f22b 
Number of updated asset objects reloaded before import = 0Number of asset objects unloaded after import = 3

========================================================================
Received Import Request.
  Time since last request: 0.000021 seconds.
  path: Assets/Sprites/Tiles/towerDefense_tile015.png
  importAddress: Guid(e738f24a1602dfa4380d8084da9fb87a) Importer(815301076,1909f56bfc062723c751e8b465ee728b)
Start importing Assets/Sprites/Tiles/towerDefense_tile015.png using Guid(e738f24a1602dfa4380d8084da9fb87a) Importer(815301076,1909f56bfc062723c751e8b465ee728b) (PreviewImporter) -> (Import Result ID: 'bd3d43a4149422f4425aba7ef69dee88') in 0.0182241 seconds [static and dynamic dependencies]. Details - ImportResultOutputID=38196092ae2114f2cdf8bfa6fbdb82bb DependenciesID=9a450f94f00b12e9e6436debf40a5f17 StaticDependenciesID=aa66f06fe2c6865cf7210ed98da30a9a 
Number of updated asset objects reloaded before import = 0Number of asset objects unloaded after import = 3

========================================================================
Received Import Request.
  Time since last request: 0.000039 seconds.
  path: Assets/Sprites/Tiles/tileGrass_roadNorth.png
  importAddress: Guid(3c421b1215a28ff439f62c40c5f2a5f5) Importer(815301076,1909f56bfc062723c751e8b465ee728b)
Start importing Assets/Sprites/Tiles/tileGrass_roadNorth.png using Guid(3c421b1215a28ff439f62c40c5f2a5f5) Importer(815301076,1909f56bfc062723c751e8b465ee728b) (PreviewImporter) -> (Import Result ID: 'f3efb3a6207321e13aa9f1f720dd428a') in 0.0170413 seconds [static and dynamic dependencies]. Details - ImportResultOutputID=9a802b0090fa9820d6abe98476e706c1 DependenciesID=406a82a7cda5d23d99f7b6ab627e8f40 StaticDependenciesID=c00e8fb4f1e5b139bfbf558cb4a7cdde 
Number of updated asset objects reloaded before import = 0Number of asset objects unloaded after import = 3

========================================================================
Received Import Request.
  Time since last request: 0.000019 seconds.
  path: Assets/Sprites/Tiles/tileGrass_roadTransitionE.png
  importAddress: Guid(b273f41d539689f4cb4dda5a96c8d9db) Importer(815301076,1909f56bfc062723c751e8b465ee728b)
Start importing Assets/Sprites/Tiles/tileGrass_roadTransitionE.png using Guid(b273f41d539689f4cb4dda5a96c8d9db) Importer(815301076,1909f56bfc062723c751e8b465ee728b) (PreviewImporter) -> (Import Result ID: 'a8a9267da03fac7b0ee178bfbec3bd77') in 0.01616 seconds [static and dynamic dependencies]. Details - ImportResultOutputID=1ce9c69cca722865399eb502f17e86bf DependenciesID=750d4ba554fec9e1f4a537d3cf954043 StaticDependenciesID=a4d1e4c254409c214560fcd453e56b44 
Number of updated asset objects reloaded before import = 0Number of asset objects unloaded after import = 3

========================================================================
Received Import Request.
  Time since last request: 0.000022 seconds.
  path: Assets/Sprites/Tiles/tileSand_roadSplitS.png
  importAddress: Guid(039232c8b8cbb47408b17017789dddae) Importer(815301076,1909f56bfc062723c751e8b465ee728b)
Start importing Assets/Sprites/Tiles/tileSand_roadSplitS.png using Guid(039232c8b8cbb47408b17017789dddae) Importer(815301076,1909f56bfc062723c751e8b465ee728b) (PreviewImporter) -> (Import Result ID: '8b14ac9ed9a2b291a5d45ae9c397de3b') in 0.0190714 seconds [static and dynamic dependencies]. Details - ImportResultOutputID=7465a2e433d21e5d329324fd7c931c60 DependenciesID=af3710305f969f43987ab7072a6c118b StaticDependenciesID=0e0cd5a2af6044c1508bc395433153ee 
Number of updated asset objects reloaded before import = 0Number of asset objects unloaded after import = 3

========================================================================
Received Import Request.
  Time since last request: 0.000049 seconds.
  path: Assets/Sprites/Tiles/tileGrass_roadSplitN.png
  importAddress: Guid(787c29973c589834aa9c23c4a8f38499) Importer(815301076,1909f56bfc062723c751e8b465ee728b)
Start importing Assets/Sprites/Tiles/tileGrass_roadSplitN.png using Guid(787c29973c589834aa9c23c4a8f38499) Importer(815301076,1909f56bfc062723c751e8b465ee728b) (PreviewImporter) -> (Import Result ID: '4876e9d435e4753d55a56e2ead81926c') in 0.0188878 seconds [static and dynamic dependencies]. Details - ImportResultOutputID=d483203cd196cdc16bfdcfabbe76a388 DependenciesID=f5d25f963c4df6dfe4a837f8bc61179f StaticDependenciesID=c827f24b50922c42cfcb66baa0b3151b 
Number of updated asset objects reloaded before import = 0Number of asset objects unloaded after import = 3

========================================================================
Received Import Request.
  Time since last request: 0.000034 seconds.
  path: Assets/Sprites/Tiles/tileGrass_transitionW.png
  importAddress: Guid(a016524ff22896b488164c26cf3cd978) Importer(815301076,1909f56bfc062723c751e8b465ee728b)
Start importing Assets/Sprites/Tiles/tileGrass_transitionW.png using Guid(a016524ff22896b488164c26cf3cd978) Importer(815301076,1909f56bfc062723c751e8b465ee728b) (PreviewImporter) -> (Import Result ID: '62a4687eec29a055348f7d75706b4a85') in 0.0186137 seconds [static and dynamic dependencies]. Details - ImportResultOutputID=8d56cc40f6fc2f08e6c03804c5a5f0a0 DependenciesID=bd4bb34a23722f39abb0e9d0dd027e56 StaticDependenciesID=b10c17632a8bea5f0ee9cd77cbabd505 
Number of updated asset objects reloaded before import = 0Number of asset objects unloaded after import = 3

========================================================================
Received Import Request.
  Time since last request: 0.000034 seconds.
  path: Assets/Sprites/Tiles/tileSand_roadCornerUR.png
  importAddress: Guid(2659920e193605840a4a18775d2c2e95) Importer(815301076,1909f56bfc062723c751e8b465ee728b)
Start importing Assets/Sprites/Tiles/tileSand_roadCornerUR.png using Guid(2659920e193605840a4a18775d2c2e95) Importer(815301076,1909f56bfc062723c751e8b465ee728b) (PreviewImporter) -> (Import Result ID: 'f4c8bfe7a7d5c650ae1c92a10e4bf6ca') in 0.0170863 seconds [static and dynamic dependencies]. Details - ImportResultOutputID=07bd8550e9aabfc7264a01b9922ff6be DependenciesID=9de3998588b1982095ff7ddae0a7e66f StaticDependenciesID=c638b0c61b9bf10389bb5a9f5ef3e424 
Number of updated asset objects reloaded before import = 0Number of asset objects unloaded after import = 3

========================================================================
Received Import Request.
  Time since last request: 0.000021 seconds.
  path: Assets/Sprites/Tiles/tileGrass_roadTransitionS.png
  importAddress: Guid(c96b0367ce944174e932d3a433f38faf) Importer(815301076,1909f56bfc062723c751e8b465ee728b)
Start importing Assets/Sprites/Tiles/tileGrass_roadTransitionS.png using Guid(c96b0367ce944174e932d3a433f38faf) Importer(815301076,1909f56bfc062723c751e8b465ee728b) (PreviewImporter) -> (Import Result ID: '980a1224ea91dca4946325d227513cfa') in 0.018325 seconds [static and dynamic dependencies]. Details - ImportResultOutputID=bd465aba87da993066678d3fe7407775 DependenciesID=b54c10cef80c7fef5303e944bbabb991 StaticDependenciesID=98190fa58f0a892801056ffa68b30c69 
Number of updated asset objects reloaded before import = 0Number of asset objects unloaded after import = 3

========================================================================
Received Import Request.
  Time since last request: 0.000018 seconds.
  path: Assets/Sprites/Tiles/tileGrass_transitionN.png
  importAddress: Guid(8c132ced988313d45927cafe297ec330) Importer(815301076,1909f56bfc062723c751e8b465ee728b)
Start importing Assets/Sprites/Tiles/tileGrass_transitionN.png using Guid(8c132ced988313d45927cafe297ec330) Importer(815301076,1909f56bfc062723c751e8b465ee728b) (PreviewImporter) -> (Import Result ID: 'f3f40822297f2b2b1660ba9fd7465864') in 0.0184709 seconds [static and dynamic dependencies]. Details - ImportResultOutputID=a24d2d9fdc2c1b6625ff18dc1c964e03 DependenciesID=4ce3d7c5015ed4963b19383c1e83bed2 StaticDependenciesID=f2b7c549397116317701805238b4f42a 
Number of updated asset objects reloaded before import = 0Number of asset objects unloaded after import = 3

========================================================================
Received Import Request.
  Time since last request: 0.000026 seconds.
  path: Assets/Sprites/Tiles/tileSand_roadEast.png
  importAddress: Guid(46bf12ff6dc754f46b6a13ede28da71d) Importer(815301076,1909f56bfc062723c751e8b465ee728b)
Start importing Assets/Sprites/Tiles/tileSand_roadEast.png using Guid(46bf12ff6dc754f46b6a13ede28da71d) Importer(815301076,1909f56bfc062723c751e8b465ee728b) (PreviewImporter) -> (Import Result ID: 'b9606af50f86ae9d478541e8c8809ce4') in 0.0183106 seconds [static and dynamic dependencies]. Details - ImportResultOutputID=d54b53c2a077801e6f5b2037690acdf8 DependenciesID=782d6810aae3eb6459aa0e4484e403cf StaticDependenciesID=9888b965a5694393104e5025b60d692f 
Number of updated asset objects reloaded before import = 0Number of asset objects unloaded after import = 3

========================================================================
Received Import Request.
  Time since last request: 0.000026 seconds.
  path: Assets/Sprites/Tiles/tileSand_roadSplitN.png
  importAddress: Guid(6ca2ed8a864b11e4ea5832fbfaaf74e2) Importer(815301076,1909f56bfc062723c751e8b465ee728b)
Start importing Assets/Sprites/Tiles/tileSand_roadSplitN.png using Guid(6ca2ed8a864b11e4ea5832fbfaaf74e2) Importer(815301076,1909f56bfc062723c751e8b465ee728b) (PreviewImporter) -> (Import Result ID: '4b044e9d6372cd84f6bab7df3aba7a50') in 0.0191568 seconds [static and dynamic dependencies]. Details - ImportResultOutputID=9f3202f84afc7cb721990c7be973c326 DependenciesID=4e869ff0ca904316b1d2032c27bf86fd StaticDependenciesID=ed4bc08390c79db83954d046f2c14848 
Number of updated asset objects reloaded before import = 0Number of asset objects unloaded after import = 3

========================================================================
Received Import Request.
  Time since last request: 0.000029 seconds.
  path: Assets/Sprites/Tiles/tileGrass_transitionE.png
  importAddress: Guid(7f10c117265c07642a93335db80fb522) Importer(815301076,1909f56bfc062723c751e8b465ee728b)
Start importing Assets/Sprites/Tiles/tileGrass_transitionE.png using Guid(7f10c117265c07642a93335db80fb522) Importer(815301076,1909f56bfc062723c751e8b465ee728b) (PreviewImporter) -> (Import Result ID: '5e5174b4b4eb497b8700956aca2bd457') in 0.0181855 seconds [static and dynamic dependencies]. Details - ImportResultOutputID=29742c849a9cf805a8b0798fde92b7b2 DependenciesID=a4a0a32545c049e3c9f9116402b893b2 StaticDependenciesID=575b872ffeee18bd7d07d816867262b0 
Number of updated asset objects reloaded before import = 0Number of asset objects unloaded after import = 3

========================================================================
Received Import Request.
  Time since last request: 0.000023 seconds.
  path: Assets/Sprites/Tiles/tileGrass_roadTransitionW_dirt.png
  importAddress: Guid(2a949ed049daab8419f490d3b52c6ddc) Importer(815301076,1909f56bfc062723c751e8b465ee728b)
Start importing Assets/Sprites/Tiles/tileGrass_roadTransitionW_dirt.png using Guid(2a949ed049daab8419f490d3b52c6ddc) Importer(815301076,1909f56bfc062723c751e8b465ee728b) (PreviewImporter) -> (Import Result ID: '9fc920ce323aad5fc9040314aa4df350') in 0.0186315 seconds [static and dynamic dependencies]. Details - ImportResultOutputID=26f428fbad6053abb3304842e6e8979d DependenciesID=45e78628064f8e1c8abbc2f181a53c28 StaticDependenciesID=0cfb46dae129c4e00efc9eb7349e417f 
Number of updated asset objects reloaded before import = 0Number of asset objects unloaded after import = 3

========================================================================
Received Import Request.
  Time since last request: 0.000022 seconds.
  path: Assets/Sprites/Tiles/tileGrass_roadTransitionS_dirt.png
  importAddress: Guid(681a747a2d071c64e879b4e11654195d) Importer(815301076,1909f56bfc062723c751e8b465ee728b)
Start importing Assets/Sprites/Tiles/tileGrass_roadTransitionS_dirt.png using Guid(681a747a2d071c64e879b4e11654195d) Importer(815301076,1909f56bfc062723c751e8b465ee728b) (PreviewImporter) -> (Import Result ID: '8bddd324a4e2e76666b31c664c2302a9') in 0.0205525 seconds [static and dynamic dependencies]. Details - ImportResultOutputID=5a1d3bc4b2f498e494f39097b222edbc DependenciesID=7d1fe71471d5da518de1450da3633d9e StaticDependenciesID=570994713a1ad04dd8e803a80e3b8717 
Number of updated asset objects reloaded before import = 0Number of asset objects unloaded after import = 3

========================================================================
Received Import Request.
  Time since last request: 0.000021 seconds.
  path: Assets/Sprites/Tiles/tileSand_roadSplitW.png
  importAddress: Guid(bc5afabd533a71a4594f153919f597f8) Importer(815301076,1909f56bfc062723c751e8b465ee728b)
Start importing Assets/Sprites/Tiles/tileSand_roadSplitW.png using Guid(bc5afabd533a71a4594f153919f597f8) Importer(815301076,1909f56bfc062723c751e8b465ee728b) (PreviewImporter) -> (Import Result ID: '29059e66dae2c7e2d0a764c009f284c5') in 0.0202815 seconds [static and dynamic dependencies]. Details - ImportResultOutputID=e9c86d52df8b5e2e3d8a425cbad512e3 DependenciesID=8aae314059ad4bcfbdc0db25c03c16d3 StaticDependenciesID=e61517ab914bc28eb6af4bdda66c2531 
Number of updated asset objects reloaded before import = 0Number of asset objects unloaded after import = 3

========================================================================
Received Import Request.
  Time since last request: 0.000025 seconds.
  path: Assets/Sprites/Tiles/tileSand_roadNorth.png
  importAddress: Guid(4c5bee81df364b945ab9af79951dd56f) Importer(815301076,1909f56bfc062723c751e8b465ee728b)
Start importing Assets/Sprites/Tiles/tileSand_roadNorth.png using Guid(4c5bee81df364b945ab9af79951dd56f) Importer(815301076,1909f56bfc062723c751e8b465ee728b) (PreviewImporter) -> (Import Result ID: 'e19e48cf8d2a63b65c071fe9c07549d3') in 0.0180231 seconds [static and dynamic dependencies]. Details - ImportResultOutputID=f5d8e20d4543b84398b7ee7d439b7ba5 DependenciesID=bdfbbf7891f68ac36de76fe256bbddd1 StaticDependenciesID=c5987c053c3269f2b0536b5fedb4046f 
Number of updated asset objects reloaded before import = 0Number of asset objects unloaded after import = 3

========================================================================
Received Import Request.
  Time since last request: 0.000029 seconds.
  path: Assets/Sprites/Tiles/tileGrass_roadSplitW.png
  importAddress: Guid(047f3de344ce2c8418fe83cbea0e8a69) Importer(815301076,1909f56bfc062723c751e8b465ee728b)
Start importing Assets/Sprites/Tiles/tileGrass_roadSplitW.png using Guid(047f3de344ce2c8418fe83cbea0e8a69) Importer(815301076,1909f56bfc062723c751e8b465ee728b) (PreviewImporter) -> (Import Result ID: '77c8d32f6282889994c1968d33746caa') in 0.0206168 seconds [static and dynamic dependencies]. Details - ImportResultOutputID=5d6586c59ae906e17bf91d13ccab11d1 DependenciesID=f839ff0181c77ad95cdf346d95a58ebd StaticDependenciesID=4cbbadd8b5fb7db18ba8e52d9d953806 
Number of updated asset objects reloaded before import = 0Number of asset objects unloaded after import = 3

========================================================================
Received Import Request.
  Time since last request: 0.000066 seconds.
  path: Assets/Sprites/Tiles/towerDefense_tile017.png
  importAddress: Guid(63f67432b28374d4f917b4a1da99895f) Importer(815301076,1909f56bfc062723c751e8b465ee728b)
Start importing Assets/Sprites/Tiles/towerDefense_tile017.png using Guid(63f67432b28374d4f917b4a1da99895f) Importer(815301076,1909f56bfc062723c751e8b465ee728b) (PreviewImporter) -> (Import Result ID: '5b657a733d85da95f3af863b41e6a312') in 0.0209482 seconds [static and dynamic dependencies]. Details - ImportResultOutputID=c8b9875195487495807115df80430ad0 DependenciesID=f13d8796de3c9636c37a4d84c2fe1fbe StaticDependenciesID=9afaea443b46c3b0a7bd56978090ad8d 
Number of updated asset objects reloaded before import = 0Number of asset objects unloaded after import = 3

========================================================================
Received Import Request.
  Time since last request: 0.000024 seconds.
  path: Assets/Sprites/Tiles/tileSand_roadSplitE.png
  importAddress: Guid(ffd55f26b99b71a4194ce8bdc4707d92) Importer(815301076,1909f56bfc062723c751e8b465ee728b)
Start importing Assets/Sprites/Tiles/tileSand_roadSplitE.png using Guid(ffd55f26b99b71a4194ce8bdc4707d92) Importer(815301076,1909f56bfc062723c751e8b465ee728b) (PreviewImporter) -> (Import Result ID: '1ab16f01e4abecf19660a0f208d1555d') in 0.0193223 seconds [static and dynamic dependencies]. Details - ImportResultOutputID=a6e2db74b0d46ccb9a7cac9a75161199 DependenciesID=7bc3a72fa5830cf96e079bdbbb6fd2b9 StaticDependenciesID=6c934c1716e02e8ca953fa0e29ec59e4 
Number of updated asset objects reloaded before import = 0Number of asset objects unloaded after import = 3

========================================================================
Received Import Request.
  Time since last request: 0.000014 seconds.
  path: Assets/Sprites/Tiles/tileGrass_roadCornerLR.png
  importAddress: Guid(2ab56eb993bf8274386b52da0b35a025) Importer(815301076,1909f56bfc062723c751e8b465ee728b)
Start importing Assets/Sprites/Tiles/tileGrass_roadCornerLR.png using Guid(2ab56eb993bf8274386b52da0b35a025) Importer(815301076,1909f56bfc062723c751e8b465ee728b) (PreviewImporter) -> (Import Result ID: '14aaf145120d6215e2f8c9dd0f4be586') in 0.0206424 seconds [static and dynamic dependencies]. Details - ImportResultOutputID=2e14fd3d7e04585082ea292cf99b2f12 DependenciesID=312d60291d9e4127ed205912c4df9f70 StaticDependenciesID=ed760c7c96682462162748d40a8abfe0 
Number of updated asset objects reloaded before import = 0Number of asset objects unloaded after import = 3

========================================================================
Received Import Request.
  Time since last request: 0.000022 seconds.
  path: Assets/Sprites/Tiles/tileGrass_roadCrossingRound.png
  importAddress: Guid(ea0bdfca02f261645ab79a3968d77fc0) Importer(815301076,1909f56bfc062723c751e8b465ee728b)
Start importing Assets/Sprites/Tiles/tileGrass_roadCrossingRound.png using Guid(ea0bdfca02f261645ab79a3968d77fc0) Importer(815301076,1909f56bfc062723c751e8b465ee728b) (PreviewImporter) -> (Import Result ID: 'd3652a3332c85fdbc82d3926fb001b80') in 0.0235422 seconds [static and dynamic dependencies]. Details - ImportResultOutputID=278153c688c0341786af13b612a10ce4 DependenciesID=6412a3257ab1a511396f19f53a318c54 StaticDependenciesID=6e95db9c50e34ef6124f3ed9ea31bf2a 
Number of updated asset objects reloaded before import = 0Number of asset objects unloaded after import = 3

========================================================================
Received Import Request.
  Time since last request: 1.882157 seconds.
  path: Assets/Sprites/Tanks
  importAddress: Guid(11377c947af45334dbb7d261f101ed2a) Importer(815301076,1909f56bfc062723c751e8b465ee728b)
Start importing Assets/Sprites/Tanks using Guid(11377c947af45334dbb7d261f101ed2a) Importer(815301076,1909f56bfc062723c751e8b465ee728b) (PreviewImporter) -> (Import Result ID: '1c3c89e1933e32ae79b849e29d9a3039') in 0.0006389 seconds [static and dynamic dependencies]. Details - ImportResultOutputID=0e578556492bfedcb0b41e2a6ead7701 DependenciesID=c42af7dd7954b214727a9ffc7cacaf95 StaticDependenciesID=dd1e047f2d736760401945d21f4d1981 
Number of updated asset objects reloaded before import = 0Number of asset objects unloaded after import = 0

========================================================================
Received Import Request.
  Time since last request: 0.041010 seconds.
  path: Assets/Sprites/Tanks/shotLarge.png
  importAddress: Guid(3d14cc8c4e73a4a4bb7f0eabdc073eb1) Importer(815301076,1909f56bfc062723c751e8b465ee728b)
Start importing Assets/Sprites/Tanks/shotLarge.png using Guid(3d14cc8c4e73a4a4bb7f0eabdc073eb1) Importer(815301076,1909f56bfc062723c751e8b465ee728b) (PreviewImporter) -> (Import Result ID: '92b6fd26aea2f25e8b75a32f8bca102a') in 0.0314871 seconds [static and dynamic dependencies]. Details - ImportResultOutputID=3bf6699b0c01eb6b5af9958d0023db9b DependenciesID=ad6ff211201e638fbf184e515546b079 StaticDependenciesID=ac1f9500fa313c00c0dc4d7762ebf1a9 
Number of updated asset objects reloaded before import = 0Number of asset objects unloaded after import = 3

========================================================================
Received Import Request.
  Time since last request: 0.000041 seconds.
  path: Assets/Sprites/Tanks/specialBarrel7_outline.png
  importAddress: Guid(8ed46adf7d9419444bf851f655b33a82) Importer(815301076,1909f56bfc062723c751e8b465ee728b)
Start importing Assets/Sprites/Tanks/specialBarrel7_outline.png using Guid(8ed46adf7d9419444bf851f655b33a82) Importer(815301076,1909f56bfc062723c751e8b465ee728b) (PreviewImporter) -> (Import Result ID: 'efa443402f1abf844ee956650c40df0f') in 0.0247593 seconds [static and dynamic dependencies]. Details - ImportResultOutputID=041839998b7d65b2ed7c5cfe452bf256 DependenciesID=e0f6826f5499443a8803977a81a02748 StaticDependenciesID=ad721c01433eb32240469f0ee611886d 
Number of updated asset objects reloaded before import = 0Number of asset objects unloaded after import = 3

========================================================================
Received Import Request.
  Time since last request: 0.000042 seconds.
  path: Assets/Sprites/Tanks/specialBarrel4_outline.png
  importAddress: Guid(f28ca78e146bc434f84e3ebe50b76a1d) Importer(815301076,1909f56bfc062723c751e8b465ee728b)
Start importing Assets/Sprites/Tanks/specialBarrel4_outline.png using Guid(f28ca78e146bc434f84e3ebe50b76a1d) Importer(815301076,1909f56bfc062723c751e8b465ee728b) (PreviewImporter) -> (Import Result ID: '2c1f8a9699b6809a8a24893c1a2db2e6') in 0.0200597 seconds [static and dynamic dependencies]. Details - ImportResultOutputID=182ab1cec43832cb66408d59f2f8e36e DependenciesID=f20f3e99c1587aa50cf88715862ac34e StaticDependenciesID=85c53dedd0c1ade340029df139abda1c 
Number of updated asset objects reloaded before import = 0Number of asset objects unloaded after import = 3

========================================================================
Received Import Request.
  Time since last request: 0.000034 seconds.
  path: Assets/Sprites/Tanks/tankRed_barrel2_outline.png
  importAddress: Guid(401558c00229cbb49b48b48450b38ac5) Importer(815301076,1909f56bfc062723c751e8b465ee728b)
Start importing Assets/Sprites/Tanks/tankRed_barrel2_outline.png using Guid(401558c00229cbb49b48b48450b38ac5) Importer(815301076,1909f56bfc062723c751e8b465ee728b) (PreviewImporter) -> (Import Result ID: 'a44e81f1741aed979f2a23159a5e6d83') in 0.0195848 seconds [static and dynamic dependencies]. Details - ImportResultOutputID=754b269dd246f5ad53210ca83298842f DependenciesID=3b79d8728d0acf623ee9e7c6d9f5f786 StaticDependenciesID=d8ff7ade5f084c2a22f0f124d34e7923 
Number of updated asset objects reloaded before import = 0Number of asset objects unloaded after import = 3

========================================================================
Received Import Request.
  Time since last request: 0.000024 seconds.
  path: Assets/Sprites/Tanks/shotThin.png
  importAddress: Guid(ed22b71213ee8e641a05e275ebc89638) Importer(815301076,1909f56bfc062723c751e8b465ee728b)
Start importing Assets/Sprites/Tanks/shotThin.png using Guid(ed22b71213ee8e641a05e275ebc89638) Importer(815301076,1909f56bfc062723c751e8b465ee728b) (PreviewImporter) -> (Import Result ID: '80b7172c6b11af8900e043698b5e8a7c') in 0.024809 seconds [static and dynamic dependencies]. Details - ImportResultOutputID=f6a002b825afbfc766c6c8b05cb5c325 DependenciesID=f12a51dfaabfdaad1d38058cd9ca0c68 StaticDependenciesID=e0d6827b326d88b5ad63071317f9b41f 
Number of updated asset objects reloaded before import = 0Number of asset objects unloaded after import = 3

========================================================================
Received Import Request.
  Time since last request: 0.000043 seconds.
  path: Assets/Sprites/Tanks/tankSand_barrel1_outline.png
  importAddress: Guid(87e2ad4bcf880a647974e9b6780e412c) Importer(815301076,1909f56bfc062723c751e8b465ee728b)
Start importing Assets/Sprites/Tanks/tankSand_barrel1_outline.png using Guid(87e2ad4bcf880a647974e9b6780e412c) Importer(815301076,1909f56bfc062723c751e8b465ee728b) (PreviewImporter) -> (Import Result ID: '0ad68899c35a696cc1ddf1830ee8d3bb') in 0.0227681 seconds [static and dynamic dependencies]. Details - ImportResultOutputID=7b2e9d4f603b415a0095b126851614f4 DependenciesID=861e7470e6d7ace6ac35fa690a201f1a StaticDependenciesID=33761aff06e5ca1c12d579178c862d36 
Number of updated asset objects reloaded before import = 0Number of asset objects unloaded after import = 3

========================================================================
Received Import Request.
  Time since last request: 0.000025 seconds.
  path: Assets/Sprites/Tanks/tankDark_barrel1_outline.png
  importAddress: Guid(2ff0dd33de3335e4aba17bee0ffbbe53) Importer(815301076,1909f56bfc062723c751e8b465ee728b)
Start importing Assets/Sprites/Tanks/tankDark_barrel1_outline.png using Guid(2ff0dd33de3335e4aba17bee0ffbbe53) Importer(815301076,1909f56bfc062723c751e8b465ee728b) (PreviewImporter) -> (Import Result ID: 'ff1df2559eca821d8fd9c7e4aebadbce') in 0.0176899 seconds [static and dynamic dependencies]. Details - ImportResultOutputID=c3c5aeb6422418201afb802933e7906a DependenciesID=a98bb6dbd66061d245e0fd25ed67cad6 StaticDependenciesID=d83345584ffe352b1e3374accda8e800 
Number of updated asset objects reloaded before import = 0Number of asset objects unloaded after import = 3

========================================================================
Received Import Request.
  Time since last request: 0.000072 seconds.
  path: Assets/Sprites/Tanks/tankDark_barrel2_outline.png
  importAddress: Guid(7bc1cac540f5f1645b436c72a8d49f19) Importer(815301076,1909f56bfc062723c751e8b465ee728b)
Start importing Assets/Sprites/Tanks/tankDark_barrel2_outline.png using Guid(7bc1cac540f5f1645b436c72a8d49f19) Importer(815301076,1909f56bfc062723c751e8b465ee728b) (PreviewImporter) -> (Import Result ID: '9515f40ddde23ad1c851e78745cc4de6') in 0.0189588 seconds [static and dynamic dependencies]. Details - ImportResultOutputID=137512609802dfe54f7cf8cd5f631a86 DependenciesID=457433538ceb88bf98fd59b469de25ad StaticDependenciesID=6611a21250abd418cb9eb7b82743f4d2 
Number of updated asset objects reloaded before import = 0Number of asset objects unloaded after import = 3

========================================================================
Received Import Request.
  Time since last request: 0.000022 seconds.
  path: Assets/Sprites/Tanks/tankBody_dark_outline.png
  importAddress: Guid(6ca4ae8769e7c6c409aa88a94995eaf0) Importer(815301076,1909f56bfc062723c751e8b465ee728b)
Start importing Assets/Sprites/Tanks/tankBody_dark_outline.png using Guid(6ca4ae8769e7c6c409aa88a94995eaf0) Importer(815301076,1909f56bfc062723c751e8b465ee728b) (PreviewImporter) -> (Import Result ID: '37c15e49359295081b522ab93b8ba3d0') in 0.0238829 seconds [static and dynamic dependencies]. Details - ImportResultOutputID=27332889ce3fc2767abca09627e207d6 DependenciesID=e36ab399e7cee9b1c2c175fe73ff3f55 StaticDependenciesID=c35e8977a9972452062a3a02b0782d0d 
Number of updated asset objects reloaded before import = 0Number of asset objects unloaded after import = 3

========================================================================
Received Import Request.
  Time since last request: 0.000027 seconds.
  path: Assets/Sprites/Tanks/shotRed.png
  importAddress: Guid(6cb18a93023709e48af33c40d2ebb5c5) Importer(815301076,1909f56bfc062723c751e8b465ee728b)
Start importing Assets/Sprites/Tanks/shotRed.png using Guid(6cb18a93023709e48af33c40d2ebb5c5) Importer(815301076,1909f56bfc062723c751e8b465ee728b) (PreviewImporter) -> (Import Result ID: '9f27a4ca93d220ed885a895fba548da1') in 0.0234686 seconds [static and dynamic dependencies]. Details - ImportResultOutputID=a75ece17f69548d5ef9e68aca5e3778a DependenciesID=500b6eb86f8377fdc0766325c5dd62c7 StaticDependenciesID=1989c59a529d5d046dba838b6daf2115 
Number of updated asset objects reloaded before import = 0Number of asset objects unloaded after import = 3

========================================================================
Received Import Request.
  Time since last request: 0.000033 seconds.
  path: Assets/Sprites/Tanks/tankBlue_barrel3_outline.png
  importAddress: Guid(fd24b0630bcbe214da62a9d1266882d6) Importer(815301076,1909f56bfc062723c751e8b465ee728b)
Start importing Assets/Sprites/Tanks/tankBlue_barrel3_outline.png using Guid(fd24b0630bcbe214da62a9d1266882d6) Importer(815301076,1909f56bfc062723c751e8b465ee728b) (PreviewImporter) -> (Import Result ID: '930f5e3b5c675f85979b6d492aba89d9') in 0.0208833 seconds [static and dynamic dependencies]. Details - ImportResultOutputID=751eebfae25da417e2d60299ef52355e DependenciesID=a1522595deec548aa10d88700897d231 StaticDependenciesID=ba13658de20edfe1526133c244790836 
Number of updated asset objects reloaded before import = 0Number of asset objects unloaded after import = 3

========================================================================
Received Import Request.
  Time since last request: 0.000029 seconds.
  path: Assets/Sprites/Tanks/specialBarrel1_outline.png
  importAddress: Guid(2fcdf071660849e4fa3dc896291bc1aa) Importer(815301076,1909f56bfc062723c751e8b465ee728b)
Start importing Assets/Sprites/Tanks/specialBarrel1_outline.png using Guid(2fcdf071660849e4fa3dc896291bc1aa) Importer(815301076,1909f56bfc062723c751e8b465ee728b) (PreviewImporter) -> (Import Result ID: 'b257ba6f5c92f1453758da81a3e2b02a') in 0.0225298 seconds [static and dynamic dependencies]. Details - ImportResultOutputID=97eb6a3218df0a287205a2bfd4acefe3 DependenciesID=da59e8f0ec4b79d9bab14047ae73be9f StaticDependenciesID=a978707dd46661d4bfe266ab340eac7b 
Number of updated asset objects reloaded before import = 0Number of asset objects unloaded after import = 3

========================================================================
Received Import Request.
  Time since last request: 0.000028 seconds.
  path: Assets/Sprites/Tanks/specialBarrel2_outline.png
  importAddress: Guid(52eafb1cca63aa941b0a643c27575e72) Importer(815301076,1909f56bfc062723c751e8b465ee728b)
Start importing Assets/Sprites/Tanks/specialBarrel2_outline.png using Guid(52eafb1cca63aa941b0a643c27575e72) Importer(815301076,1909f56bfc062723c751e8b465ee728b) (PreviewImporter) -> (Import Result ID: '9addb481f04925f40354b6dbb4805da6') in 0.0195664 seconds [static and dynamic dependencies]. Details - ImportResultOutputID=b3ebb8d31f2ba143f9816bae44663b9f DependenciesID=83e69b836196480b549eca49743721f3 StaticDependenciesID=b58286fd608afdf0ee3ce0f4835d2ae7 
Number of updated asset objects reloaded before import = 0Number of asset objects unloaded after import = 3

========================================================================
Received Import Request.
  Time since last request: 0.000021 seconds.
  path: Assets/Sprites/Tanks/specialBarrel3_outline.png
  importAddress: Guid(b6b8e0d6dce511a4a92e423d049ab1d1) Importer(815301076,1909f56bfc062723c751e8b465ee728b)
Start importing Assets/Sprites/Tanks/specialBarrel3_outline.png using Guid(b6b8e0d6dce511a4a92e423d049ab1d1) Importer(815301076,1909f56bfc062723c751e8b465ee728b) (PreviewImporter) -> (Import Result ID: 'ebfda66fb53033f5cf549d03a22e85ec') in 0.0195493 seconds [static and dynamic dependencies]. Details - ImportResultOutputID=74f9db7be3075de2485eab8bc7d9fc1b DependenciesID=92bfa5f814f70b81157803f24338720c StaticDependenciesID=1772e77e57bc3387637c41a717acac99 
Number of updated asset objects reloaded before import = 0Number of asset objects unloaded after import = 3

========================================================================
Received Import Request.
  Time since last request: 0.000020 seconds.
  path: Assets/Sprites/Tanks/tankSand_barrel3_outline.png
  importAddress: Guid(42c4b30d9b030274886db5b6a2447de1) Importer(815301076,1909f56bfc062723c751e8b465ee728b)
Start importing Assets/Sprites/Tanks/tankSand_barrel3_outline.png using Guid(42c4b30d9b030274886db5b6a2447de1) Importer(815301076,1909f56bfc062723c751e8b465ee728b) (PreviewImporter) -> (Import Result ID: 'a1998591906457e820c8e6632115de4b') in 0.0183224 seconds [static and dynamic dependencies]. Details - ImportResultOutputID=dcd216173c468520383c74f192d9f52a DependenciesID=b151d123d222c44b9cbfab6d63491bf4 StaticDependenciesID=1413424c6a9982291ec3bbd727ad850e 
Number of updated asset objects reloaded before import = 0Number of asset objects unloaded after import = 3

========================================================================
Received Import Request.
  Time since last request: 0.000028 seconds.
  path: Assets/Sprites/Tanks/tankDark_barrel3_outline.png
  importAddress: Guid(25396138ea731104183c912e3bb60ec4) Importer(815301076,1909f56bfc062723c751e8b465ee728b)
Start importing Assets/Sprites/Tanks/tankDark_barrel3_outline.png using Guid(25396138ea731104183c912e3bb60ec4) Importer(815301076,1909f56bfc062723c751e8b465ee728b) (PreviewImporter) -> (Import Result ID: 'a6dff80854b80c72b219f4e651d751e8') in 0.0216276 seconds [static and dynamic dependencies]. Details - ImportResultOutputID=89cc8ef750ee57a43a1e67ccf28cec0e DependenciesID=7bc66e0f06a88c6239dc36251faadc1e StaticDependenciesID=6de0be7231dbf521d70359fd2e37a66d 
Number of updated asset objects reloaded before import = 0Number of asset objects unloaded after import = 3

========================================================================
Received Import Request.
  Time since last request: 0.000040 seconds.
  path: Assets/Sprites/Tanks/tankBody_sand_outline.png
  importAddress: Guid(c984589c8df9fa54fa764346b673f519) Importer(815301076,1909f56bfc062723c751e8b465ee728b)
Start importing Assets/Sprites/Tanks/tankBody_sand_outline.png using Guid(c984589c8df9fa54fa764346b673f519) Importer(815301076,1909f56bfc062723c751e8b465ee728b) (PreviewImporter) -> (Import Result ID: '99d83b5365a0b42ad4eb3f875c4d9060') in 0.0205277 seconds [static and dynamic dependencies]. Details - ImportResultOutputID=320ce6a0c52b9b619faae888a7b16fe0 DependenciesID=2897d158903f5d8fce8598b63feecf57 StaticDependenciesID=511ec095c70bf3fa2938cb068e6abfbb 
Number of updated asset objects reloaded before import = 0Number of asset objects unloaded after import = 3

========================================================================
Received Import Request.
  Time since last request: 3.763524 seconds.
  path: Assets/Sprites/Environment
  importAddress: Guid(f6885b2603478bc48b8236567ada31ed) Importer(815301076,1909f56bfc062723c751e8b465ee728b)
Start importing Assets/Sprites/Environment using Guid(f6885b2603478bc48b8236567ada31ed) Importer(815301076,1909f56bfc062723c751e8b465ee728b) (PreviewImporter) -> (Import Result ID: 'd6df54d9384f48eefc4c29319cadb94e') in 0.0010564 seconds [static and dynamic dependencies]. Details - ImportResultOutputID=2c4ce64abbc72f7757068e4db22ec5c1 DependenciesID=9106f8b54d06a4934cd8eb6e14c8b4a9 StaticDependenciesID=641f0e75bb77ddb774ec7c74bbc2950f 
Number of updated asset objects reloaded before import = 0Number of asset objects unloaded after import = 0

========================================================================
Received Import Request.
  Time since last request: 0.059655 seconds.
  path: Assets/Sprites/Environment/barrelBlack_side.png
  importAddress: Guid(0e71f05ba05775b468fa6a33d8a2de90) Importer(815301076,1909f56bfc062723c751e8b465ee728b)
Start importing Assets/Sprites/Environment/barrelBlack_side.png using Guid(0e71f05ba05775b468fa6a33d8a2de90) Importer(815301076,1909f56bfc062723c751e8b465ee728b) (PreviewImporter) -> (Import Result ID: '3d6525c5cbdbe63636bf32f701543ad4') in 0.0285697 seconds [static and dynamic dependencies]. Details - ImportResultOutputID=54af4ca064a6ee13f8db4cdec6cd210b DependenciesID=838853b86f7e2e9be5562c749af898ad StaticDependenciesID=fa3c44b3cc8416d7689a5797819f5839 
Number of updated asset objects reloaded before import = 0Number of asset objects unloaded after import = 3

========================================================================
Received Import Request.
  Time since last request: 0.000019 seconds.
  path: Assets/Sprites/Environment/bulletDark3.png
  importAddress: Guid(7b01862f1a5c36345b87f73b90901885) Importer(815301076,1909f56bfc062723c751e8b465ee728b)
Start importing Assets/Sprites/Environment/bulletDark3.png using Guid(7b01862f1a5c36345b87f73b90901885) Importer(815301076,1909f56bfc062723c751e8b465ee728b) (PreviewImporter) -> (Import Result ID: '5770f511fbbf7b1c2eec46b9e6e6e6ad') in 0.0246038 seconds [static and dynamic dependencies]. Details - ImportResultOutputID=adeff96eec1b18b113a9622a5204d061 DependenciesID=7cfcce4e9d799139f6300b59435c8720 StaticDependenciesID=32210d980acb1db2de8ae5c22ec55733 
Number of updated asset objects reloaded before import = 0Number of asset objects unloaded after import = 3

========================================================================
Received Import Request.
  Time since last request: 0.000024 seconds.
  path: Assets/Sprites/Environment/barricadeMetal.png
  importAddress: Guid(1af00c10ee878834ca5fdd281b3934e9) Importer(815301076,1909f56bfc062723c751e8b465ee728b)
Start importing Assets/Sprites/Environment/barricadeMetal.png using Guid(1af00c10ee878834ca5fdd281b3934e9) Importer(815301076,1909f56bfc062723c751e8b465ee728b) (PreviewImporter) -> (Import Result ID: '9c7ec8dedb737891e74963fdd9bee96b') in 0.0329344 seconds [static and dynamic dependencies]. Details - ImportResultOutputID=43af68203dbb006f3ea954e3531725b1 DependenciesID=ad7e8d02bccd6cb817f7b380f5e436df StaticDependenciesID=da48c9599c2567433f891bde300d6fb1 
Number of updated asset objects reloaded before import = 0Number of asset objects unloaded after import = 3

========================================================================
Received Import Request.
  Time since last request: 0.000026 seconds.
  path: Assets/Sprites/Environment/barrelRed_top.png
  importAddress: Guid(de02c15831ef56b4d9faca2ab0eac32f) Importer(815301076,1909f56bfc062723c751e8b465ee728b)
Start importing Assets/Sprites/Environment/barrelRed_top.png using Guid(de02c15831ef56b4d9faca2ab0eac32f) Importer(815301076,1909f56bfc062723c751e8b465ee728b) (PreviewImporter) -> (Import Result ID: '08e423586168c6cdf749a57f645ef53e') in 0.0274278 seconds [static and dynamic dependencies]. Details - ImportResultOutputID=0c3de91c1158d4cf4905c99237bb5a89 DependenciesID=391cea155931da6aec4e38c8f35e38be StaticDependenciesID=5730c68737f1d2ca967bdeb1ccfc0995 
Number of updated asset objects reloaded before import = 0Number of asset objects unloaded after import = 3

========================================================================
Received Import Request.
  Time since last request: 0.000038 seconds.
  path: Assets/Sprites/Environment/bulletBlue2_outline.png
  importAddress: Guid(fed417a222bce394a9b898ddb61e6dda) Importer(815301076,1909f56bfc062723c751e8b465ee728b)
Start importing Assets/Sprites/Environment/bulletBlue2_outline.png using Guid(fed417a222bce394a9b898ddb61e6dda) Importer(815301076,1909f56bfc062723c751e8b465ee728b) (PreviewImporter) -> (Import Result ID: 'd2131a6294b97ffce56243849c8fdf7d') in 0.0258825 seconds [static and dynamic dependencies]. Details - ImportResultOutputID=859b74dd4b225c439e13c58d14da50db DependenciesID=c0a9d513f727a92c7ba3cb6942aab7f1 StaticDependenciesID=38617378bc28423360cc1e72916a51c4 
Number of updated asset objects reloaded before import = 0Number of asset objects unloaded after import = 3

========================================================================
Received Import Request.
  Time since last request: 0.000018 seconds.
  path: Assets/Sprites/Environment/bulletDark2.png
  importAddress: Guid(57e2df701b7bdfa46b68fae3d52543c7) Importer(815301076,1909f56bfc062723c751e8b465ee728b)
Start importing Assets/Sprites/Environment/bulletDark2.png using Guid(57e2df701b7bdfa46b68fae3d52543c7) Importer(815301076,1909f56bfc062723c751e8b465ee728b) (PreviewImporter) -> (Import Result ID: '4eb4205bbd4e24ffb62ccf6cbf6b74f6') in 0.0194697 seconds [static and dynamic dependencies]. Details - ImportResultOutputID=de3132e1a1c1902b5d8ae7493bd0be9f DependenciesID=292ce6b8ddd80e818e907bcfddd47e4e StaticDependenciesID=e36857f931793fb22b1177936590fd97 
Number of updated asset objects reloaded before import = 0Number of asset objects unloaded after import = 3

========================================================================
Received Import Request.
  Time since last request: 0.000023 seconds.
  path: Assets/Sprites/Environment/bulletRed3.png
  importAddress: Guid(6727883e0077a414684c8474be0cfea8) Importer(815301076,1909f56bfc062723c751e8b465ee728b)
Start importing Assets/Sprites/Environment/bulletRed3.png using Guid(6727883e0077a414684c8474be0cfea8) Importer(815301076,1909f56bfc062723c751e8b465ee728b) (PreviewImporter) -> (Import Result ID: '127d23834d6affb6d0ba5e3d2d0be04f') in 0.0170241 seconds [static and dynamic dependencies]. Details - ImportResultOutputID=a2398c6b0be71f15f28f5d7628cbd496 DependenciesID=a613008a52e6097c1ff02ab16599397d StaticDependenciesID=39209cf6098861d3ccb5027d9996808d 
Number of updated asset objects reloaded before import = 0Number of asset objects unloaded after import = 3

========================================================================
Received Import Request.
  Time since last request: 0.000021 seconds.
  path: Assets/Sprites/Environment/bulletSand2_outline.png
  importAddress: Guid(1275aa92f03ca7c4b9c796f5be480a28) Importer(815301076,1909f56bfc062723c751e8b465ee728b)
Start importing Assets/Sprites/Environment/bulletSand2_outline.png using Guid(1275aa92f03ca7c4b9c796f5be480a28) Importer(815301076,1909f56bfc062723c751e8b465ee728b) (PreviewImporter) -> (Import Result ID: '87ad367ab6b9b6cbed1ff1bfb64f7c5b') in 0.0177801 seconds [static and dynamic dependencies]. Details - ImportResultOutputID=415c5ec13a6eeb92267794e91c570a19 DependenciesID=40f1a604bd08a3a4f00ff698d78fda92 StaticDependenciesID=d209ccd0dd26ec6927a85705e4dca893 
Number of updated asset objects reloaded before import = 0Number of asset objects unloaded after import = 3

========================================================================
Received Import Request.
  Time since last request: 0.000025 seconds.
  path: Assets/Sprites/Environment/barrelRed_side.png
  importAddress: Guid(4205527d307c227418c7fef025a94043) Importer(815301076,1909f56bfc062723c751e8b465ee728b)
Start importing Assets/Sprites/Environment/barrelRed_side.png using Guid(4205527d307c227418c7fef025a94043) Importer(815301076,1909f56bfc062723c751e8b465ee728b) (PreviewImporter) -> (Import Result ID: 'ec6143c0e87189b40a51a4f7616c572f') in 0.017742 seconds [static and dynamic dependencies]. Details - ImportResultOutputID=5f4b1e83a4ee53ced2e9977aecd2e3bb DependenciesID=ea47b98346a29559b2a3dacccb9c8823 StaticDependenciesID=4dc6a3bf5d62e86427b11c353444cb45 
Number of updated asset objects reloaded before import = 0Number of asset objects unloaded after import = 3

========================================================================
Received Import Request.
  Time since last request: 0.000030 seconds.
  path: Assets/Sprites/Environment/barrelRust_top.png
  importAddress: Guid(7d00cbb5485d3534fa863e322771b0b2) Importer(815301076,1909f56bfc062723c751e8b465ee728b)
Start importing Assets/Sprites/Environment/barrelRust_top.png using Guid(7d00cbb5485d3534fa863e322771b0b2) Importer(815301076,1909f56bfc062723c751e8b465ee728b) (PreviewImporter) -> (Import Result ID: '4f48e94193b60502df5cedfffc3ccef1') in 0.0178564 seconds [static and dynamic dependencies]. Details - ImportResultOutputID=e9b487e4a30577167814ac635f53572b DependenciesID=0bc1e70b33af759349180915e20350a4 StaticDependenciesID=80766861d51466aa3e1b42d9a6ba0b4b 
Number of updated asset objects reloaded before import = 0Number of asset objects unloaded after import = 3

========================================================================
Received Import Request.
  Time since last request: 0.000021 seconds.
  path: Assets/Sprites/Environment/treeGreen_twigs.png
  importAddress: Guid(b5df33ce7149a7841a724d36ad650c99) Importer(815301076,1909f56bfc062723c751e8b465ee728b)
Start importing Assets/Sprites/Environment/treeGreen_twigs.png using Guid(b5df33ce7149a7841a724d36ad650c99) Importer(815301076,1909f56bfc062723c751e8b465ee728b) (PreviewImporter) -> (Import Result ID: '60af864d50f674a895fb695265ce9e5a') in 0.0205128 seconds [static and dynamic dependencies]. Details - ImportResultOutputID=a3cbd4dbb58a01f204e85fff0aec554c DependenciesID=ed3e1f012af3e507b680845387d5652c StaticDependenciesID=cb2b1c6cc9eaff212a13a880def1ae43 
Number of updated asset objects reloaded before import = 0Number of asset objects unloaded after import = 3

========================================================================
Received Import Request.
  Time since last request: 0.000014 seconds.
  path: Assets/Sprites/Environment/bulletRed1.png
  importAddress: Guid(1b548f26593c1f2489afecd8349373a0) Importer(815301076,1909f56bfc062723c751e8b465ee728b)
Start importing Assets/Sprites/Environment/bulletRed1.png using Guid(1b548f26593c1f2489afecd8349373a0) Importer(815301076,1909f56bfc062723c751e8b465ee728b) (PreviewImporter) -> (Import Result ID: '2a3a17570e3e89171252c24100213ad0') in 0.0196272 seconds [static and dynamic dependencies]. Details - ImportResultOutputID=2f160cca7f849415bde952f490f8b7c4 DependenciesID=ff49053bb24aa3a37fd29b946c865c2a StaticDependenciesID=5c71608767713d08c0b0fd5bc1576640 
Number of updated asset objects reloaded before import = 0Number of asset objects unloaded after import = 3

========================================================================
Received Import Request.
  Time since last request: 0.000023 seconds.
  path: Assets/Sprites/Environment/bulletGreen2_outline.png
  importAddress: Guid(c8b842e94d19647499ff0a5ec45fc94c) Importer(815301076,1909f56bfc062723c751e8b465ee728b)
Start importing Assets/Sprites/Environment/bulletGreen2_outline.png using Guid(c8b842e94d19647499ff0a5ec45fc94c) Importer(815301076,1909f56bfc062723c751e8b465ee728b) (PreviewImporter) -> (Import Result ID: '6336cef6e60c9b204664ff775e9670b6') in 0.0185293 seconds [static and dynamic dependencies]. Details - ImportResultOutputID=f705b3ddace2feba7c70e21bbefd7f86 DependenciesID=2241ed24feefda63f7960e2a28d12afc StaticDependenciesID=a9892011c60e11213f82813c1ae56763 
Number of updated asset objects reloaded before import = 0Number of asset objects unloaded after import = 3

========================================================================
Received Import Request.
  Time since last request: 0.000029 seconds.
  path: Assets/Sprites/Environment/crateWood.png
  importAddress: Guid(ea641c1fed80b6b43a502968054b89ed) Importer(815301076,1909f56bfc062723c751e8b465ee728b)
Start importing Assets/Sprites/Environment/crateWood.png using Guid(ea641c1fed80b6b43a502968054b89ed) Importer(815301076,1909f56bfc062723c751e8b465ee728b) (PreviewImporter) -> (Import Result ID: 'a654056ea83aa2e6629beb7a0dc6f2e0') in 0.0187793 seconds [static and dynamic dependencies]. Details - ImportResultOutputID=0e0d602794998e47ce1741c542a37182 DependenciesID=0819aa56987f6ed6c7d7ca3071454931 StaticDependenciesID=840c3644213c0012131c114708c42841 
Number of updated asset objects reloaded before import = 0Number of asset objects unloaded after import = 3

========================================================================
Received Import Request.
  Time since last request: 0.000033 seconds.
  path: Assets/Sprites/Environment/barrelGreen_side.png
  importAddress: Guid(29835f60e29440046a1fa398f2fec309) Importer(815301076,1909f56bfc062723c751e8b465ee728b)
Start importing Assets/Sprites/Environment/barrelGreen_side.png using Guid(29835f60e29440046a1fa398f2fec309) Importer(815301076,1909f56bfc062723c751e8b465ee728b) (PreviewImporter) -> (Import Result ID: '3924420518d1b3b0ccf36186ce8ebf63') in 0.0191325 seconds [static and dynamic dependencies]. Details - ImportResultOutputID=4954006a93cd8aba933352d59dd35fff DependenciesID=c43bf99854ea3afa94f39dd76d0b0257 StaticDependenciesID=27692d348a7c11a36cd819edb77efed4 
Number of updated asset objects reloaded before import = 0Number of asset objects unloaded after import = 3

========================================================================
Received Import Request.
  Time since last request: 0.000033 seconds.
  path: Assets/Sprites/Environment/bulletBlue3.png
  importAddress: Guid(191a707f37de2b048b550b07c709892b) Importer(815301076,1909f56bfc062723c751e8b465ee728b)
Start importing Assets/Sprites/Environment/bulletBlue3.png using Guid(191a707f37de2b048b550b07c709892b) Importer(815301076,1909f56bfc062723c751e8b465ee728b) (PreviewImporter) -> (Import Result ID: '932e95bbbb29754e677687186f5341c3') in 0.0190106 seconds [static and dynamic dependencies]. Details - ImportResultOutputID=7092fe2b95ff34551500484d775f9ec5 DependenciesID=8e69137b0337865365357545d776c7af StaticDependenciesID=7a631dbb8823318fac02463769cee376 
Number of updated asset objects reloaded before import = 0Number of asset objects unloaded after import = 3

========================================================================
Received Import Request.
  Time since last request: 0.000017 seconds.
  path: Assets/Sprites/Environment/treeGreen_large.png
  importAddress: Guid(8d91792ccf57f0a41b8097bbb6eadd84) Importer(815301076,1909f56bfc062723c751e8b465ee728b)
Start importing Assets/Sprites/Environment/treeGreen_large.png using Guid(8d91792ccf57f0a41b8097bbb6eadd84) Importer(815301076,1909f56bfc062723c751e8b465ee728b) (PreviewImporter) -> (Import Result ID: 'e502ad68491b817072f81f53eed3eed6') in 0.0172077 seconds [static and dynamic dependencies]. Details - ImportResultOutputID=7f07e1bb03b89a0b568a1f27b8f766ca DependenciesID=8234bde75a097973b4f3acd8abd5748f StaticDependenciesID=751284d75d4afaede0ba555d2cef200c 
Number of updated asset objects reloaded before import = 0Number of asset objects unloaded after import = 3

========================================================================
Received Import Request.
  Time since last request: 0.000019 seconds.
  path: Assets/Sprites/Environment/sandbagBeige_open.png
  importAddress: Guid(03af042c646a17d45b4d4a5c29808ca4) Importer(815301076,1909f56bfc062723c751e8b465ee728b)
Start importing Assets/Sprites/Environment/sandbagBeige_open.png using Guid(03af042c646a17d45b4d4a5c29808ca4) Importer(815301076,1909f56bfc062723c751e8b465ee728b) (PreviewImporter) -> (Import Result ID: '890471343df112943b873c64a8a3fc07') in 0.0188434 seconds [static and dynamic dependencies]. Details - ImportResultOutputID=d6417db75a4c603db9b76e96cee2cd38 DependenciesID=530f7984bd4ed71b5522fc258352d074 StaticDependenciesID=555479a263e6315ac5210f1e00c66c68 
Number of updated asset objects reloaded before import = 0Number of asset objects unloaded after import = 3

========================================================================
Received Import Request.
  Time since last request: 0.000024 seconds.
  path: Assets/Sprites/Environment/barricadeWood.png
  importAddress: Guid(0777445519bf29b409bee09d1ffef884) Importer(815301076,1909f56bfc062723c751e8b465ee728b)
Start importing Assets/Sprites/Environment/barricadeWood.png using Guid(0777445519bf29b409bee09d1ffef884) Importer(815301076,1909f56bfc062723c751e8b465ee728b) (PreviewImporter) -> (Import Result ID: '709f3777c2aae514a1d5590af5c0440f') in 0.0196153 seconds [static and dynamic dependencies]. Details - ImportResultOutputID=022ed6beb7706438cb50c6420b242327 DependenciesID=18df16a11a4bdd235d2918f652cadc60 StaticDependenciesID=866b2e15b919d5cbd559fee506093140 
Number of updated asset objects reloaded before import = 0Number of asset objects unloaded after import = 3

========================================================================
Received Import Request.
  Time since last request: 0.000027 seconds.
  path: Assets/Sprites/Environment/crateMetal_side.png
  importAddress: Guid(0bd0aaff6e41b1d448cee4afa0bd18af) Importer(815301076,1909f56bfc062723c751e8b465ee728b)
Start importing Assets/Sprites/Environment/crateMetal_side.png using Guid(0bd0aaff6e41b1d448cee4afa0bd18af) Importer(815301076,1909f56bfc062723c751e8b465ee728b) (PreviewImporter) -> (Import Result ID: '89fad9574b910e66ef634abe24c13264') in 0.0192083 seconds [static and dynamic dependencies]. Details - ImportResultOutputID=6b80cfa477fde0079da7cbc9cba8bd4b DependenciesID=3cba60caec28b94f184f6c33fab157db StaticDependenciesID=81c95235c03aee718c39793c5c5d7671 
Number of updated asset objects reloaded before import = 0Number of asset objects unloaded after import = 3

========================================================================
Received Import Request.
  Time since last request: 0.000014 seconds.
  path: Assets/Sprites/Environment/bulletRed2.png
  importAddress: Guid(94bb349c6d7220143ab9576e6df94e6b) Importer(815301076,1909f56bfc062723c751e8b465ee728b)
Start importing Assets/Sprites/Environment/bulletRed2.png using Guid(94bb349c6d7220143ab9576e6df94e6b) Importer(815301076,1909f56bfc062723c751e8b465ee728b) (PreviewImporter) -> (Import Result ID: '36b52003115b5804c960e5f3f77380e3') in 0.0202665 seconds [static and dynamic dependencies]. Details - ImportResultOutputID=b359c703c6d1da6bf8d3bc923ffc8f91 DependenciesID=0f3658280c489d2fed4575e4c3b74d9a StaticDependenciesID=b8c2ce0d346b60a12a3afa63f9b33297 
Number of updated asset objects reloaded before import = 0Number of asset objects unloaded after import = 3

========================================================================
Received Import Request.
  Time since last request: 0.000020 seconds.
  path: Assets/Sprites/Environment/bulletGreen3.png
  importAddress: Guid(89ad64ce27ed3354b9240267c94a1574) Importer(815301076,1909f56bfc062723c751e8b465ee728b)
Start importing Assets/Sprites/Environment/bulletGreen3.png using Guid(89ad64ce27ed3354b9240267c94a1574) Importer(815301076,1909f56bfc062723c751e8b465ee728b) (PreviewImporter) -> (Import Result ID: '5ed153fc58cd13ad18528aea4c98cb7e') in 0.0211152 seconds [static and dynamic dependencies]. Details - ImportResultOutputID=963d32e1063491734b4fe190b7364b53 DependenciesID=a43cff782aa9f862a48a336a5c9adb81 StaticDependenciesID=cc1788126e72c3cbf106f071a197ee75 
Number of updated asset objects reloaded before import = 0Number of asset objects unloaded after import = 3

========================================================================
Received Import Request.
  Time since last request: 0.000016 seconds.
  path: Assets/Sprites/Environment/treeBrown_small.png
  importAddress: Guid(2f0aa40b076747346be53464ecca8f8d) Importer(815301076,1909f56bfc062723c751e8b465ee728b)
Start importing Assets/Sprites/Environment/treeBrown_small.png using Guid(2f0aa40b076747346be53464ecca8f8d) Importer(815301076,1909f56bfc062723c751e8b465ee728b) (PreviewImporter) -> (Import Result ID: 'd4f9c1a711f1c0a1d0974363129e5bae') in 0.0194183 seconds [static and dynamic dependencies]. Details - ImportResultOutputID=9fb06f1ff97854669705821a1f1d2487 DependenciesID=a312433794e4ae87c40994cb05796ed2 StaticDependenciesID=04926538fc86c8797125da226da6b656 
Number of updated asset objects reloaded before import = 0Number of asset objects unloaded after import = 3

========================================================================
Received Import Request.
  Time since last request: 0.000023 seconds.
  path: Assets/Sprites/Environment/treeGreen_small.png
  importAddress: Guid(af6e991bb020ee04da33fd1e328e6c60) Importer(815301076,1909f56bfc062723c751e8b465ee728b)
Start importing Assets/Sprites/Environment/treeGreen_small.png using Guid(af6e991bb020ee04da33fd1e328e6c60) Importer(815301076,1909f56bfc062723c751e8b465ee728b) (PreviewImporter) -> (Import Result ID: '2761a2ef6c3f469867a9d84c10757aa6') in 0.0201072 seconds [static and dynamic dependencies]. Details - ImportResultOutputID=84e2ad00e8bf60bcb684589d5aac4bff DependenciesID=0e9caf04674ae124140aa7458ae3b9b7 StaticDependenciesID=7d8c46a3e828c8bc58dfb3523d98795a 
Number of updated asset objects reloaded before import = 0Number of asset objects unloaded after import = 3

========================================================================
Received Import Request.
  Time since last request: 0.000042 seconds.
  path: Assets/Sprites/Environment/bulletSand3.png
  importAddress: Guid(0faf19bd153db244eae062d6bef6c4c8) Importer(815301076,1909f56bfc062723c751e8b465ee728b)
Start importing Assets/Sprites/Environment/bulletSand3.png using Guid(0faf19bd153db244eae062d6bef6c4c8) Importer(815301076,1909f56bfc062723c751e8b465ee728b) (PreviewImporter) -> (Import Result ID: '0437e23ff1da829376ff96ac21aa315b') in 0.0201148 seconds [static and dynamic dependencies]. Details - ImportResultOutputID=5bdb2dad06f32e2667cff36b4a42602f DependenciesID=58ec7b2f1120db0ab0ebca30279cc359 StaticDependenciesID=28c6848e2b54495419cfea63acd1fe12 
Number of updated asset objects reloaded before import = 0Number of asset objects unloaded after import = 3

========================================================================
Received Import Request.
  Time since last request: 0.000015 seconds.
  path: Assets/Sprites/Environment/sandbagBrown.png
  importAddress: Guid(af9587a633217e4488b55deb6237c649) Importer(815301076,1909f56bfc062723c751e8b465ee728b)
Start importing Assets/Sprites/Environment/sandbagBrown.png using Guid(af9587a633217e4488b55deb6237c649) Importer(815301076,1909f56bfc062723c751e8b465ee728b) (PreviewImporter) -> (Import Result ID: '7dad3b0abf1a7adec07beb09c3f8f6c8') in 0.0192125 seconds [static and dynamic dependencies]. Details - ImportResultOutputID=52459a985a0ce101dec32cd85e033182 DependenciesID=c19a471ea1ceec3ccdbabea4ee2b93f9 StaticDependenciesID=28ebc26221a4b3a7cfce31581c05cd0d 
Number of updated asset objects reloaded before import = 0Number of asset objects unloaded after import = 3

========================================================================
Received Import Request.
  Time since last request: 0.000022 seconds.
  path: Assets/Sprites/Environment/bulletBlue3_outline.png
  importAddress: Guid(277973bb6a3ac954eb22ebd2ca079fcf) Importer(815301076,1909f56bfc062723c751e8b465ee728b)
Start importing Assets/Sprites/Environment/bulletBlue3_outline.png using Guid(277973bb6a3ac954eb22ebd2ca079fcf) Importer(815301076,1909f56bfc062723c751e8b465ee728b) (PreviewImporter) -> (Import Result ID: '6645c877b6e0889187526cf0d49e470e') in 0.0210753 seconds [static and dynamic dependencies]. Details - ImportResultOutputID=07c6cbe034afd57a0ff869d11b83f3a9 DependenciesID=707b7e86c12814495f0beaba9d0169d2 StaticDependenciesID=5adfeb053a2f55f438fd0ac868cd3346 
Number of updated asset objects reloaded before import = 0Number of asset objects unloaded after import = 3

========================================================================
Received Import Request.
  Time since last request: 0.000023 seconds.
  path: Assets/Sprites/Environment/sandbagBeige.png
  importAddress: Guid(fc7ab6e2f2f6b2347aec5a1f32324b6b) Importer(815301076,1909f56bfc062723c751e8b465ee728b)
Start importing Assets/Sprites/Environment/sandbagBeige.png using Guid(fc7ab6e2f2f6b2347aec5a1f32324b6b) Importer(815301076,1909f56bfc062723c751e8b465ee728b) (PreviewImporter) -> (Import Result ID: '5be2f2be7021e26207963ecf3c23424e') in 0.0196253 seconds [static and dynamic dependencies]. Details - ImportResultOutputID=d96ac9d960c2d1807d6a0e0dbbfa2ada DependenciesID=58bcb0f626644731e53ce35d3a359cef StaticDependenciesID=ab8f210d946c5dcd8f34dc9ac94d34d7 
Number of updated asset objects reloaded before import = 0Number of asset objects unloaded after import = 3

========================================================================
Received Import Request.
  Time since last request: 0.000074 seconds.
  path: Assets/Sprites/Environment/bulletBlue1.png
  importAddress: Guid(edf0b1cc872aca74e91cd5dd8d144f0d) Importer(815301076,1909f56bfc062723c751e8b465ee728b)
Start importing Assets/Sprites/Environment/bulletBlue1.png using Guid(edf0b1cc872aca74e91cd5dd8d144f0d) Importer(815301076,1909f56bfc062723c751e8b465ee728b) (PreviewImporter) -> (Import Result ID: 'fd9cc8f0f2a173c57903877895c7f427') in 0.0198751 seconds [static and dynamic dependencies]. Details - ImportResultOutputID=266bfcddf3e610ba25a566c9828d1c82 DependenciesID=65dcfdee6a0a6400e73d72ef45ad16ba StaticDependenciesID=01e057980289bf324d93192a24908d1e 
Number of updated asset objects reloaded before import = 0Number of asset objects unloaded after import = 3

========================================================================
Received Import Request.
  Time since last request: 0.000043 seconds.
  path: Assets/Sprites/Environment/crateMetal.png
  importAddress: Guid(a92dc3e2cb39ad9409a1d34621c7e0ab) Importer(815301076,1909f56bfc062723c751e8b465ee728b)
Start importing Assets/Sprites/Environment/crateMetal.png using Guid(a92dc3e2cb39ad9409a1d34621c7e0ab) Importer(815301076,1909f56bfc062723c751e8b465ee728b) (PreviewImporter) -> (Import Result ID: '4d4991c41ca8167dbc80a1feb2353e03') in 0.0176318 seconds [static and dynamic dependencies]. Details - ImportResultOutputID=937f3e6c0c3dfdcc02ef4adc35787612 DependenciesID=d56d39a19c6f6e63273d87b42681a7bf StaticDependenciesID=6189a8a376c6278bd3c8c2c3f19645eb 
Number of updated asset objects reloaded before import = 0Number of asset objects unloaded after import = 3

========================================================================
Received Import Request.
  Time since last request: 0.000035 seconds.
  path: Assets/Sprites/Environment/crateWood_side.png
  importAddress: Guid(d42d3b79daae2134fa14d8bcc5516ad8) Importer(815301076,1909f56bfc062723c751e8b465ee728b)
Start importing Assets/Sprites/Environment/crateWood_side.png using Guid(d42d3b79daae2134fa14d8bcc5516ad8) Importer(815301076,1909f56bfc062723c751e8b465ee728b) (PreviewImporter) -> (Import Result ID: 'e6921da6ffd70fcf28a207c28238b0d6') in 0.0192477 seconds [static and dynamic dependencies]. Details - ImportResultOutputID=acb61cf02abd9f258da9bc16f934bf3f DependenciesID=5d95c6f6c0eb066339157d1e85e89aea StaticDependenciesID=35d29466f3b8f02a5812f3e4ff932220 
Number of updated asset objects reloaded before import = 0Number of asset objects unloaded after import = 3

========================================================================
Received Import Request.
  Time since last request: 683.805475 seconds.
  path: Assets/Sprites/Tiles/tileGrass1.png
  importAddress: Guid(41d0dc1b2ace54c498ce659457da6117) Importer(815301076,1909f56bfc062723c751e8b465ee728b)
Start importing Assets/Sprites/Tiles/tileGrass1.png using Guid(41d0dc1b2ace54c498ce659457da6117) Importer(815301076,1909f56bfc062723c751e8b465ee728b) (PreviewImporter) -> (Import Result ID: '4fc852c74f09fb3a435d7593e507c15d') in 0.022179 seconds [static and dynamic dependencies]. Details - ImportResultOutputID=46bc9e301a20369affc0caf1f2cacbf2 DependenciesID=8d829b8543d1dbe672bd3701410046c5 StaticDependenciesID=0522c411eaa7673e4bdac7741995935f 
Number of updated asset objects reloaded before import = 0Number of asset objects unloaded after import = 3

========================================================================
Received Import Request.
  Time since last request: 0.000039 seconds.
  path: Assets/Sprites/Tiles/tileGrass_roadSplitE.png
  importAddress: Guid(5db7334cf2555c0429b858c7e10ad043) Importer(815301076,1909f56bfc062723c751e8b465ee728b)
Start importing Assets/Sprites/Tiles/tileGrass_roadSplitE.png using Guid(5db7334cf2555c0429b858c7e10ad043) Importer(815301076,1909f56bfc062723c751e8b465ee728b) (PreviewImporter) -> (Import Result ID: '4ce9421b92472dda4f4eefe78f31736b') in 0.0190875 seconds [static and dynamic dependencies]. Details - ImportResultOutputID=81518cd8d3345033f93271f8ab654254 DependenciesID=fbc8b8d58fa7f16357ee1748e2b6c901 StaticDependenciesID=81bd15a3a09af78542a9709ff1abc654 
Number of updated asset objects reloaded before import = 0Number of asset objects unloaded after import = 3

========================================================================
Received Import Request.
  Time since last request: 0.000033 seconds.
  path: Assets/Sprites/Tiles/tileGrass_roadTransitionE.png
  importAddress: Guid(b273f41d539689f4cb4dda5a96c8d9db) Importer(815301076,1909f56bfc062723c751e8b465ee728b)
Start importing Assets/Sprites/Tiles/tileGrass_roadTransitionE.png using Guid(b273f41d539689f4cb4dda5a96c8d9db) Importer(815301076,1909f56bfc062723c751e8b465ee728b) (PreviewImporter) -> (Import Result ID: 'cbde4719b5093926c5a6b58abde0c17e') in 0.0161124 seconds [static and dynamic dependencies]. Details - ImportResultOutputID=1ce9c69cca722865399eb502f17e86bf DependenciesID=08d3fc3de02c9745eb4dc1365ad3d85b StaticDependenciesID=98fb127afba5517ebdabbeb79b1001e1 
Number of updated asset objects reloaded before import = 0Number of asset objects unloaded after import = 3

========================================================================
Received Import Request.
  Time since last request: 0.000029 seconds.
  path: Assets/Sprites/Tiles/tileSand_roadSplitS.png
  importAddress: Guid(039232c8b8cbb47408b17017789dddae) Importer(815301076,1909f56bfc062723c751e8b465ee728b)
Start importing Assets/Sprites/Tiles/tileSand_roadSplitS.png using Guid(039232c8b8cbb47408b17017789dddae) Importer(815301076,1909f56bfc062723c751e8b465ee728b) (PreviewImporter) -> (Import Result ID: '67947ad3d385824462d4ef85f702b7dc') in 0.024366 seconds [static and dynamic dependencies]. Details - ImportResultOutputID=7465a2e433d21e5d329324fd7c931c60 DependenciesID=a245b852dafa8bc3ef8ae5af21096c76 StaticDependenciesID=3b3b6c31ac885c39f936a3cd6ea042fa 
Number of updated asset objects reloaded before import = 0Number of asset objects unloaded after import = 3

========================================================================
Received Import Request.
  Time since last request: 0.000025 seconds.
  path: Assets/Sprites/Tiles/tileGrass_roadSplitN.png
  importAddress: Guid(787c29973c589834aa9c23c4a8f38499) Importer(815301076,1909f56bfc062723c751e8b465ee728b)
Start importing Assets/Sprites/Tiles/tileGrass_roadSplitN.png using Guid(787c29973c589834aa9c23c4a8f38499) Importer(815301076,1909f56bfc062723c751e8b465ee728b) (PreviewImporter) -> (Import Result ID: '563532269fbfac106b0da46d1bd70218') in 0.0111691 seconds [static and dynamic dependencies]. Details - ImportResultOutputID=d483203cd196cdc16bfdcfabbe76a388 DependenciesID=8f9b6343f19ac6f5f6f38b03801129a6 StaticDependenciesID=ffd4511ff6ab0afa98f2cb931b47081e 
Number of updated asset objects reloaded before import = 0Number of asset objects unloaded after import = 3

========================================================================
Received Import Request.
  Time since last request: 0.000025 seconds.
  path: Assets/Sprites/Tiles/tileGrass_transitionW.png
  importAddress: Guid(a016524ff22896b488164c26cf3cd978) Importer(815301076,1909f56bfc062723c751e8b465ee728b)
Start importing Assets/Sprites/Tiles/tileGrass_transitionW.png using Guid(a016524ff22896b488164c26cf3cd978) Importer(815301076,1909f56bfc062723c751e8b465ee728b) (PreviewImporter) -> (Import Result ID: '6c0672ab9303f1b252855aadf9ec8ae6') in 0.0102676 seconds [static and dynamic dependencies]. Details - ImportResultOutputID=8d56cc40f6fc2f08e6c03804c5a5f0a0 DependenciesID=a518f3bbc4f39d825f64a0b88a08f8e1 StaticDependenciesID=6e932a2eb41ecfac410bfa4d711aab46 
Number of updated asset objects reloaded before import = 0Number of asset objects unloaded after import = 3

========================================================================
Received Import Request.
  Time since last request: 0.000022 seconds.
  path: Assets/Sprites/Tiles/tileSand_roadCornerUR.png
  importAddress: Guid(2659920e193605840a4a18775d2c2e95) Importer(815301076,1909f56bfc062723c751e8b465ee728b)
Start importing Assets/Sprites/Tiles/tileSand_roadCornerUR.png using Guid(2659920e193605840a4a18775d2c2e95) Importer(815301076,1909f56bfc062723c751e8b465ee728b) (PreviewImporter) -> (Import Result ID: '53a479f16c571658b126ff427f429681') in 0.0123302 seconds [static and dynamic dependencies]. Details - ImportResultOutputID=07bd8550e9aabfc7264a01b9922ff6be DependenciesID=c87d6951e8fe47c32e711fe1c16ae33d StaticDependenciesID=b15915ef3ac0e7ddae1e351edb5a96f0 
Number of updated asset objects reloaded before import = 0Number of asset objects unloaded after import = 3

========================================================================
Received Import Request.
  Time since last request: 0.000037 seconds.
  path: Assets/Sprites/Tiles/tileGrass_roadTransitionS.png
  importAddress: Guid(c96b0367ce944174e932d3a433f38faf) Importer(815301076,1909f56bfc062723c751e8b465ee728b)
Start importing Assets/Sprites/Tiles/tileGrass_roadTransitionS.png using Guid(c96b0367ce944174e932d3a433f38faf) Importer(815301076,1909f56bfc062723c751e8b465ee728b) (PreviewImporter) -> (Import Result ID: '63b64de560837f92c3500ab63e928fc9') in 0.0105747 seconds [static and dynamic dependencies]. Details - ImportResultOutputID=bd465aba87da993066678d3fe7407775 DependenciesID=d9bb478f10c30625d57585d3a7224a5f StaticDependenciesID=3bcda889c0b07c76fa271cf9c3ed1c66 
Number of updated asset objects reloaded before import = 0Number of asset objects unloaded after import = 3

========================================================================
Received Import Request.
  Time since last request: 0.000022 seconds.
  path: Assets/Sprites/Tiles/tileGrass_transitionN.png
  importAddress: Guid(8c132ced988313d45927cafe297ec330) Importer(815301076,1909f56bfc062723c751e8b465ee728b)
Start importing Assets/Sprites/Tiles/tileGrass_transitionN.png using Guid(8c132ced988313d45927cafe297ec330) Importer(815301076,1909f56bfc062723c751e8b465ee728b) (PreviewImporter) -> (Import Result ID: 'd6db235f5e2b48c7756392daad01ee3d') in 0.0118047 seconds [static and dynamic dependencies]. Details - ImportResultOutputID=a24d2d9fdc2c1b6625ff18dc1c964e03 DependenciesID=859e94b2c78d69c71a1f76b5bc1abe7d StaticDependenciesID=6e0c9e7f639f0be7e17f7f4c75f5f71f 
Number of updated asset objects reloaded before import = 0Number of asset objects unloaded after import = 3

========================================================================
Received Import Request.
  Time since last request: 0.000018 seconds.
  path: Assets/Sprites/Tiles/tileSand_roadEast.png
  importAddress: Guid(46bf12ff6dc754f46b6a13ede28da71d) Importer(815301076,1909f56bfc062723c751e8b465ee728b)
Start importing Assets/Sprites/Tiles/tileSand_roadEast.png using Guid(46bf12ff6dc754f46b6a13ede28da71d) Importer(815301076,1909f56bfc062723c751e8b465ee728b) (PreviewImporter) -> (Import Result ID: '36b8e57ee0f445e34319120bd4545ce0') in 0.0111899 seconds [static and dynamic dependencies]. Details - ImportResultOutputID=d54b53c2a077801e6f5b2037690acdf8 DependenciesID=a3aa4f1c5ee927a78fe912800d3cac9d StaticDependenciesID=bf7c577f9b477364deec50061b38e47e 
Number of updated asset objects reloaded before import = 0Number of asset objects unloaded after import = 3

========================================================================
Received Import Request.
  Time since last request: 0.000021 seconds.
  path: Assets/Sprites/Tiles/tileSand_roadSplitN.png
  importAddress: Guid(6ca2ed8a864b11e4ea5832fbfaaf74e2) Importer(815301076,1909f56bfc062723c751e8b465ee728b)
Start importing Assets/Sprites/Tiles/tileSand_roadSplitN.png using Guid(6ca2ed8a864b11e4ea5832fbfaaf74e2) Importer(815301076,1909f56bfc062723c751e8b465ee728b) (PreviewImporter) -> (Import Result ID: 'aad69e42b4e048f390aefab86cddb69b') in 0.0107404 seconds [static and dynamic dependencies]. Details - ImportResultOutputID=9f3202f84afc7cb721990c7be973c326 DependenciesID=2ad33e287080a5cc5d2fa198a146fd73 StaticDependenciesID=d56ef125caf7d1b46859a7cc424802a4 
Number of updated asset objects reloaded before import = 0Number of asset objects unloaded after import = 3

========================================================================
Received Import Request.
  Time since last request: 0.000024 seconds.
  path: Assets/Sprites/Tiles/tileSand_roadCrossingRound.png
  importAddress: Guid(0622a6ea160fa0944a60d817069b86d5) Importer(815301076,1909f56bfc062723c751e8b465ee728b)
Start importing Assets/Sprites/Tiles/tileSand_roadCrossingRound.png using Guid(0622a6ea160fa0944a60d817069b86d5) Importer(815301076,1909f56bfc062723c751e8b465ee728b) (PreviewImporter) -> (Import Result ID: '0cd2b5fee3741893fdc4128e6e5911e1') in 0.0094422 seconds [static and dynamic dependencies]. Details - ImportResultOutputID=19c8d5ac94dba1ab69d87021647f146c DependenciesID=9d0e814d4e75002a4ddad46f4cfb3871 StaticDependenciesID=0f853dcd8b17414810430711aa493dff 
Number of updated asset objects reloaded before import = 0Number of asset objects unloaded after import = 3

========================================================================
Received Import Request.
  Time since last request: 0.000039 seconds.
  path: Assets/Sprites/Tiles/tileGrass_roadCornerUL.png
  importAddress: Guid(4faa0e66d5bb2b44096b91d6be5a587f) Importer(815301076,1909f56bfc062723c751e8b465ee728b)
Start importing Assets/Sprites/Tiles/tileGrass_roadCornerUL.png using Guid(4faa0e66d5bb2b44096b91d6be5a587f) Importer(815301076,1909f56bfc062723c751e8b465ee728b) (PreviewImporter) -> (Import Result ID: '9d0cb2fe8103f346dd6b740ef3a5a50d') in 0.0111814 seconds [static and dynamic dependencies]. Details - ImportResultOutputID=94728317017ce59f3217f38a2048330c DependenciesID=a0418a06b6d43ebd4fc8185910771df8 StaticDependenciesID=1997c3c1e80fff821005238edca78d32 
Number of updated asset objects reloaded before import = 0Number of asset objects unloaded after import = 3

========================================================================
Received Import Request.
  Time since last request: 0.000025 seconds.
  path: Assets/Sprites/Tiles/tileGrass_roadTransitionS_dirt.png
  importAddress: Guid(681a747a2d071c64e879b4e11654195d) Importer(815301076,1909f56bfc062723c751e8b465ee728b)
Start importing Assets/Sprites/Tiles/tileGrass_roadTransitionS_dirt.png using Guid(681a747a2d071c64e879b4e11654195d) Importer(815301076,1909f56bfc062723c751e8b465ee728b) (PreviewImporter) -> (Import Result ID: 'beef32301e0f735c07412c007f5bc5d1') in 0.01019 seconds [static and dynamic dependencies]. Details - ImportResultOutputID=5a1d3bc4b2f498e494f39097b222edbc DependenciesID=bf2bd3d90e26c8ff1b5bde1d977af45a StaticDependenciesID=520224b71d7daa2c2bcc1429b9ef4d81 
Number of updated asset objects reloaded before import = 0Number of asset objects unloaded after import = 3

========================================================================
Received Import Request.
  Time since last request: 0.000039 seconds.
  path: Assets/Sprites/Tiles/tileSand_roadSplitW.png
  importAddress: Guid(bc5afabd533a71a4594f153919f597f8) Importer(815301076,1909f56bfc062723c751e8b465ee728b)
Start importing Assets/Sprites/Tiles/tileSand_roadSplitW.png using Guid(bc5afabd533a71a4594f153919f597f8) Importer(815301076,1909f56bfc062723c751e8b465ee728b) (PreviewImporter) -> (Import Result ID: '6d66631e3e7df28d20615d4d2a7b87c1') in 0.0102327 seconds [static and dynamic dependencies]. Details - ImportResultOutputID=e9c86d52df8b5e2e3d8a425cbad512e3 DependenciesID=8c6f18b1a653a44c2b8f83f79010e5d4 StaticDependenciesID=1d16de9d9fd13af89e3d6f6cf2a06383 
Number of updated asset objects reloaded before import = 0Number of asset objects unloaded after import = 3

========================================================================
Received Import Request.
  Time since last request: 0.000019 seconds.
  path: Assets/Sprites/Tiles/tileSand_roadNorth.png
  importAddress: Guid(4c5bee81df364b945ab9af79951dd56f) Importer(815301076,1909f56bfc062723c751e8b465ee728b)
Start importing Assets/Sprites/Tiles/tileSand_roadNorth.png using Guid(4c5bee81df364b945ab9af79951dd56f) Importer(815301076,1909f56bfc062723c751e8b465ee728b) (PreviewImporter) -> (Import Result ID: '717ef56ee9a127170a00b73f86e0e174') in 0.010748 seconds [static and dynamic dependencies]. Details - ImportResultOutputID=f5d8e20d4543b84398b7ee7d439b7ba5 DependenciesID=d08312be3ce21facfb26923e695fd20c StaticDependenciesID=19728fee292b7fe979e2a2cb050e126e 
Number of updated asset objects reloaded before import = 0Number of asset objects unloaded after import = 3

========================================================================
Received Import Request.
  Time since last request: 0.000018 seconds.
  path: Assets/Sprites/Tiles/tileSand1.png
  importAddress: Guid(69386e21109bd424496b1045251f7fac) Importer(2089858483,b0f066a214c2f5e87bad3c948f4d605d)
Start importing Assets/Sprites/Tiles/tileSand1.png using Guid(69386e21109bd424496b1045251f7fac) Importer(2089858483,b0f066a214c2f5e87bad3c948f4d605d) (ScriptedImporter) -> (Import Result ID: 'd9d92bb0a82db64613aeecd003b39573') in 0.0230288 seconds [static and dynamic dependencies]. Details - ImportResultOutputID=b27bfd54dfb941d019cc8da862e06591 DependenciesID=47ce8deba77fe72bcd58f8e2098e98d3 StaticDependenciesID=4880b0202ac879dcd51f8e7338eb7726 
Number of updated asset objects reloaded before import = 0Number of asset objects unloaded after import = 3

========================================================================
Received Import Request.
  Time since last request: 0.000028 seconds.
  path: Assets/Sprites/Tiles/tileSand_roadNorth.png
  importAddress: Guid(4c5bee81df364b945ab9af79951dd56f) Importer(2089858483,b0f066a214c2f5e87bad3c948f4d605d)
Start importing Assets/Sprites/Tiles/tileSand_roadNorth.png using Guid(4c5bee81df364b945ab9af79951dd56f) Importer(2089858483,b0f066a214c2f5e87bad3c948f4d605d) (ScriptedImporter) -> (Import Result ID: '01cee45e30cdff4f79637017838565c3') in 0.0200071 seconds [static and dynamic dependencies]. Details - ImportResultOutputID=dc0a3de0f16d4786c3f757732147d032 DependenciesID=d8cda7dd09329e873eb4d40a8eb42391 StaticDependenciesID=160f5152bbbe460efb4aab5618f7a29c 
Number of updated asset objects reloaded before import = 0Number of asset objects unloaded after import = 3

========================================================================
Received Import Request.
  Time since last request: 0.000022 seconds.
  path: Assets/Sprites/Tiles/tileGrass_roadCrossing.png
  importAddress: Guid(ecb3fecd32519f1448451272226db517) Importer(2089858483,b0f066a214c2f5e87bad3c948f4d605d)
Start importing Assets/Sprites/Tiles/tileGrass_roadCrossing.png using Guid(ecb3fecd32519f1448451272226db517) Importer(2089858483,b0f066a214c2f5e87bad3c948f4d605d) (ScriptedImporter) -> (Import Result ID: 'ccdf6758ce48f3c8ee5f461372f615f4') in 0.0175134 seconds [static and dynamic dependencies]. Details - ImportResultOutputID=20ad4124f9d3571a09e6a7974ae77d5f DependenciesID=39b8f095261d515eb054323bd7a94703 StaticDependenciesID=b723d3f120cc1d744a436ceea827b2fc 
Number of updated asset objects reloaded before import = 0Number of asset objects unloaded after import = 3

========================================================================
Received Import Request.
  Time since last request: 0.000016 seconds.
  path: Assets/Sprites/Tiles/tileSand_roadSplitE.png
  importAddress: Guid(ffd55f26b99b71a4194ce8bdc4707d92) Importer(2089858483,b0f066a214c2f5e87bad3c948f4d605d)
Start importing Assets/Sprites/Tiles/tileSand_roadSplitE.png using Guid(ffd55f26b99b71a4194ce8bdc4707d92) Importer(2089858483,b0f066a214c2f5e87bad3c948f4d605d) (ScriptedImporter) -> (Import Result ID: '28b65ab26054bc957ae4ea1bde8a86b1') in 0.017358 seconds [static and dynamic dependencies]. Details - ImportResultOutputID=04d5eb4c16b7a0a1ce0a1d14e2c74514 DependenciesID=edc5feb797b9964d5ce02a78aa41332d StaticDependenciesID=d126112d9a3349ad1503c1610de70e67 
Number of updated asset objects reloaded before import = 0Number of asset objects unloaded after import = 3

========================================================================
Received Import Request.
  Time since last request: 0.000023 seconds.
  path: Assets/Sprites/Tiles/tileSand_roadSplitW.png
  importAddress: Guid(bc5afabd533a71a4594f153919f597f8) Importer(2089858483,b0f066a214c2f5e87bad3c948f4d605d)
Start importing Assets/Sprites/Tiles/tileSand_roadSplitW.png using Guid(bc5afabd533a71a4594f153919f597f8) Importer(2089858483,b0f066a214c2f5e87bad3c948f4d605d) (ScriptedImporter) -> (Import Result ID: '0d7d266b553091b48a8e55683f8b1f9e') in 0.0230717 seconds [static and dynamic dependencies]. Details - ImportResultOutputID=343fa76e1398f5d38bd13fcda2a47f73 DependenciesID=b1b98fde309bd34900479ff4b46349f3 StaticDependenciesID=223f840339a28100ae729adeb5bbc412 
Number of updated asset objects reloaded before import = 0Number of asset objects unloaded after import = 3

========================================================================
Received Import Request.
  Time since last request: 0.000020 seconds.
  path: Assets/Sprites/Tiles/tileGrass_roadCornerLL.png
  importAddress: Guid(21bc999967f337d488413ac301fe4f56) Importer(2089858483,b0f066a214c2f5e87bad3c948f4d605d)
Start importing Assets/Sprites/Tiles/tileGrass_roadCornerLL.png using Guid(21bc999967f337d488413ac301fe4f56) Importer(2089858483,b0f066a214c2f5e87bad3c948f4d605d) (ScriptedImporter) -> (Import Result ID: '00eb618a84648cbf8c7a00bc4719814c') in 0.0207253 seconds [static and dynamic dependencies]. Details - ImportResultOutputID=9a441b5701dda7d7e2bef9b9bb8bcfc5 DependenciesID=9c5f6a4d46d23303a3e1d75b6d686fa9 StaticDependenciesID=7d0b39c4b6599f4b78012eaf34020e30 
Number of updated asset objects reloaded before import = 0Number of asset objects unloaded after import = 3

========================================================================
Received Import Request.
  Time since last request: 0.000029 seconds.
  path: Assets/Sprites/Tiles/tileGrass_roadSplitW.png
  importAddress: Guid(047f3de344ce2c8418fe83cbea0e8a69) Importer(2089858483,b0f066a214c2f5e87bad3c948f4d605d)
Start importing Assets/Sprites/Tiles/tileGrass_roadSplitW.png using Guid(047f3de344ce2c8418fe83cbea0e8a69) Importer(2089858483,b0f066a214c2f5e87bad3c948f4d605d) (ScriptedImporter) -> (Import Result ID: 'aff392fc091444c104e6cfe8108b6553') in 0.0185072 seconds [static and dynamic dependencies]. Details - ImportResultOutputID=be9c0aa2bb3d37df8165e1ef050fadf7 DependenciesID=390c576e0b8cc73c038aef71cc65f513 StaticDependenciesID=4142f3816667a2bad7c79a5a2ed416e6 
Number of updated asset objects reloaded before import = 0Number of asset objects unloaded after import = 3

========================================================================
Received Import Request.
  Time since last request: 0.000018 seconds.
  path: Assets/Sprites/Tiles/tileGrass2.png
  importAddress: Guid(c91a06c2a3860fa4a9ddd1705e36fa18) Importer(2089858483,b0f066a214c2f5e87bad3c948f4d605d)
Start importing Assets/Sprites/Tiles/tileGrass2.png using Guid(c91a06c2a3860fa4a9ddd1705e36fa18) Importer(2089858483,b0f066a214c2f5e87bad3c948f4d605d) (ScriptedImporter) -> (Import Result ID: 'e4055029faa5f837f8c02ab8298b0995') in 0.018969 seconds [static and dynamic dependencies]. Details - ImportResultOutputID=4241cbddb57d89847ab77d06fe028dfa DependenciesID=aeb1b6c207326447f4418e53467ba00b StaticDependenciesID=7c5435a389a27d1b28b75cc9e7de608d 
Number of updated asset objects reloaded before import = 0Number of asset objects unloaded after import = 3

========================================================================
Received Import Request.
  Time since last request: 0.000023 seconds.
  path: Assets/Sprites/Tiles/tileGrass_transitionE.png
  importAddress: Guid(7f10c117265c07642a93335db80fb522) Importer(2089858483,b0f066a214c2f5e87bad3c948f4d605d)
Start importing Assets/Sprites/Tiles/tileGrass_transitionE.png using Guid(7f10c117265c07642a93335db80fb522) Importer(2089858483,b0f066a214c2f5e87bad3c948f4d605d) (ScriptedImporter) -> (Import Result ID: 'b6cd80d34b760675f8aca40bdcc5636f') in 0.0186098 seconds [static and dynamic dependencies]. Details - ImportResultOutputID=70712e89665edace49fcf4c521d43b5f DependenciesID=d804f46b53e2ec459a6589f9b8495365 StaticDependenciesID=d5c9431fc30b6c1c8be13e38f973c614 
Number of updated asset objects reloaded before import = 0Number of asset objects unloaded after import = 3

========================================================================
Received Import Request.
  Time since last request: 0.000022 seconds.
  path: Assets/Sprites/Tiles/tileGrass_roadTransitionE.png
  importAddress: Guid(b273f41d539689f4cb4dda5a96c8d9db) Importer(2089858483,b0f066a214c2f5e87bad3c948f4d605d)
Start importing Assets/Sprites/Tiles/tileGrass_roadTransitionE.png using Guid(b273f41d539689f4cb4dda5a96c8d9db) Importer(2089858483,b0f066a214c2f5e87bad3c948f4d605d) (ScriptedImporter) -> (Import Result ID: '4d0a061475a17cc8ae533c8958b6017d') in 0.0202238 seconds [static and dynamic dependencies]. Details - ImportResultOutputID=dc3215a382c5bcf83005116222bca6c5 DependenciesID=743268e2e0b167f30ff66f49ca179e3e StaticDependenciesID=398d9fe61fe3e04a90b7655a6c7c78d2 
Number of updated asset objects reloaded before import = 0Number of asset objects unloaded after import = 3

========================================================================
Received Import Request.
  Time since last request: 0.000028 seconds.
  path: Assets/Sprites/Tiles/tileGrass_transitionN.png
  importAddress: Guid(8c132ced988313d45927cafe297ec330) Importer(2089858483,b0f066a214c2f5e87bad3c948f4d605d)
Start importing Assets/Sprites/Tiles/tileGrass_transitionN.png using Guid(8c132ced988313d45927cafe297ec330) Importer(2089858483,b0f066a214c2f5e87bad3c948f4d605d) (ScriptedImporter) -> (Import Result ID: '66ea03c26b2b82b833085f853b2b7d10') in 0.016835 seconds [static and dynamic dependencies]. Details - ImportResultOutputID=06bc9e50d260b52410c3a2e3911c2574 DependenciesID=253d4ab042f4b61f9eb590ccfa9cc5dc StaticDependenciesID=a102af0600a8ecc530c47a8ff32d641a 
Number of updated asset objects reloaded before import = 0Number of asset objects unloaded after import = 3

========================================================================
Received Import Request.
  Time since last request: 0.000030 seconds.
  path: Assets/Sprites/Tiles/tileGrass_roadCornerLR.png
  importAddress: Guid(2ab56eb993bf8274386b52da0b35a025) Importer(2089858483,b0f066a214c2f5e87bad3c948f4d605d)
Start importing Assets/Sprites/Tiles/tileGrass_roadCornerLR.png using Guid(2ab56eb993bf8274386b52da0b35a025) Importer(2089858483,b0f066a214c2f5e87bad3c948f4d605d) (ScriptedImporter) -> (Import Result ID: '3cfc97826b8a9666cc47b861e6c3a6d1') in 0.0173918 seconds [static and dynamic dependencies]. Details - ImportResultOutputID=635398222c32fa59e78bd994efc27fdb DependenciesID=e0858b02b9005ea46d624bf6b80489bc StaticDependenciesID=26a12f9b73c7190a7366701e3628a846 
Number of updated asset objects reloaded before import = 0Number of asset objects unloaded after import = 3

========================================================================
Received Import Request.
  Time since last request: 0.000021 seconds.
  path: Assets/Sprites/Tiles/tileGrass_roadTransitionW.png
  importAddress: Guid(b7c4bf520509f50488e7ca4513b2c341) Importer(2089858483,b0f066a214c2f5e87bad3c948f4d605d)
Start importing Assets/Sprites/Tiles/tileGrass_roadTransitionW.png using Guid(b7c4bf520509f50488e7ca4513b2c341) Importer(2089858483,b0f066a214c2f5e87bad3c948f4d605d) (ScriptedImporter) -> (Import Result ID: '933a764e9def3ac92c825f18da8d0aad') in 0.0177255 seconds [static and dynamic dependencies]. Details - ImportResultOutputID=aac6296fbf30c8ce2e93bdd37b455712 DependenciesID=24fdd7633c9d7ec11a2c6dc1ffb95cba StaticDependenciesID=dce378a49c633dede4a1ab38bf89356d 
Number of updated asset objects reloaded before import = 0Number of asset objects unloaded after import = 3

========================================================================
Received Import Request.
  Time since last request: 0.000018 seconds.
  path: Assets/Sprites/Tiles/tileSand_roadCornerUL.png
  importAddress: Guid(f4970fdc584248949a7a5cbb47377470) Importer(2089858483,b0f066a214c2f5e87bad3c948f4d605d)
Start importing Assets/Sprites/Tiles/tileSand_roadCornerUL.png using Guid(f4970fdc584248949a7a5cbb47377470) Importer(2089858483,b0f066a214c2f5e87bad3c948f4d605d) (ScriptedImporter) -> (Import Result ID: '22149605746e713ca0a55af84e7562f4') in 0.0222155 seconds [static and dynamic dependencies]. Details - ImportResultOutputID=b423793305462e87b7097b5e82bf7f03 DependenciesID=21c54e7b5724451e76dccdf69b68cc4a StaticDependenciesID=887868280aae8dfd41e98ce48f7d3c52 
Number of updated asset objects reloaded before import = 0Number of asset objects unloaded after import = 3

========================================================================
Received Import Request.
  Time since last request: 0.000020 seconds.
  path: Assets/Sprites/Tiles/tileSand_roadCrossingRound.png
  importAddress: Guid(0622a6ea160fa0944a60d817069b86d5) Importer(2089858483,b0f066a214c2f5e87bad3c948f4d605d)
Start importing Assets/Sprites/Tiles/tileSand_roadCrossingRound.png using Guid(0622a6ea160fa0944a60d817069b86d5) Importer(2089858483,b0f066a214c2f5e87bad3c948f4d605d) (ScriptedImporter) -> (Import Result ID: 'd75e359b9dea3ee0641690eabe9f2783') in 0.0317812 seconds [static and dynamic dependencies]. Details - ImportResultOutputID=ef08ee70f48d77e09013e14fba6e9eb8 DependenciesID=b76bd2b13b966db69244773be790b0ea StaticDependenciesID=7133c3ab1d554d2149b84b23db14fd98 
Number of updated asset objects reloaded before import = 0Number of asset objects unloaded after import = 3

========================================================================
Received Import Request.
  Time since last request: 0.000041 seconds.
  path: Assets/Sprites/Tiles/tileGrass_roadTransitionS_dirt.png
  importAddress: Guid(681a747a2d071c64e879b4e11654195d) Importer(2089858483,b0f066a214c2f5e87bad3c948f4d605d)
Start importing Assets/Sprites/Tiles/tileGrass_roadTransitionS_dirt.png using Guid(681a747a2d071c64e879b4e11654195d) Importer(2089858483,b0f066a214c2f5e87bad3c948f4d605d) (ScriptedImporter) -> (Import Result ID: 'c680dfe0f27a9d7b32f1046f6cf3002a') in 0.025081 seconds [static and dynamic dependencies]. Details - ImportResultOutputID=ad3d43d904e02e0038564fa509a4abb8 DependenciesID=426858e5ff003c538922fb1627dce190 StaticDependenciesID=2f734be07bb06af609e3421544559d44 
Number of updated asset objects reloaded before import = 0Number of asset objects unloaded after import = 3

========================================================================
Received Import Request.
  Time since last request: 0.000035 seconds.
  path: Assets/Sprites/Tiles/tileGrass_roadTransitionS.png
  importAddress: Guid(c96b0367ce944174e932d3a433f38faf) Importer(2089858483,b0f066a214c2f5e87bad3c948f4d605d)
Start importing Assets/Sprites/Tiles/tileGrass_roadTransitionS.png using Guid(c96b0367ce944174e932d3a433f38faf) Importer(2089858483,b0f066a214c2f5e87bad3c948f4d605d) (ScriptedImporter) -> (Import Result ID: '7fb0e5e27e19a7ce2037204c6b504855') in 0.0244495 seconds [static and dynamic dependencies]. Details - ImportResultOutputID=ebf95609acb7d6e69f3a794e5ce3bb72 DependenciesID=a877862851437151810f05673cb80eea StaticDependenciesID=6bc9c7d986502734afb6b4f4a815769b 
Number of updated asset objects reloaded before import = 0Number of asset objects unloaded after import = 3

========================================================================
Received Import Request.
  Time since last request: 0.000018 seconds.
  path: Assets/Sprites/Tiles/tileSand_roadSplitE.png
  importAddress: Guid(ffd55f26b99b71a4194ce8bdc4707d92) Importer(815301076,1909f56bfc062723c751e8b465ee728b)
Start importing Assets/Sprites/Tiles/tileSand_roadSplitE.png using Guid(ffd55f26b99b71a4194ce8bdc4707d92) Importer(815301076,1909f56bfc062723c751e8b465ee728b) (PreviewImporter) -> (Import Result ID: 'e725798c5b202d408d59445165922e56') in 0.011293 seconds [static and dynamic dependencies]. Details - ImportResultOutputID=a6e2db74b0d46ccb9a7cac9a75161199 DependenciesID=f3a734b03a1a494ab3faca6390abebfc StaticDependenciesID=f7a9352936ad4d6356ad385da3d1a09e 
Number of updated asset objects reloaded before import = 0Number of asset objects unloaded after import = 3

========================================================================
Received Import Request.
  Time since last request: 0.000025 seconds.
  path: Assets/Sprites/Tiles/tileSand_roadCrossing.png
  importAddress: Guid(e9ffe222e9a80a84bb0fad99851b18b2) Importer(815301076,1909f56bfc062723c751e8b465ee728b)
Start importing Assets/Sprites/Tiles/tileSand_roadCrossing.png using Guid(e9ffe222e9a80a84bb0fad99851b18b2) Importer(815301076,1909f56bfc062723c751e8b465ee728b) (PreviewImporter) -> (Import Result ID: '494761caf906ed4468c4bfdf86df6a4e') in 0.0135857 seconds [static and dynamic dependencies]. Details - ImportResultOutputID=dfa4d49348fc10d3bffb313b476007da DependenciesID=576dcee30fb1893d465b12864a27c4fc StaticDependenciesID=acee93cce72a4bbb151991ca8eb712bb 
Number of updated asset objects reloaded before import = 0Number of asset objects unloaded after import = 3

========================================================================
Received Import Request.
  Time since last request: 0.000026 seconds.
  path: Assets/Sprites/Tiles/tileSand_roadCornerLL.png
  importAddress: Guid(fea6df8b213fe7543adbe8ee1d0f7798) Importer(815301076,1909f56bfc062723c751e8b465ee728b)
Start importing Assets/Sprites/Tiles/tileSand_roadCornerLL.png using Guid(fea6df8b213fe7543adbe8ee1d0f7798) Importer(815301076,1909f56bfc062723c751e8b465ee728b) (PreviewImporter) -> (Import Result ID: '70526ecffad59103f85fa4afaadea21e') in 0.010424 seconds [static and dynamic dependencies]. Details - ImportResultOutputID=12b28e13d8b56877dd42ef30f62adb6f DependenciesID=912244357d4f1e7098fe2f22699a0e40 StaticDependenciesID=bb49bf37f0defe7b8910713dfcc66915 
Number of updated asset objects reloaded before import = 0Number of asset objects unloaded after import = 3

========================================================================
Received Import Request.
  Time since last request: 0.000036 seconds.
  path: Assets/Sprites/Tiles/tileGrass_roadCornerLR.png
  importAddress: Guid(2ab56eb993bf8274386b52da0b35a025) Importer(815301076,1909f56bfc062723c751e8b465ee728b)
Start importing Assets/Sprites/Tiles/tileGrass_roadCornerLR.png using Guid(2ab56eb993bf8274386b52da0b35a025) Importer(815301076,1909f56bfc062723c751e8b465ee728b) (PreviewImporter) -> (Import Result ID: 'fcb26caf9401cfc5977b40fc05754b02') in 0.0108722 seconds [static and dynamic dependencies]. Details - ImportResultOutputID=2e14fd3d7e04585082ea292cf99b2f12 DependenciesID=e3906f680987e56a25c6e8e1b19db745 StaticDependenciesID=353413c8e1a09c0b3a3ad5b1783adbe6 
Number of updated asset objects reloaded before import = 0Number of asset objects unloaded after import = 3

========================================================================
Received Import Request.
  Time since last request: 0.000020 seconds.
  path: Assets/Sprites/Tiles/tileSand_roadEast.png
  importAddress: Guid(46bf12ff6dc754f46b6a13ede28da71d) Importer(2089858483,b0f066a214c2f5e87bad3c948f4d605d)
Start importing Assets/Sprites/Tiles/tileSand_roadEast.png using Guid(46bf12ff6dc754f46b6a13ede28da71d) Importer(2089858483,b0f066a214c2f5e87bad3c948f4d605d) (ScriptedImporter) -> (Import Result ID: '7f7684899f9eb026412215c390fbf8e3') in 0.0298247 seconds [static and dynamic dependencies]. Details - ImportResultOutputID=56c564762d9dd29ea9b24c05e928a8aa DependenciesID=579355675137c630baf7729ea6af1533 StaticDependenciesID=224e0ecc2c2a4d9497188e41aa44fcb3 
Number of updated asset objects reloaded before import = 0Number of asset objects unloaded after import = 3

========================================================================
Received Import Request.
  Time since last request: 0.000029 seconds.
  path: Assets/Sprites/Tiles/tileSand_roadCornerLL.png
  importAddress: Guid(fea6df8b213fe7543adbe8ee1d0f7798) Importer(2089858483,b0f066a214c2f5e87bad3c948f4d605d)
Start importing Assets/Sprites/Tiles/tileSand_roadCornerLL.png using Guid(fea6df8b213fe7543adbe8ee1d0f7798) Importer(2089858483,b0f066a214c2f5e87bad3c948f4d605d) (ScriptedImporter) -> (Import Result ID: '5cfdb1d2928004ec29c9df3b74dfeeca') in 0.0280116 seconds [static and dynamic dependencies]. Details - ImportResultOutputID=b03d50932ba5b1e4025bb3ef84486b4a DependenciesID=a3ce2d93c865eebad337ad5ce5cdc0ec StaticDependenciesID=256ddf1ae4b15eb438040bdfa9d3e2f9 
Number of updated asset objects reloaded before import = 0Number of asset objects unloaded after import = 3

========================================================================
Received Import Request.
  Time since last request: 0.000026 seconds.
  path: Assets/Sprites/Tiles/tileSand2.png
  importAddress: Guid(9859d09b6fc9bfa4688133f756096308) Importer(815301076,1909f56bfc062723c751e8b465ee728b)
Start importing Assets/Sprites/Tiles/tileSand2.png using Guid(9859d09b6fc9bfa4688133f756096308) Importer(815301076,1909f56bfc062723c751e8b465ee728b) (PreviewImporter) -> (Import Result ID: '4a16ff29018d4c5100edc62ed3f13b1f') in 0.0148885 seconds [static and dynamic dependencies]. Details - ImportResultOutputID=197ec07527dfa2ff792fa5a58ac4f213 DependenciesID=cebdcaa0f9d8b9802d1577598401bdae StaticDependenciesID=78a3cd26d22193d73bb2841b06c10f7c 
Number of updated asset objects reloaded before import = 0Number of asset objects unloaded after import = 3

========================================================================
Received Import Request.
  Time since last request: 16.174400 seconds.
  path: Assets/Sprites/Tiles/tileGrass1.png
  importAddress: Guid(41d0dc1b2ace54c498ce659457da6117) Importer(815301076,1909f56bfc062723c751e8b465ee728b)
Start importing Assets/Sprites/Tiles/tileGrass1.png using Guid(41d0dc1b2ace54c498ce659457da6117) Importer(815301076,1909f56bfc062723c751e8b465ee728b) (PreviewImporter) -> (Import Result ID: '48a896d262b24fea0d754c18badd509b') in 0.0172214 seconds [static and dynamic dependencies]. Details - ImportResultOutputID=46bc9e301a20369affc0caf1f2cacbf2 DependenciesID=176d51a56ff654fb12a6ec1a54e61b08 StaticDependenciesID=7432940a3f3c7607f749d53bc44df041 
Number of updated asset objects reloaded before import = 0Number of asset objects unloaded after import = 3

========================================================================
Received Import Request.
  Time since last request: 0.000099 seconds.
  path: Assets/Sprites/Tiles/tileGrass_roadNorth.png
  importAddress: Guid(3c421b1215a28ff439f62c40c5f2a5f5) Importer(815301076,1909f56bfc062723c751e8b465ee728b)
Start importing Assets/Sprites/Tiles/tileGrass_roadNorth.png using Guid(3c421b1215a28ff439f62c40c5f2a5f5) Importer(815301076,1909f56bfc062723c751e8b465ee728b) (PreviewImporter) -> (Import Result ID: '69d2a625c81fefab5e82154cae2a9937') in 0.0243493 seconds [static and dynamic dependencies]. Details - ImportResultOutputID=9a802b0090fa9820d6abe98476e706c1 DependenciesID=0bae7e087723af3df21b670faddea152 StaticDependenciesID=db7130a10389d2a8c84b1fb0c64cbeea 
Number of updated asset objects reloaded before import = 0Number of asset objects unloaded after import = 3

========================================================================
Received Import Request.
  Time since last request: 0.000037 seconds.
  path: Assets/Sprites/Tiles/tileGrass_roadTransitionE.png
  importAddress: Guid(b273f41d539689f4cb4dda5a96c8d9db) Importer(815301076,1909f56bfc062723c751e8b465ee728b)
Start importing Assets/Sprites/Tiles/tileGrass_roadTransitionE.png using Guid(b273f41d539689f4cb4dda5a96c8d9db) Importer(815301076,1909f56bfc062723c751e8b465ee728b) (PreviewImporter) -> (Import Result ID: '542b1b18816baa4a90df8e3ca16bdf9a') in 0.0224189 seconds [static and dynamic dependencies]. Details - ImportResultOutputID=1ce9c69cca722865399eb502f17e86bf DependenciesID=f452d66be7415eb4eebe79bcb4354f9a StaticDependenciesID=3e8b683cef3fad5c4391fe188bba8123 
Number of updated asset objects reloaded before import = 0Number of asset objects unloaded after import = 3

========================================================================
Received Import Request.
  Time since last request: 0.000038 seconds.
  path: Assets/Sprites/Tiles/tileSand_roadSplitS.png
  importAddress: Guid(039232c8b8cbb47408b17017789dddae) Importer(815301076,1909f56bfc062723c751e8b465ee728b)
Start importing Assets/Sprites/Tiles/tileSand_roadSplitS.png using Guid(039232c8b8cbb47408b17017789dddae) Importer(815301076,1909f56bfc062723c751e8b465ee728b) (PreviewImporter) -> (Import Result ID: 'ae8bbb6ddecbe80908dbcac283ac13b2') in 0.0178126 seconds [static and dynamic dependencies]. Details - ImportResultOutputID=7465a2e433d21e5d329324fd7c931c60 DependenciesID=f4b69cb1ed84ff7040e8cfeb150c7a08 StaticDependenciesID=bf4a13c6169c2c53e978cbcd07959a7f 
Number of updated asset objects reloaded before import = 0Number of asset objects unloaded after import = 3

========================================================================
Received Import Request.
  Time since last request: 0.000032 seconds.
  path: Assets/Sprites/Tiles/tileGrass_roadSplitN.png
  importAddress: Guid(787c29973c589834aa9c23c4a8f38499) Importer(815301076,1909f56bfc062723c751e8b465ee728b)
Start importing Assets/Sprites/Tiles/tileGrass_roadSplitN.png using Guid(787c29973c589834aa9c23c4a8f38499) Importer(815301076,1909f56bfc062723c751e8b465ee728b) (PreviewImporter) -> (Import Result ID: '9226e39c85be46d85bb112c81ba1fd30') in 0.0180375 seconds [static and dynamic dependencies]. Details - ImportResultOutputID=d483203cd196cdc16bfdcfabbe76a388 DependenciesID=2abcd485d5f33bc41f9973332970aed8 StaticDependenciesID=d2bdb47fcf9c5c48ebea3eb5591d0950 
Number of updated asset objects reloaded before import = 0Number of asset objects unloaded after import = 3

========================================================================
Received Import Request.
  Time since last request: 0.000019 seconds.
  path: Assets/Sprites/Tiles/tileGrass_transitionW.png
  importAddress: Guid(a016524ff22896b488164c26cf3cd978) Importer(815301076,1909f56bfc062723c751e8b465ee728b)
Start importing Assets/Sprites/Tiles/tileGrass_transitionW.png using Guid(a016524ff22896b488164c26cf3cd978) Importer(815301076,1909f56bfc062723c751e8b465ee728b) (PreviewImporter) -> (Import Result ID: '77aaaa6d69bd9f814058b24d2a4b47fe') in 0.0115907 seconds [static and dynamic dependencies]. Details - ImportResultOutputID=8d56cc40f6fc2f08e6c03804c5a5f0a0 DependenciesID=cda1d7609216bab8addfcda32d67fae8 StaticDependenciesID=a6a717d9ae04a7bb38cf15cdd793f9ea 
Number of updated asset objects reloaded before import = 0Number of asset objects unloaded after import = 3

========================================================================
Received Import Request.
  Time since last request: 0.000019 seconds.
  path: Assets/Sprites/Tiles/tileSand_roadCornerUR.png
  importAddress: Guid(2659920e193605840a4a18775d2c2e95) Importer(815301076,1909f56bfc062723c751e8b465ee728b)
Start importing Assets/Sprites/Tiles/tileSand_roadCornerUR.png using Guid(2659920e193605840a4a18775d2c2e95) Importer(815301076,1909f56bfc062723c751e8b465ee728b) (PreviewImporter) -> (Import Result ID: '8470a38d908348dfc6fb1849e426256d') in 0.0099139 seconds [static and dynamic dependencies]. Details - ImportResultOutputID=07bd8550e9aabfc7264a01b9922ff6be DependenciesID=379378d094d83394805e69bc1ba03026 StaticDependenciesID=4b64c1aa7aee39d0105caa1b84bb813e 
Number of updated asset objects reloaded before import = 0Number of asset objects unloaded after import = 3

========================================================================
Received Import Request.
  Time since last request: 0.000020 seconds.
  path: Assets/Sprites/Tiles/tileGrass_roadTransitionS.png
  importAddress: Guid(c96b0367ce944174e932d3a433f38faf) Importer(815301076,1909f56bfc062723c751e8b465ee728b)
Start importing Assets/Sprites/Tiles/tileGrass_roadTransitionS.png using Guid(c96b0367ce944174e932d3a433f38faf) Importer(815301076,1909f56bfc062723c751e8b465ee728b) (PreviewImporter) -> (Import Result ID: '5547dce9ec46ab8ecb0e02f8dfd178b1') in 0.0108752 seconds [static and dynamic dependencies]. Details - ImportResultOutputID=bd465aba87da993066678d3fe7407775 DependenciesID=22af7d38b2b667a1775036b73a411553 StaticDependenciesID=f46ef68e768965f997e7caf197f3bff5 
Number of updated asset objects reloaded before import = 0Number of asset objects unloaded after import = 3

========================================================================
Received Import Request.
  Time since last request: 0.000027 seconds.
  path: Assets/Sprites/Tiles/tileGrass_roadTransitionN_dirt.png
  importAddress: Guid(b3a6a15903b5cee4ab7a198fefddcc0d) Importer(815301076,1909f56bfc062723c751e8b465ee728b)
Start importing Assets/Sprites/Tiles/tileGrass_roadTransitionN_dirt.png using Guid(b3a6a15903b5cee4ab7a198fefddcc0d) Importer(815301076,1909f56bfc062723c751e8b465ee728b) (PreviewImporter) -> (Import Result ID: '10a38ee949e4fbb4b868a3c0bada1e19') in 0.0113058 seconds [static and dynamic dependencies]. Details - ImportResultOutputID=d227186e1a9ca3250d7790366a9b8971 DependenciesID=71bc273fb43e6502fa4aa3de9caef44f StaticDependenciesID=66f07caac617c5c6ddeb308b26fe96c4 
Number of updated asset objects reloaded before import = 0Number of asset objects unloaded after import = 3

========================================================================
Received Import Request.
  Time since last request: 0.000021 seconds.
  path: Assets/Sprites/Tiles/tileSand_roadCornerLR.png
  importAddress: Guid(380cf5e4a94e8994ca5a996d8b3b9806) Importer(815301076,1909f56bfc062723c751e8b465ee728b)
Start importing Assets/Sprites/Tiles/tileSand_roadCornerLR.png using Guid(380cf5e4a94e8994ca5a996d8b3b9806) Importer(815301076,1909f56bfc062723c751e8b465ee728b) (PreviewImporter) -> (Import Result ID: 'c3bcd912237929a4de2aafcde4a38afc') in 0.0102764 seconds [static and dynamic dependencies]. Details - ImportResultOutputID=331c759820b8261cae5331a6854bc3d0 DependenciesID=ec9bbd9d09d0348975d11fe32e69fa6d StaticDependenciesID=b7c445ac4af0cb65e7c5f7d91c7fa0ba 
Number of updated asset objects reloaded before import = 0Number of asset objects unloaded after import = 3

========================================================================
Received Import Request.
  Time since last request: 0.000017 seconds.
  path: Assets/Sprites/Tiles/tileGrass_roadTransitionE_dirt.png
  importAddress: Guid(00551ad9088983f45b8eafe3e8f9d2f7) Importer(815301076,1909f56bfc062723c751e8b465ee728b)
Start importing Assets/Sprites/Tiles/tileGrass_roadTransitionE_dirt.png using Guid(00551ad9088983f45b8eafe3e8f9d2f7) Importer(815301076,1909f56bfc062723c751e8b465ee728b) (PreviewImporter) -> (Import Result ID: '705f84befe50c05ea01fd5f3b100d583') in 0.0121101 seconds [static and dynamic dependencies]. Details - ImportResultOutputID=f78f6c370c465d5f91f0f1b0fa0a6399 DependenciesID=6d2bec1ac60920594a7216788f3f359c StaticDependenciesID=1895a5a1b308a630ce9ade8b28c40c82 
Number of updated asset objects reloaded before import = 0Number of asset objects unloaded after import = 3

========================================================================
Received Import Request.
  Time since last request: 0.000022 seconds.
  path: Assets/Sprites/Tiles/tileGrass_transitionE.png
  importAddress: Guid(7f10c117265c07642a93335db80fb522) Importer(815301076,1909f56bfc062723c751e8b465ee728b)
Start importing Assets/Sprites/Tiles/tileGrass_transitionE.png using Guid(7f10c117265c07642a93335db80fb522) Importer(815301076,1909f56bfc062723c751e8b465ee728b) (PreviewImporter) -> (Import Result ID: '4199a914a11cce284b32f62cc7207410') in 0.0098305 seconds [static and dynamic dependencies]. Details - ImportResultOutputID=29742c849a9cf805a8b0798fde92b7b2 DependenciesID=96f91dad49837015b57b4f00ab7f76bc StaticDependenciesID=49d6d95ad3b2c33540f5decae96e66a3 
Number of updated asset objects reloaded before import = 0Number of asset objects unloaded after import = 3

========================================================================
Received Import Request.
  Time since last request: 0.000035 seconds.
  path: Assets/Sprites/Tiles/tileGrass_roadCornerUL.png
  importAddress: Guid(4faa0e66d5bb2b44096b91d6be5a587f) Importer(815301076,1909f56bfc062723c751e8b465ee728b)
Start importing Assets/Sprites/Tiles/tileGrass_roadCornerUL.png using Guid(4faa0e66d5bb2b44096b91d6be5a587f) Importer(815301076,1909f56bfc062723c751e8b465ee728b) (PreviewImporter) -> (Import Result ID: '16269a8765543a37847f4ac7a05ebaec') in 0.0121102 seconds [static and dynamic dependencies]. Details - ImportResultOutputID=94728317017ce59f3217f38a2048330c DependenciesID=4b5a8d83f978b64b247bc2a06b8c67da StaticDependenciesID=6e4df66396d815557ff10905dc7e3191 
Number of updated asset objects reloaded before import = 0Number of asset objects unloaded after import = 3

========================================================================
Received Import Request.
  Time since last request: 0.000031 seconds.
  path: Assets/Sprites/Tiles/tileGrass_roadEast.png
  importAddress: Guid(de290dc4e3301ba45bbc093cdce88aa1) Importer(815301076,1909f56bfc062723c751e8b465ee728b)
Start importing Assets/Sprites/Tiles/tileGrass_roadEast.png using Guid(de290dc4e3301ba45bbc093cdce88aa1) Importer(815301076,1909f56bfc062723c751e8b465ee728b) (PreviewImporter) -> (Import Result ID: '96ddfae7fccc206abc7c2eb95e0ac652') in 0.0098856 seconds [static and dynamic dependencies]. Details - ImportResultOutputID=7ecd8ac9f1bcedb3229e50cebba4f2e0 DependenciesID=a4378671c28d5e95fa57c5991ea6033f StaticDependenciesID=206329d1146f3f9b7a5b0d20bdd708ce 
Number of updated asset objects reloaded before import = 0Number of asset objects unloaded after import = 3

========================================================================
Received Import Request.
  Time since last request: 0.000020 seconds.
  path: Assets/Sprites/Tiles/tileGrass_roadCornerLL.png
  importAddress: Guid(21bc999967f337d488413ac301fe4f56) Importer(815301076,1909f56bfc062723c751e8b465ee728b)
Start importing Assets/Sprites/Tiles/tileGrass_roadCornerLL.png using Guid(21bc999967f337d488413ac301fe4f56) Importer(815301076,1909f56bfc062723c751e8b465ee728b) (PreviewImporter) -> (Import Result ID: '991960a51142510cee97c743c3463915') in 0.0108193 seconds [static and dynamic dependencies]. Details - ImportResultOutputID=31c9f0f8d33c59bd3f2d4ecc11abcc87 DependenciesID=f8460658a2bf0a54b7bda16b3036a72c StaticDependenciesID=d14e0465dc22cae1053151087c2bc76f 
Number of updated asset objects reloaded before import = 0Number of asset objects unloaded after import = 3

========================================================================
Received Import Request.
  Time since last request: 0.000024 seconds.
  path: Assets/Sprites/Tiles/tileSand1.png
  importAddress: Guid(69386e21109bd424496b1045251f7fac) Importer(815301076,1909f56bfc062723c751e8b465ee728b)
Start importing Assets/Sprites/Tiles/tileSand1.png using Guid(69386e21109bd424496b1045251f7fac) Importer(815301076,1909f56bfc062723c751e8b465ee728b) (PreviewImporter) -> (Import Result ID: '89aa540a93be3d337f1c30e77a056421') in 0.0125312 seconds [static and dynamic dependencies]. Details - ImportResultOutputID=7dbe5b06fd912e02255fca4e24efd378 DependenciesID=4fbba60333c7e81dba6c64983daf88ac StaticDependenciesID=fce16a6774ccd88e9e14bbddb4b5aafe 
Number of updated asset objects reloaded before import = 0Number of asset objects unloaded after import = 3

========================================================================
Received Import Request.
  Time since last request: 0.000032 seconds.
  path: Assets/Sprites/Tiles/tileGrass_roadTransitionN.png
  importAddress: Guid(ea92dd1bad62868459e646a484841524) Importer(815301076,1909f56bfc062723c751e8b465ee728b)
Start importing Assets/Sprites/Tiles/tileGrass_roadTransitionN.png using Guid(ea92dd1bad62868459e646a484841524) Importer(815301076,1909f56bfc062723c751e8b465ee728b) (PreviewImporter) -> (Import Result ID: 'e40cdf511a823f8d9dc2cf7762493e03') in 0.0108445 seconds [static and dynamic dependencies]. Details - ImportResultOutputID=20a5e800d1be2a3f6f4918e81b8ae7f8 DependenciesID=97017b7ebd2f788b88348e7ac19462fb StaticDependenciesID=eaf5ff5e315a29aa655bd9646c261e26 
Number of updated asset objects reloaded before import = 0Number of asset objects unloaded after import = 3

========================================================================
Received Import Request.
  Time since last request: 0.000029 seconds.
  path: Assets/Sprites/Tiles/tileSand1.png
  importAddress: Guid(69386e21109bd424496b1045251f7fac) Importer(2089858483,b0f066a214c2f5e87bad3c948f4d605d)
Start importing Assets/Sprites/Tiles/tileSand1.png using Guid(69386e21109bd424496b1045251f7fac) Importer(2089858483,b0f066a214c2f5e87bad3c948f4d605d) (ScriptedImporter) -> (Import Result ID: 'a0bddac84a7cf5358b746367ca8fb33e') in 0.0179897 seconds [static and dynamic dependencies]. Details - ImportResultOutputID=bdab76bd7ea50331a444f17547b25c05 DependenciesID=6598dea8fcf56cf17af22f0e4df2a0a9 StaticDependenciesID=bcfcd421ec4806b3bcedd178c1dcd3ff 
Number of updated asset objects reloaded before import = 0Number of asset objects unloaded after import = 3

========================================================================
Received Import Request.
  Time since last request: 0.000044 seconds.
  path: Assets/Sprites/Tiles/tileSand_roadNorth.png
  importAddress: Guid(4c5bee81df364b945ab9af79951dd56f) Importer(2089858483,b0f066a214c2f5e87bad3c948f4d605d)
Start importing Assets/Sprites/Tiles/tileSand_roadNorth.png using Guid(4c5bee81df364b945ab9af79951dd56f) Importer(2089858483,b0f066a214c2f5e87bad3c948f4d605d) (ScriptedImporter) -> (Import Result ID: '6fb9fdbabad872f30c7bddea3c71561a') in 0.0269277 seconds [static and dynamic dependencies]. Details - ImportResultOutputID=0d04c615010821bb0851f42774964835 DependenciesID=895834cfc8b9d6f8e710e1c3e40c61d4 StaticDependenciesID=5ce9173acaaaeb263ec4caafae163c2d 
Number of updated asset objects reloaded before import = 0Number of asset objects unloaded after import = 3

========================================================================
Received Import Request.
  Time since last request: 0.000048 seconds.
  path: Assets/Sprites/Tiles/tileGrass_roadSplitN.png
  importAddress: Guid(787c29973c589834aa9c23c4a8f38499) Importer(2089858483,b0f066a214c2f5e87bad3c948f4d605d)
Start importing Assets/Sprites/Tiles/tileGrass_roadSplitN.png using Guid(787c29973c589834aa9c23c4a8f38499) Importer(2089858483,b0f066a214c2f5e87bad3c948f4d605d) (ScriptedImporter) -> (Import Result ID: '67148b6f8f0a485ae6dfd8386a16adc8') in 0.0252409 seconds [static and dynamic dependencies]. Details - ImportResultOutputID=cd894fb3a7a52149648d190be77b7847 DependenciesID=24ea82bc33bd1851835fd0e3f384239d StaticDependenciesID=09b0ed240b298908672ae8125ea27363 
Number of updated asset objects reloaded before import = 0Number of asset objects unloaded after import = 3

========================================================================
Received Import Request.
  Time since last request: 0.000023 seconds.
  path: Assets/Sprites/Tiles/tileGrass_roadTransitionN_dirt.png
  importAddress: Guid(b3a6a15903b5cee4ab7a198fefddcc0d) Importer(2089858483,b0f066a214c2f5e87bad3c948f4d605d)
Start importing Assets/Sprites/Tiles/tileGrass_roadTransitionN_dirt.png using Guid(b3a6a15903b5cee4ab7a198fefddcc0d) Importer(2089858483,b0f066a214c2f5e87bad3c948f4d605d) (ScriptedImporter) -> (Import Result ID: '20d613ce98a7bbd66c9d52877b93ea9a') in 0.0189858 seconds [static and dynamic dependencies]. Details - ImportResultOutputID=499a90fd7aeca90da3b5180289161738 DependenciesID=7e23148167e6a682b85b3ce9d765ed97 StaticDependenciesID=df66308b3dbad28d2532b7389876b93d 
Number of updated asset objects reloaded before import = 0Number of asset objects unloaded after import = 3

========================================================================
Received Import Request.
  Time since last request: 0.000030 seconds.
  path: Assets/Sprites/Tiles/tileSand_roadSplitW.png
  importAddress: Guid(bc5afabd533a71a4594f153919f597f8) Importer(2089858483,b0f066a214c2f5e87bad3c948f4d605d)
Start importing Assets/Sprites/Tiles/tileSand_roadSplitW.png using Guid(bc5afabd533a71a4594f153919f597f8) Importer(2089858483,b0f066a214c2f5e87bad3c948f4d605d) (ScriptedImporter) -> (Import Result ID: '9f1968de758cdfe53419626051c89454') in 0.0171285 seconds [static and dynamic dependencies]. Details - ImportResultOutputID=f45f7592f9c7203d2a000bb39f846e09 DependenciesID=30aeed3eff7aacde3abcd62b8538d233 StaticDependenciesID=b5b79e07c5ca84a21b9b613686e904fb 
Number of updated asset objects reloaded before import = 0Number of asset objects unloaded after import = 3

========================================================================
Received Import Request.
  Time since last request: 0.000035 seconds.
  path: Assets/Sprites/Tiles/tileGrass_roadNorth.png
  importAddress: Guid(3c421b1215a28ff439f62c40c5f2a5f5) Importer(2089858483,b0f066a214c2f5e87bad3c948f4d605d)
Start importing Assets/Sprites/Tiles/tileGrass_roadNorth.png using Guid(3c421b1215a28ff439f62c40c5f2a5f5) Importer(2089858483,b0f066a214c2f5e87bad3c948f4d605d) (ScriptedImporter) -> (Import Result ID: 'bc69376ef193cbeaf1c1be8244b65e8a') in 0.0248809 seconds [static and dynamic dependencies]. Details - ImportResultOutputID=f2cb7bf306bfaea1a7a91fd22831f28a DependenciesID=118140e8dc6c656a37a2e7d16a4acbd1 StaticDependenciesID=efa506520d68d3279b9deab416861bf7 
Number of updated asset objects reloaded before import = 0Number of asset objects unloaded after import = 3

========================================================================
Received Import Request.
  Time since last request: 0.000022 seconds.
  path: Assets/Sprites/Tiles/tileGrass_transitionW.png
  importAddress: Guid(a016524ff22896b488164c26cf3cd978) Importer(2089858483,b0f066a214c2f5e87bad3c948f4d605d)
Start importing Assets/Sprites/Tiles/tileGrass_transitionW.png using Guid(a016524ff22896b488164c26cf3cd978) Importer(2089858483,b0f066a214c2f5e87bad3c948f4d605d) (ScriptedImporter) -> (Import Result ID: 'ecc47655b19a656590d771862eeafa63') in 0.0210048 seconds [static and dynamic dependencies]. Details - ImportResultOutputID=b6a1526732b8dc2941e0a186eececaeb DependenciesID=ca217c37a676bd022c9ca812ce13dd13 StaticDependenciesID=ed7de6b5869fff81e2f4f81ca8214ed4 
Number of updated asset objects reloaded before import = 0Number of asset objects unloaded after import = 3

========================================================================
Received Import Request.
  Time since last request: 0.000021 seconds.
  path: Assets/Sprites/Tiles/tileGrass_roadEast.png
  importAddress: Guid(de290dc4e3301ba45bbc093cdce88aa1) Importer(2089858483,b0f066a214c2f5e87bad3c948f4d605d)
Start importing Assets/Sprites/Tiles/tileGrass_roadEast.png using Guid(de290dc4e3301ba45bbc093cdce88aa1) Importer(2089858483,b0f066a214c2f5e87bad3c948f4d605d) (ScriptedImporter) -> (Import Result ID: '15d35e0acc78fb73cb9e999966d50d4f') in 0.0178238 seconds [static and dynamic dependencies]. Details - ImportResultOutputID=724af7942f431a3849d4924ad768e688 DependenciesID=9c44f61b71a36107f75b5858d41cfec0 StaticDependenciesID=374264cfa74c62bae14b825dc003318f 
Number of updated asset objects reloaded before import = 0Number of asset objects unloaded after import = 3

========================================================================
Received Import Request.
  Time since last request: 0.000022 seconds.
  path: Assets/Sprites/Tiles/tileSand_roadCrossing.png
  importAddress: Guid(e9ffe222e9a80a84bb0fad99851b18b2) Importer(2089858483,b0f066a214c2f5e87bad3c948f4d605d)
Start importing Assets/Sprites/Tiles/tileSand_roadCrossing.png using Guid(e9ffe222e9a80a84bb0fad99851b18b2) Importer(2089858483,b0f066a214c2f5e87bad3c948f4d605d) (ScriptedImporter) -> (Import Result ID: '25cee600e2134558379c50503242e0bb') in 0.0210292 seconds [static and dynamic dependencies]. Details - ImportResultOutputID=c6db9845d99e016100a2bdd8757a2e1a DependenciesID=098e14bcdfd1086c362a8c30cf6f2c80 StaticDependenciesID=51ff80a390cb5f4627defe19a1666024 
Number of updated asset objects reloaded before import = 0Number of asset objects unloaded after import = 3

========================================================================
Received Import Request.
  Time since last request: 0.000020 seconds.
  path: Assets/Sprites/Tiles/tileGrass_roadCrossingRound.png
  importAddress: Guid(ea0bdfca02f261645ab79a3968d77fc0) Importer(2089858483,b0f066a214c2f5e87bad3c948f4d605d)
Start importing Assets/Sprites/Tiles/tileGrass_roadCrossingRound.png using Guid(ea0bdfca02f261645ab79a3968d77fc0) Importer(2089858483,b0f066a214c2f5e87bad3c948f4d605d) (ScriptedImporter) -> (Import Result ID: '66ae7aa8410bd20fd6603320a99fa62d') in 0.0170531 seconds [static and dynamic dependencies]. Details - ImportResultOutputID=bc4fd2b8fc87082037e008946bb679c6 DependenciesID=14186ae7f9bc5ce9d614a5758afd8d4c StaticDependenciesID=78c72d62fcfe7083aecc57401721b546 
Number of updated asset objects reloaded before import = 0Number of asset objects unloaded after import = 3

========================================================================
Received Import Request.
  Time since last request: 0.000037 seconds.
  path: Assets/Sprites/Tiles/tileSand_roadSplitS.png
  importAddress: Guid(039232c8b8cbb47408b17017789dddae) Importer(2089858483,b0f066a214c2f5e87bad3c948f4d605d)
Start importing Assets/Sprites/Tiles/tileSand_roadSplitS.png using Guid(039232c8b8cbb47408b17017789dddae) Importer(2089858483,b0f066a214c2f5e87bad3c948f4d605d) (ScriptedImporter) -> (Import Result ID: 'd25eabc3531c7efb4c470cc82abfbc03') in 0.0172155 seconds [static and dynamic dependencies]. Details - ImportResultOutputID=46859f7181f0837f5dc5044018c62290 DependenciesID=9c790a43d6bf9024de8cbb2efa6c2ead StaticDependenciesID=9cf0c90974c9935c14ce70e1c0d78f60 
Number of updated asset objects reloaded before import = 0Number of asset objects unloaded after import = 3

========================================================================
Received Import Request.
  Time since last request: 0.000020 seconds.
  path: Assets/Sprites/Tiles/tileSand2.png
  importAddress: Guid(9859d09b6fc9bfa4688133f756096308) Importer(2089858483,b0f066a214c2f5e87bad3c948f4d605d)
Start importing Assets/Sprites/Tiles/tileSand2.png using Guid(9859d09b6fc9bfa4688133f756096308) Importer(2089858483,b0f066a214c2f5e87bad3c948f4d605d) (ScriptedImporter) -> (Import Result ID: 'dc08ddd29ca9e46e3b7d6776249b7105') in 0.022305 seconds [static and dynamic dependencies]. Details - ImportResultOutputID=5b948daf4e058338e81ad650f7aa3a33 DependenciesID=20caf16bcbff40f4f7519a35399dd4fb StaticDependenciesID=f245183f60f75478344887fd12dda084 
Number of updated asset objects reloaded before import = 0Number of asset objects unloaded after import = 3

========================================================================
Received Import Request.
  Time since last request: 0.000020 seconds.
  path: Assets/Sprites/Tiles/tileSand_roadSplitN.png
  importAddress: Guid(6ca2ed8a864b11e4ea5832fbfaaf74e2) Importer(2089858483,b0f066a214c2f5e87bad3c948f4d605d)
Start importing Assets/Sprites/Tiles/tileSand_roadSplitN.png using Guid(6ca2ed8a864b11e4ea5832fbfaaf74e2) Importer(2089858483,b0f066a214c2f5e87bad3c948f4d605d) (ScriptedImporter) -> (Import Result ID: 'a12c4f8ee23bae0fe77f088ad093118a') in 0.0260432 seconds [static and dynamic dependencies]. Details - ImportResultOutputID=29b2e753171d647163f4c51b8e2a1002 DependenciesID=12b9d617663ddf2515dc826c75c689bd StaticDependenciesID=89e152561e1d8ec9183b12a5f9abb465 
Number of updated asset objects reloaded before import = 0Number of asset objects unloaded after import = 3

========================================================================
Received Import Request.
  Time since last request: 0.000017 seconds.
  path: Assets/Sprites/Tiles/tileSand_roadCornerUL.png
  importAddress: Guid(f4970fdc584248949a7a5cbb47377470) Importer(2089858483,b0f066a214c2f5e87bad3c948f4d605d)
Start importing Assets/Sprites/Tiles/tileSand_roadCornerUL.png using Guid(f4970fdc584248949a7a5cbb47377470) Importer(2089858483,b0f066a214c2f5e87bad3c948f4d605d) (ScriptedImporter) -> (Import Result ID: '273003e379d54ba5d6350362846fc830') in 0.0171892 seconds [static and dynamic dependencies]. Details - ImportResultOutputID=aa03899a195efcf07154e695a40a2c34 DependenciesID=cb301cd9cb3a994d99a3d6abc13862da StaticDependenciesID=8ab0b4080bd0462b0f6b5cdf976593a3 
Number of updated asset objects reloaded before import = 0Number of asset objects unloaded after import = 3

========================================================================
Received Import Request.
  Time since last request: 0.000037 seconds.
  path: Assets/Sprites/Tiles/tileSand_roadCrossingRound.png
  importAddress: Guid(0622a6ea160fa0944a60d817069b86d5) Importer(2089858483,b0f066a214c2f5e87bad3c948f4d605d)
Start importing Assets/Sprites/Tiles/tileSand_roadCrossingRound.png using Guid(0622a6ea160fa0944a60d817069b86d5) Importer(2089858483,b0f066a214c2f5e87bad3c948f4d605d) (ScriptedImporter) -> (Import Result ID: '052922057eefbb886813521793ea88b6') in 0.0177933 seconds [static and dynamic dependencies]. Details - ImportResultOutputID=752d7aa153f69fef6c5c1980a75e0eee DependenciesID=b7873b1d1b924f5095ea0f54427d1a21 StaticDependenciesID=88cf2acbeca3c04719786356a4affe41 
Number of updated asset objects reloaded before import = 0Number of asset objects unloaded after import = 3

========================================================================
Received Import Request.
  Time since last request: 0.000035 seconds.
  path: Assets/Sprites/Tiles/tileGrass_roadTransitionS_dirt.png
  importAddress: Guid(681a747a2d071c64e879b4e11654195d) Importer(2089858483,b0f066a214c2f5e87bad3c948f4d605d)
Start importing Assets/Sprites/Tiles/tileGrass_roadTransitionS_dirt.png using Guid(681a747a2d071c64e879b4e11654195d) Importer(2089858483,b0f066a214c2f5e87bad3c948f4d605d) (ScriptedImporter) -> (Import Result ID: '070c93df7cd76e0416d432fdf26e2caf') in 0.0201321 seconds [static and dynamic dependencies]. Details - ImportResultOutputID=2bcb4e4389a4cbf7d17feb874eac5fda DependenciesID=bd11cdc92e8e7b2c2b6d027b1d57f3bb StaticDependenciesID=084f83f9be688f5156a0ac30723cb210 
Number of updated asset objects reloaded before import = 0Number of asset objects unloaded after import = 3

========================================================================
Received Import Request.
  Time since last request: 0.000025 seconds.
  path: Assets/Sprites/Tiles/tileGrass_roadSplitE.png
  importAddress: Guid(5db7334cf2555c0429b858c7e10ad043) Importer(2089858483,b0f066a214c2f5e87bad3c948f4d605d)
Start importing Assets/Sprites/Tiles/tileGrass_roadSplitE.png using Guid(5db7334cf2555c0429b858c7e10ad043) Importer(2089858483,b0f066a214c2f5e87bad3c948f4d605d) (ScriptedImporter) -> (Import Result ID: 'da7594d5514c54e183c9c5e023823f72') in 0.0187385 seconds [static and dynamic dependencies]. Details - ImportResultOutputID=ea7a63c17c360bca899f2a8d6603ed63 DependenciesID=fa6e55b30fe99c4d37b9ae4e4f108363 StaticDependenciesID=24b1da0f8732bcfdbfe1d6e8dfd14e96 
Number of updated asset objects reloaded before import = 0Number of asset objects unloaded after import = 3

========================================================================
Received Import Request.
  Time since last request: 0.000020 seconds.
  path: Assets/Sprites/Tiles/tileGrass_roadTransitionN.png
  importAddress: Guid(ea92dd1bad62868459e646a484841524) Importer(2089858483,b0f066a214c2f5e87bad3c948f4d605d)
Start importing Assets/Sprites/Tiles/tileGrass_roadTransitionN.png using Guid(ea92dd1bad62868459e646a484841524) Importer(2089858483,b0f066a214c2f5e87bad3c948f4d605d) (ScriptedImporter) -> (Import Result ID: 'c74b158e6ccfcc9da1e36094797d0587') in 0.0212923 seconds [static and dynamic dependencies]. Details - ImportResultOutputID=89974df6d62ac6b5f678f789cc87c0f1 DependenciesID=785215f345d7a47b855fb268b35f94d8 StaticDependenciesID=eacc05eaa1642f4f0aa1616474782e22 
Number of updated asset objects reloaded before import = 0Number of asset objects unloaded after import = 3

========================================================================
Received Import Request.
  Time since last request: 0.000020 seconds.
  path: Assets/Sprites/Tiles/tileSand_roadCornerLR.png
  importAddress: Guid(380cf5e4a94e8994ca5a996d8b3b9806) Importer(2089858483,b0f066a214c2f5e87bad3c948f4d605d)
Start importing Assets/Sprites/Tiles/tileSand_roadCornerLR.png using Guid(380cf5e4a94e8994ca5a996d8b3b9806) Importer(2089858483,b0f066a214c2f5e87bad3c948f4d605d) (ScriptedImporter) -> (Import Result ID: '11cca4e05036c1c7cafbd0790d1f5027') in 0.018576 seconds [static and dynamic dependencies]. Details - ImportResultOutputID=73aba65d281333ea7674b5a5d39b4541 DependenciesID=848f435b8ef1708d234ede82ccd61671 StaticDependenciesID=1f33bf701c4972c90795374b2f5d9fa1 
Number of updated asset objects reloaded before import = 0Number of asset objects unloaded after import = 3

========================================================================
Received Import Request.
  Time since last request: 0.000024 seconds.
  path: Assets/Sprites/Tiles/tileGrass_roadTransitionE_dirt.png
  importAddress: Guid(00551ad9088983f45b8eafe3e8f9d2f7) Importer(2089858483,b0f066a214c2f5e87bad3c948f4d605d)
Start importing Assets/Sprites/Tiles/tileGrass_roadTransitionE_dirt.png using Guid(00551ad9088983f45b8eafe3e8f9d2f7) Importer(2089858483,b0f066a214c2f5e87bad3c948f4d605d) (ScriptedImporter) -> (Import Result ID: '9eb5127a779a4e1260cddc28b872bf0c') in 0.0195213 seconds [static and dynamic dependencies]. Details - ImportResultOutputID=d251153c73518baa505fd76a2fc16500 DependenciesID=2174f01569cdadea1bea8a275888f493 StaticDependenciesID=65b5f38dfcec0605c70deb62d3754f0b 
Number of updated asset objects reloaded before import = 0Number of asset objects unloaded after import = 3

========================================================================
Received Import Request.
  Time since last request: 0.000028 seconds.
  path: Assets/Sprites/Tiles/tileGrass_roadCornerUL.png
  importAddress: Guid(4faa0e66d5bb2b44096b91d6be5a587f) Importer(2089858483,b0f066a214c2f5e87bad3c948f4d605d)
Start importing Assets/Sprites/Tiles/tileGrass_roadCornerUL.png using Guid(4faa0e66d5bb2b44096b91d6be5a587f) Importer(2089858483,b0f066a214c2f5e87bad3c948f4d605d) (ScriptedImporter) -> (Import Result ID: '9d1a31fa83c6bede4c053215d00a5e45') in 0.017461 seconds [static and dynamic dependencies]. Details - ImportResultOutputID=854384e97339b21d79dd53f9b13b4d6f DependenciesID=1173322b2fa5bc17b80f6de7fe184d00 StaticDependenciesID=58e2ef0276a51ba792caa3d241e61f83 
Number of updated asset objects reloaded before import = 0Number of asset objects unloaded after import = 3

========================================================================
Received Import Request.
  Time since last request: 0.000018 seconds.
  path: Assets/Sprites/Tiles/tileGrass_roadSplitS.png
  importAddress: Guid(7df134c1bba73a340ae77eab9abed271) Importer(2089858483,b0f066a214c2f5e87bad3c948f4d605d)
Start importing Assets/Sprites/Tiles/tileGrass_roadSplitS.png using Guid(7df134c1bba73a340ae77eab9abed271) Importer(2089858483,b0f066a214c2f5e87bad3c948f4d605d) (ScriptedImporter) -> (Import Result ID: 'd5198b8883a458ce16e1aaf008599eaa') in 0.0207791 seconds [static and dynamic dependencies]. Details - ImportResultOutputID=d72ae2d58c6823afb61d3fea923bb6d8 DependenciesID=9032f54387e1a634e89d42966b6c8574 StaticDependenciesID=a0f55e5b2b07929f242c3ce2fa42804e 
Number of updated asset objects reloaded before import = 0Number of asset objects unloaded after import = 3

========================================================================
Received Import Request.
  Time since last request: 0.000022 seconds.
  path: Assets/Sprites/Tiles/tileGrass_roadCrossingRound.png
  importAddress: Guid(ea0bdfca02f261645ab79a3968d77fc0) Importer(815301076,1909f56bfc062723c751e8b465ee728b)
Start importing Assets/Sprites/Tiles/tileGrass_roadCrossingRound.png using Guid(ea0bdfca02f261645ab79a3968d77fc0) Importer(815301076,1909f56bfc062723c751e8b465ee728b) (PreviewImporter) -> (Import Result ID: 'f6e00a02fd370c41ead082cd981c8edb') in 0.0134481 seconds [static and dynamic dependencies]. Details - ImportResultOutputID=278153c688c0341786af13b612a10ce4 DependenciesID=ace71851576d0b843fc4c0cfd721b3c9 StaticDependenciesID=8b59c9c8b07c2511fe7f676d2658eac1 
Number of updated asset objects reloaded before import = 0Number of asset objects unloaded after import = 3

========================================================================
Received Import Request.
  Time since last request: 2640.784979 seconds.
  path: Assets/Settings
  importAddress: Guid(0220aab0833d04faeb927d84ca6cc40c) Importer(815301076,1909f56bfc062723c751e8b465ee728b)
Start importing Assets/Settings using Guid(0220aab0833d04faeb927d84ca6cc40c) Importer(815301076,1909f56bfc062723c751e8b465ee728b) (PreviewImporter) -> (Import Result ID: 'b7015ab3f236db6be35ef8f39a521214') in 0.0095353 seconds [static and dynamic dependencies]. Details - ImportResultOutputID=693781ec2ce6e4820c8fedee22af6ee7 DependenciesID=43c966c5d4d0919f433809e02eb85be7 StaticDependenciesID=313a55d040b389caf7146c1bf97fe4f8 
Number of updated asset objects reloaded before import = 0Number of asset objects unloaded after import = 0

========================================================================
Received Prepare
Refreshing native plugins compatible for Editor in 3.86 ms, found 5 plugins.
Unloading 24 Unused Serialized files (Serialized files now loaded: 0)
Unloading 7249 unused Assets / (5.1 MB). Loaded Objects now: 8179.
Memory consumption went from 158.8 MB to 153.7 MB.
Total: 388.718600 ms (FindLiveObjects: 11.427400 ms CreateObjectMapping: 1.284500 ms MarkObjects: 371.462600 ms  DeleteObjects: 4.541400 ms)

Prepare: number of updated asset objects reloaded= 0
========================================================================
Received Import Request.
  Time since last request: 8.080162 seconds.
  path: Assets/Scripts/TankPlacement.cs
  importAddress: Guid(cb92bda681a4c994da216afd8dc54cdd) Importer(2089858483,b0f066a214c2f5e87bad3c948f4d605d)
Start importing Assets/Scripts/TankPlacement.cs using Guid(cb92bda681a4c994da216afd8dc54cdd) Importer(2089858483,b0f066a214c2f5e87bad3c948f4d605d) (ScriptedImporter) -> (Import Result ID: '1ab6a0740cf14b40bde2f33f1e536a67') in 0.0404417 seconds [static and dynamic dependencies]. Details - ImportResultOutputID=ec8423e4da08e409e09a6cabad83bfee DependenciesID=36f9f2d187c19bedc293346d1f7f2d6d StaticDependenciesID=e1af0b3970917a01dbc548e76af33f71 
Number of updated asset objects reloaded before import = 0Number of asset objects unloaded after import = 0

========================================================================
Received Prepare
Begin MonoManager ReloadAssembly
[Licensing::Client] Successfully resolved entitlement details
Assembly Assembly-CSharp-Editor-firstpass.dll at Library/ScriptAssemblies/Assembly-CSharp-Editor-firstpass.dll not valid. Loading of assembly skipped.
Assembly Assembly-CSharp-Editor.dll at Library/ScriptAssemblies/Assembly-CSharp-Editor.dll not valid. Loading of assembly skipped.
Assembly Assembly-CSharp-firstpass.dll at Library/ScriptAssemblies/Assembly-CSharp-firstpass.dll not valid. Loading of assembly skipped.
Assembly DocCodeExamples.dll at Library/ScriptAssemblies/DocCodeExamples.dll not valid. Loading of assembly skipped.
Assembly TestNewCustomAssembly.dll at Library/ScriptAssemblies/TestNewCustomAssembly.dll not valid. Loading of assembly skipped.
Assembly Unity.2D.Animation.EditorTests.dll at Library/ScriptAssemblies/Unity.2D.Animation.EditorTests.dll not valid. Loading of assembly skipped.
Assembly Unity.2D.Aseprite.EditorTests.dll at Library/ScriptAssemblies/Unity.2D.Aseprite.EditorTests.dll not valid. Loading of assembly skipped.
Assembly Unity.2D.Common.EditorTests.dll at Library/ScriptAssemblies/Unity.2D.Common.EditorTests.dll not valid. Loading of assembly skipped.
Assembly Unity.2D.Psdimporter.EditorTests.dll at Library/ScriptAssemblies/Unity.2D.Psdimporter.EditorTests.dll not valid. Loading of assembly skipped.
Assembly Unity.2D.Sprite.Package.EditorTests.dll at Library/ScriptAssemblies/Unity.2D.Sprite.Package.EditorTests.dll not valid. Loading of assembly skipped.
Assembly Unity.2D.SpriteShape.EditorTests.dll at Library/ScriptAssemblies/Unity.2D.SpriteShape.EditorTests.dll not valid. Loading of assembly skipped.
Assembly Unity.2D.Tilemap.Package.EditorTests.dll at Library/ScriptAssemblies/Unity.2D.Tilemap.Package.EditorTests.dll not valid. Loading of assembly skipped.
Assembly Unity.Collections.BurstCompatibilityGen.dll at Library/ScriptAssemblies/Unity.Collections.BurstCompatibilityGen.dll not valid. Loading of assembly skipped.
Assembly Unity.Collections.DocCodeSamples.dll at Library/ScriptAssemblies/Unity.Collections.DocCodeSamples.dll not valid. Loading of assembly skipped.
Assembly Unity.Collections.PerformanceTests.dll at Library/ScriptAssemblies/Unity.Collections.PerformanceTests.dll not valid. Loading of assembly skipped.
Assembly Unity.Collections.Tests.dll at Library/ScriptAssemblies/Unity.Collections.Tests.dll not valid. Loading of assembly skipped.
Assembly Unity.Collections.Tests.Playmode.dll at Library/ScriptAssemblies/Unity.Collections.Tests.Playmode.dll not valid. Loading of assembly skipped.
Assembly Unity.InputSystem.IntegrationTests.dll at Library/ScriptAssemblies/Unity.InputSystem.IntegrationTests.dll not valid. Loading of assembly skipped.
Assembly Unity.Mathematics.Tests.dll at Library/ScriptAssemblies/Unity.Mathematics.Tests.dll not valid. Loading of assembly skipped.
Assembly Unity.Multiplayer.Center.Editor.Tests.dll at Library/ScriptAssemblies/Unity.Multiplayer.Center.Editor.Tests.dll not valid. Loading of assembly skipped.
Assembly Unity.Multiplayer.Center.Tests.dll at Library/ScriptAssemblies/Unity.Multiplayer.Center.Tests.dll not valid. Loading of assembly skipped.
Assembly Unity.Nuget.Mono-Cecil.dll at Library/ScriptAssemblies/Unity.Nuget.Mono-Cecil.dll not valid. Loading of assembly skipped.
Assembly Unity.PathTracing.Editor.Tests.dll at Library/ScriptAssemblies/Unity.PathTracing.Editor.Tests.dll not valid. Loading of assembly skipped.
Assembly Unity.PathTracing.Runtime.Tests.dll at Library/ScriptAssemblies/Unity.PathTracing.Runtime.Tests.dll not valid. Loading of assembly skipped.
Assembly Unity.RenderPipelines.Core.Editor.Tests.dll at Library/ScriptAssemblies/Unity.RenderPipelines.Core.Editor.Tests.dll not valid. Loading of assembly skipped.
Assembly Unity.RenderPipelines.Core.Runtime.Tests.dll at Library/ScriptAssemblies/Unity.RenderPipelines.Core.Runtime.Tests.dll not valid. Loading of assembly skipped.
Assembly Unity.RenderPipelines.Universal.Config.Editor.Tests.dll at Library/ScriptAssemblies/Unity.RenderPipelines.Universal.Config.Editor.Tests.dll not valid. Loading of assembly skipped.
Assembly Unity.RenderPipelines.Universal.Editor.Tests.dll at Library/ScriptAssemblies/Unity.RenderPipelines.Universal.Editor.Tests.dll not valid. Loading of assembly skipped.
Assembly Unity.RenderPipelines.Universal.Runtime.Tests.dll at Library/ScriptAssemblies/Unity.RenderPipelines.Universal.Runtime.Tests.dll not valid. Loading of assembly skipped.
Assembly Unity.Searcher.EditorTests.dll at Library/ScriptAssemblies/Unity.Searcher.EditorTests.dll not valid. Loading of assembly skipped.
Assembly Unity.ShaderGraph.Editor.Tests.dll at Library/ScriptAssemblies/Unity.ShaderGraph.Editor.Tests.dll not valid. Loading of assembly skipped.
Assembly Unity.TextMeshPro.Editor.Tests.dll at Library/ScriptAssemblies/Unity.TextMeshPro.Editor.Tests.dll not valid. Loading of assembly skipped.
Assembly Unity.TextMeshPro.Tests.dll at Library/ScriptAssemblies/Unity.TextMeshPro.Tests.dll not valid. Loading of assembly skipped.
Assembly Unity.UnifiedRayTracing.Editor.Tests.dll at Library/ScriptAssemblies/Unity.UnifiedRayTracing.Editor.Tests.dll not valid. Loading of assembly skipped.
Assembly UnityEditor.UI.Common.Tests.dll at Library/ScriptAssemblies/UnityEditor.UI.Common.Tests.dll not valid. Loading of assembly skipped.
Assembly UnityEditor.UI.EditorTests.dll at Library/ScriptAssemblies/UnityEditor.UI.EditorTests.dll not valid. Loading of assembly skipped.
Assembly UnityEngine.UI.Tests.dll at Library/ScriptAssemblies/UnityEngine.UI.Tests.dll not valid. Loading of assembly skipped.
Refreshing native plugins compatible for Editor in 4.53 ms, found 5 plugins.
Native extension for WindowsStandalone target not found
Native extension for WebGL target not found
[Package Manager] Failed to launch server process. Reason: Unity was launched with the -noUpm command-line argument
[Package Manager] Unable to send message (not connected to server process).
[Package Manager] Cannot connect to Unity Package Manager local server
[Package Manager] Failed to launch server process. Reason: Unity was launched with the -noUpm command-line argument
[Package Manager] Unable to send message (not connected to server process).
[Package Manager] Cannot connect to Unity Package Manager local server
ScheduleIndexationOnStartup MainProcess:False IndexOnStartup:True
Mono: successfully reloaded assembly
- Finished resetting the current domain, in  1.371 seconds
Domain Reload Profiling: 16862ms
	BeginReloadAssembly (1736ms)
		DisableScriptedObjects (304ms)
		CreateAndSetChildDomain (455ms)
	RebuildCommonClasses (78ms)
	RebuildNativeTypeToScriptingClass (21ms)
	initialDomainReloadingComplete (180ms)
	LoadAllAssembliesAndSetupDomain (13476ms)
		LoadAssemblies (13405ms)
		AnalyzeDomain (597ms)
			TypeCache.Refresh (42ms)
			BuildScriptInfoCaches (470ms)
			ResolveRequiredComponents (34ms)
	FinalizeReload (1372ms)
		SetupLoadedEditorAssemblies (0ms)
			InitializePlatformSupportModulesInManaged (4ms)
			BeforeProcessingInitializeOnLoad (273ms)
			ProcessInitializeOnLoadAttributes (569ms)
			ProcessInitializeOnLoadMethodAttributes (172ms)
			AfterProcessingInitializeOnLoad (4ms)
		AwakeInstancesAfterBackupRestoration (26ms)
Refreshing native plugins compatible for Editor in 4.44 ms, found 5 plugins.
Unloading 24 Unused Serialized files (Serialized files now loaded: 0)
Unloading 7262 unused Assets / (5.3 MB). Loaded Objects now: 8182.
Memory consumption went from 161.5 MB to 156.2 MB.
Total: 14.580200 ms (FindLiveObjects: 1.031000 ms CreateObjectMapping: 1.503100 ms MarkObjects: 7.974500 ms  DeleteObjects: 4.069800 ms)

Prepare: number of updated asset objects reloaded= 0
========================================================================
Received Import Request.
  Time since last request: 47.928027 seconds.
  path: Assets/Scripts/TankPlacement.cs
  importAddress: Guid(cb92bda681a4c994da216afd8dc54cdd) Importer(815301076,1909f56bfc062723c751e8b465ee728b)
Start importing Assets/Scripts/TankPlacement.cs using Guid(cb92bda681a4c994da216afd8dc54cdd) Importer(815301076,1909f56bfc062723c751e8b465ee728b) (PreviewImporter) -> (Import Result ID: '2f89363f270e05f01661b54b0308072d') in 0.0057188 seconds [static and dynamic dependencies]. Details - ImportResultOutputID=f6691ebb8f81428f6bf5f7f4c95d82af DependenciesID=a071b6687e99fdac0c18bed05a1d63c4 StaticDependenciesID=1e4efb7bd3cfbf0ad71f45872da46827 
Number of updated asset objects reloaded before import = 0Number of asset objects unloaded after import = 0

========================================================================
Received Prepare
Begin MonoManager ReloadAssembly
[Licensing::Client] Successfully resolved entitlement details
Assembly Assembly-CSharp-Editor-firstpass.dll at Library/ScriptAssemblies/Assembly-CSharp-Editor-firstpass.dll not valid. Loading of assembly skipped.
Assembly Assembly-CSharp-Editor.dll at Library/ScriptAssemblies/Assembly-CSharp-Editor.dll not valid. Loading of assembly skipped.
Assembly Assembly-CSharp-firstpass.dll at Library/ScriptAssemblies/Assembly-CSharp-firstpass.dll not valid. Loading of assembly skipped.
Assembly DocCodeExamples.dll at Library/ScriptAssemblies/DocCodeExamples.dll not valid. Loading of assembly skipped.
Assembly TestNewCustomAssembly.dll at Library/ScriptAssemblies/TestNewCustomAssembly.dll not valid. Loading of assembly skipped.
Assembly Unity.2D.Animation.EditorTests.dll at Library/ScriptAssemblies/Unity.2D.Animation.EditorTests.dll not valid. Loading of assembly skipped.
Assembly Unity.2D.Aseprite.EditorTests.dll at Library/ScriptAssemblies/Unity.2D.Aseprite.EditorTests.dll not valid. Loading of assembly skipped.
Assembly Unity.2D.Common.EditorTests.dll at Library/ScriptAssemblies/Unity.2D.Common.EditorTests.dll not valid. Loading of assembly skipped.
Assembly Unity.2D.Psdimporter.EditorTests.dll at Library/ScriptAssemblies/Unity.2D.Psdimporter.EditorTests.dll not valid. Loading of assembly skipped.
Assembly Unity.2D.Sprite.Package.EditorTests.dll at Library/ScriptAssemblies/Unity.2D.Sprite.Package.EditorTests.dll not valid. Loading of assembly skipped.
Assembly Unity.2D.SpriteShape.EditorTests.dll at Library/ScriptAssemblies/Unity.2D.SpriteShape.EditorTests.dll not valid. Loading of assembly skipped.
Assembly Unity.2D.Tilemap.Package.EditorTests.dll at Library/ScriptAssemblies/Unity.2D.Tilemap.Package.EditorTests.dll not valid. Loading of assembly skipped.
Assembly Unity.Collections.BurstCompatibilityGen.dll at Library/ScriptAssemblies/Unity.Collections.BurstCompatibilityGen.dll not valid. Loading of assembly skipped.
Assembly Unity.Collections.DocCodeSamples.dll at Library/ScriptAssemblies/Unity.Collections.DocCodeSamples.dll not valid. Loading of assembly skipped.
Assembly Unity.Collections.PerformanceTests.dll at Library/ScriptAssemblies/Unity.Collections.PerformanceTests.dll not valid. Loading of assembly skipped.
Assembly Unity.Collections.Tests.dll at Library/ScriptAssemblies/Unity.Collections.Tests.dll not valid. Loading of assembly skipped.
Assembly Unity.Collections.Tests.Playmode.dll at Library/ScriptAssemblies/Unity.Collections.Tests.Playmode.dll not valid. Loading of assembly skipped.
Assembly Unity.InputSystem.IntegrationTests.dll at Library/ScriptAssemblies/Unity.InputSystem.IntegrationTests.dll not valid. Loading of assembly skipped.
Assembly Unity.Mathematics.Tests.dll at Library/ScriptAssemblies/Unity.Mathematics.Tests.dll not valid. Loading of assembly skipped.
Assembly Unity.Multiplayer.Center.Editor.Tests.dll at Library/ScriptAssemblies/Unity.Multiplayer.Center.Editor.Tests.dll not valid. Loading of assembly skipped.
Assembly Unity.Multiplayer.Center.Tests.dll at Library/ScriptAssemblies/Unity.Multiplayer.Center.Tests.dll not valid. Loading of assembly skipped.
Assembly Unity.Nuget.Mono-Cecil.dll at Library/ScriptAssemblies/Unity.Nuget.Mono-Cecil.dll not valid. Loading of assembly skipped.
Assembly Unity.PathTracing.Editor.Tests.dll at Library/ScriptAssemblies/Unity.PathTracing.Editor.Tests.dll not valid. Loading of assembly skipped.
Assembly Unity.PathTracing.Runtime.Tests.dll at Library/ScriptAssemblies/Unity.PathTracing.Runtime.Tests.dll not valid. Loading of assembly skipped.
Assembly Unity.RenderPipelines.Core.Editor.Tests.dll at Library/ScriptAssemblies/Unity.RenderPipelines.Core.Editor.Tests.dll not valid. Loading of assembly skipped.
Assembly Unity.RenderPipelines.Core.Runtime.Tests.dll at Library/ScriptAssemblies/Unity.RenderPipelines.Core.Runtime.Tests.dll not valid. Loading of assembly skipped.
Assembly Unity.RenderPipelines.Universal.Config.Editor.Tests.dll at Library/ScriptAssemblies/Unity.RenderPipelines.Universal.Config.Editor.Tests.dll not valid. Loading of assembly skipped.
Assembly Unity.RenderPipelines.Universal.Editor.Tests.dll at Library/ScriptAssemblies/Unity.RenderPipelines.Universal.Editor.Tests.dll not valid. Loading of assembly skipped.
Assembly Unity.RenderPipelines.Universal.Runtime.Tests.dll at Library/ScriptAssemblies/Unity.RenderPipelines.Universal.Runtime.Tests.dll not valid. Loading of assembly skipped.
Assembly Unity.Searcher.EditorTests.dll at Library/ScriptAssemblies/Unity.Searcher.EditorTests.dll not valid. Loading of assembly skipped.
Assembly Unity.ShaderGraph.Editor.Tests.dll at Library/ScriptAssemblies/Unity.ShaderGraph.Editor.Tests.dll not valid. Loading of assembly skipped.
Assembly Unity.TextMeshPro.Editor.Tests.dll at Library/ScriptAssemblies/Unity.TextMeshPro.Editor.Tests.dll not valid. Loading of assembly skipped.
Assembly Unity.TextMeshPro.Tests.dll at Library/ScriptAssemblies/Unity.TextMeshPro.Tests.dll not valid. Loading of assembly skipped.
Assembly Unity.UnifiedRayTracing.Editor.Tests.dll at Library/ScriptAssemblies/Unity.UnifiedRayTracing.Editor.Tests.dll not valid. Loading of assembly skipped.
Assembly UnityEditor.UI.Common.Tests.dll at Library/ScriptAssemblies/UnityEditor.UI.Common.Tests.dll not valid. Loading of assembly skipped.
Assembly UnityEditor.UI.EditorTests.dll at Library/ScriptAssemblies/UnityEditor.UI.EditorTests.dll not valid. Loading of assembly skipped.
Assembly UnityEngine.UI.Tests.dll at Library/ScriptAssemblies/UnityEngine.UI.Tests.dll not valid. Loading of assembly skipped.
Refreshing native plugins compatible for Editor in 3.95 ms, found 5 plugins.
Native extension for WindowsStandalone target not found
Native extension for WebGL target not found
[Package Manager] Failed to launch server process. Reason: Unity was launched with the -noUpm command-line argument
[Package Manager] Unable to send message (not connected to server process).
[Package Manager] Cannot connect to Unity Package Manager local server
[Package Manager] Failed to launch server process. Reason: Unity was launched with the -noUpm command-line argument
[Package Manager] Unable to send message (not connected to server process).
[Package Manager] Cannot connect to Unity Package Manager local server
ScheduleIndexationOnStartup MainProcess:False IndexOnStartup:True
Mono: successfully reloaded assembly
- Finished resetting the current domain, in  1.382 seconds
Domain Reload Profiling: 3194ms
	BeginReloadAssembly (502ms)
		DisableScriptedObjects (29ms)
		CreateAndSetChildDomain (118ms)
	RebuildCommonClasses (92ms)
	RebuildNativeTypeToScriptingClass (24ms)
	initialDomainReloadingComplete (125ms)
	LoadAllAssembliesAndSetupDomain (1067ms)
		LoadAssemblies (726ms)
		AnalyzeDomain (577ms)
			TypeCache.Refresh (16ms)
			BuildScriptInfoCaches (528ms)
			ResolveRequiredComponents (30ms)
	FinalizeReload (1383ms)
		SetupLoadedEditorAssemblies (0ms)
			InitializePlatformSupportModulesInManaged (3ms)
			BeforeProcessingInitializeOnLoad (232ms)
			ProcessInitializeOnLoadAttributes (616ms)
			ProcessInitializeOnLoadMethodAttributes (138ms)
			AfterProcessingInitializeOnLoad (5ms)
		AwakeInstancesAfterBackupRestoration (29ms)
Refreshing native plugins compatible for Editor in 2.61 ms, found 5 plugins.
Unloading 24 Unused Serialized files (Serialized files now loaded: 0)
Unloading 7262 unused Assets / (5.0 MB). Loaded Objects now: 8185.
Memory consumption went from 161.5 MB to 156.5 MB.
Total: 14.776600 ms (FindLiveObjects: 0.762400 ms CreateObjectMapping: 0.688900 ms MarkObjects: 8.848200 ms  DeleteObjects: 4.475000 ms)

Prepare: number of updated asset objects reloaded= 0
========================================================================
Received Import Request.
  Time since last request: 178.975936 seconds.
  path: Assets/Scripts/TankPlacement.cs
  importAddress: Guid(cb92bda681a4c994da216afd8dc54cdd) Importer(815301076,1909f56bfc062723c751e8b465ee728b)
Start importing Assets/Scripts/TankPlacement.cs using Guid(cb92bda681a4c994da216afd8dc54cdd) Importer(815301076,1909f56bfc062723c751e8b465ee728b) (PreviewImporter) -> (Import Result ID: '77d44b478b02a5e3fc5ee03f0dfef97d') in 0.0034261 seconds [static and dynamic dependencies]. Details - ImportResultOutputID=f6691ebb8f81428f6bf5f7f4c95d82af DependenciesID=b0f03fd0c8911200d984f231bebcfe58 StaticDependenciesID=3baa91cfca5725b5283a26f151c52b00 
Number of updated asset objects reloaded before import = 0Number of asset objects unloaded after import = 0

========================================================================
Received Import Request.
  Time since last request: 0.581279 seconds.
  path: Assets/Scripts/TankPlacement.cs
  importAddress: Guid(cb92bda681a4c994da216afd8dc54cdd) Importer(2089858483,b0f066a214c2f5e87bad3c948f4d605d)
Start importing Assets/Scripts/TankPlacement.cs using Guid(cb92bda681a4c994da216afd8dc54cdd) Importer(2089858483,b0f066a214c2f5e87bad3c948f4d605d) (ScriptedImporter) -> (Import Result ID: '4e64e63d172d5ec94cb0534279549d95') in 0.1289174 seconds [static and dynamic dependencies]. Details - ImportResultOutputID=fa0084d4f76cf6aeaa8a573155856381 DependenciesID=8f7b2c86263e782ffae81159b77dcdf0 StaticDependenciesID=95b1dff73542c4f63f9ce1d94c3942c3 
Number of updated asset objects reloaded before import = 0Number of asset objects unloaded after import = 0

========================================================================
Received Prepare
Refreshing native plugins compatible for Editor in 2.36 ms, found 5 plugins.
Unloading 24 Unused Serialized files (Serialized files now loaded: 0)
Unloading 7248 unused Assets / (5.6 MB). Loaded Objects now: 8186.
Memory consumption went from 161.7 MB to 156.0 MB.
Total: 50.953500 ms (FindLiveObjects: 3.590000 ms CreateObjectMapping: 6.285300 ms MarkObjects: 36.251500 ms  DeleteObjects: 4.825600 ms)

Prepare: number of updated asset objects reloaded= 0
========================================================================
Received Import Request.
  Time since last request: 1.435833 seconds.
  path: Assets/Scripts/TankTurret.cs
  importAddress: Guid(acb41827d3997854997b2e689588f837) Importer(815301076,1909f56bfc062723c751e8b465ee728b)
Start importing Assets/Scripts/TankTurret.cs using Guid(acb41827d3997854997b2e689588f837) Importer(815301076,1909f56bfc062723c751e8b465ee728b) (PreviewImporter) -> (Import Result ID: 'e68fa56903e94a744bfa41df338fb275') in 0.0007375 seconds [static and dynamic dependencies]. Details - ImportResultOutputID=5314691439ae7b99a03fbbd1fd7f8d6c DependenciesID=8a33aff33633ebd197e7503e6b65dfc2 StaticDependenciesID=510c8752b7dfe6f92a53ed1efdb96114 
Number of updated asset objects reloaded before import = 0Number of asset objects unloaded after import = 0

========================================================================
Received Import Request.
  Time since last request: 0.364412 seconds.
  path: Assets/Scripts/TankTurret.cs
  importAddress: Guid(acb41827d3997854997b2e689588f837) Importer(2089858483,b0f066a214c2f5e87bad3c948f4d605d)
Start importing Assets/Scripts/TankTurret.cs using Guid(acb41827d3997854997b2e689588f837) Importer(2089858483,b0f066a214c2f5e87bad3c948f4d605d) (ScriptedImporter) -> (Import Result ID: '62d719a289edaefdf50e9eb7d5202386') in 0.0119709 seconds [static and dynamic dependencies]. Details - ImportResultOutputID=10111ac8b5e0a6942389c6cc25379e1f DependenciesID=8b50b23eea74d233579283b2c606ceca StaticDependenciesID=aad5f76eaffb47e8d0e9d15cbafc9bcd 
Number of updated asset objects reloaded before import = 0Number of asset objects unloaded after import = 0

========================================================================
Received Prepare
Begin MonoManager ReloadAssembly
Assembly Assembly-CSharp-Editor-firstpass.dll at Library/ScriptAssemblies/Assembly-CSharp-Editor-firstpass.dll not valid. Loading of assembly skipped.
Assembly Assembly-CSharp-Editor.dll at Library/ScriptAssemblies/Assembly-CSharp-Editor.dll not valid. Loading of assembly skipped.
Assembly Assembly-CSharp-firstpass.dll at Library/ScriptAssemblies/Assembly-CSharp-firstpass.dll not valid. Loading of assembly skipped.
Assembly DocCodeExamples.dll at Library/ScriptAssemblies/DocCodeExamples.dll not valid. Loading of assembly skipped.
Assembly TestNewCustomAssembly.dll at Library/ScriptAssemblies/TestNewCustomAssembly.dll not valid. Loading of assembly skipped.
Assembly Unity.2D.Animation.EditorTests.dll at Library/ScriptAssemblies/Unity.2D.Animation.EditorTests.dll not valid. Loading of assembly skipped.
Assembly Unity.2D.Aseprite.EditorTests.dll at Library/ScriptAssemblies/Unity.2D.Aseprite.EditorTests.dll not valid. Loading of assembly skipped.
Assembly Unity.2D.Common.EditorTests.dll at Library/ScriptAssemblies/Unity.2D.Common.EditorTests.dll not valid. Loading of assembly skipped.
Assembly Unity.2D.Psdimporter.EditorTests.dll at Library/ScriptAssemblies/Unity.2D.Psdimporter.EditorTests.dll not valid. Loading of assembly skipped.
Assembly Unity.2D.Sprite.Package.EditorTests.dll at Library/ScriptAssemblies/Unity.2D.Sprite.Package.EditorTests.dll not valid. Loading of assembly skipped.
Assembly Unity.2D.SpriteShape.EditorTests.dll at Library/ScriptAssemblies/Unity.2D.SpriteShape.EditorTests.dll not valid. Loading of assembly skipped.
Assembly Unity.2D.Tilemap.Package.EditorTests.dll at Library/ScriptAssemblies/Unity.2D.Tilemap.Package.EditorTests.dll not valid. Loading of assembly skipped.
Assembly Unity.Collections.BurstCompatibilityGen.dll at Library/ScriptAssemblies/Unity.Collections.BurstCompatibilityGen.dll not valid. Loading of assembly skipped.
Assembly Unity.Collections.DocCodeSamples.dll at Library/ScriptAssemblies/Unity.Collections.DocCodeSamples.dll not valid. Loading of assembly skipped.
Assembly Unity.Collections.PerformanceTests.dll at Library/ScriptAssemblies/Unity.Collections.PerformanceTests.dll not valid. Loading of assembly skipped.
Assembly Unity.Collections.Tests.dll at Library/ScriptAssemblies/Unity.Collections.Tests.dll not valid. Loading of assembly skipped.
Assembly Unity.Collections.Tests.Playmode.dll at Library/ScriptAssemblies/Unity.Collections.Tests.Playmode.dll not valid. Loading of assembly skipped.
Assembly Unity.InputSystem.IntegrationTests.dll at Library/ScriptAssemblies/Unity.InputSystem.IntegrationTests.dll not valid. Loading of assembly skipped.
Assembly Unity.Mathematics.Tests.dll at Library/ScriptAssemblies/Unity.Mathematics.Tests.dll not valid. Loading of assembly skipped.
Assembly Unity.Multiplayer.Center.Editor.Tests.dll at Library/ScriptAssemblies/Unity.Multiplayer.Center.Editor.Tests.dll not valid. Loading of assembly skipped.
Assembly Unity.Multiplayer.Center.Tests.dll at Library/ScriptAssemblies/Unity.Multiplayer.Center.Tests.dll not valid. Loading of assembly skipped.
Assembly Unity.Nuget.Mono-Cecil.dll at Library/ScriptAssemblies/Unity.Nuget.Mono-Cecil.dll not valid. Loading of assembly skipped.
Assembly Unity.PathTracing.Editor.Tests.dll at Library/ScriptAssemblies/Unity.PathTracing.Editor.Tests.dll not valid. Loading of assembly skipped.
Assembly Unity.PathTracing.Runtime.Tests.dll at Library/ScriptAssemblies/Unity.PathTracing.Runtime.Tests.dll not valid. Loading of assembly skipped.
Assembly Unity.RenderPipelines.Core.Editor.Tests.dll at Library/ScriptAssemblies/Unity.RenderPipelines.Core.Editor.Tests.dll not valid. Loading of assembly skipped.
Assembly Unity.RenderPipelines.Core.Runtime.Tests.dll at Library/ScriptAssemblies/Unity.RenderPipelines.Core.Runtime.Tests.dll not valid. Loading of assembly skipped.
Assembly Unity.RenderPipelines.Universal.Config.Editor.Tests.dll at Library/ScriptAssemblies/Unity.RenderPipelines.Universal.Config.Editor.Tests.dll not valid. Loading of assembly skipped.
Assembly Unity.RenderPipelines.Universal.Editor.Tests.dll at Library/ScriptAssemblies/Unity.RenderPipelines.Universal.Editor.Tests.dll not valid. Loading of assembly skipped.
Assembly Unity.RenderPipelines.Universal.Runtime.Tests.dll at Library/ScriptAssemblies/Unity.RenderPipelines.Universal.Runtime.Tests.dll not valid. Loading of assembly skipped.
Assembly Unity.Searcher.EditorTests.dll at Library/ScriptAssemblies/Unity.Searcher.EditorTests.dll not valid. Loading of assembly skipped.
Assembly Unity.ShaderGraph.Editor.Tests.dll at Library/ScriptAssemblies/Unity.ShaderGraph.Editor.Tests.dll not valid. Loading of assembly skipped.
Assembly Unity.TextMeshPro.Editor.Tests.dll at Library/ScriptAssemblies/Unity.TextMeshPro.Editor.Tests.dll not valid. Loading of assembly skipped.
Assembly Unity.TextMeshPro.Tests.dll at Library/ScriptAssemblies/Unity.TextMeshPro.Tests.dll not valid. Loading of assembly skipped.
Assembly Unity.UnifiedRayTracing.Editor.Tests.dll at Library/ScriptAssemblies/Unity.UnifiedRayTracing.Editor.Tests.dll not valid. Loading of assembly skipped.
Assembly UnityEditor.UI.Common.Tests.dll at Library/ScriptAssemblies/UnityEditor.UI.Common.Tests.dll not valid. Loading of assembly skipped.
Assembly UnityEditor.UI.EditorTests.dll at Library/ScriptAssemblies/UnityEditor.UI.EditorTests.dll not valid. Loading of assembly skipped.
Assembly UnityEngine.UI.Tests.dll at Library/ScriptAssemblies/UnityEngine.UI.Tests.dll not valid. Loading of assembly skipped.
Refreshing native plugins compatible for Editor in 10.40 ms, found 5 plugins.
Native extension for WindowsStandalone target not found
Native extension for WebGL target not found
[Package Manager] Failed to launch server process. Reason: Unity was launched with the -noUpm command-line argument
[Package Manager] Unable to send message (not connected to server process).
[Package Manager] Cannot connect to Unity Package Manager local server
[Package Manager] Failed to launch server process. Reason: Unity was launched with the -noUpm command-line argument
[Package Manager] Unable to send message (not connected to server process).
[Package Manager] Cannot connect to Unity Package Manager local server
ScheduleIndexationOnStartup MainProcess:False IndexOnStartup:True
Mono: successfully reloaded assembly
- Finished resetting the current domain, in  1.852 seconds
Domain Reload Profiling: 3456ms
	BeginReloadAssembly (439ms)
		DisableScriptedObjects (19ms)
		CreateAndSetChildDomain (105ms)
	RebuildCommonClasses (69ms)
	RebuildNativeTypeToScriptingClass (30ms)
	initialDomainReloadingComplete (152ms)
	LoadAllAssembliesAndSetupDomain (914ms)
		LoadAssemblies (625ms)
		AnalyzeDomain (459ms)
			TypeCache.Refresh (24ms)
			BuildScriptInfoCaches (408ms)
			ResolveRequiredComponents (23ms)
	FinalizeReload (1852ms)
		SetupLoadedEditorAssemblies (0ms)
			InitializePlatformSupportModulesInManaged (7ms)
			BeforeProcessingInitializeOnLoad (416ms)
			ProcessInitializeOnLoadAttributes (714ms)
			ProcessInitializeOnLoadMethodAttributes (165ms)
			AfterProcessingInitializeOnLoad (5ms)
		AwakeInstancesAfterBackupRestoration (32ms)
Refreshing native plugins compatible for Editor in 2.53 ms, found 5 plugins.
Unloading 24 Unused Serialized files (Serialized files now loaded: 0)
Unloading 7263 unused Assets / (6.3 MB). Loaded Objects now: 8189.
Memory consumption went from 161.6 MB to 155.3 MB.
Total: 15.142800 ms (FindLiveObjects: 0.838500 ms CreateObjectMapping: 0.837700 ms MarkObjects: 7.846200 ms  DeleteObjects: 5.618200 ms)

Prepare: number of updated asset objects reloaded= 0
========================================================================
Received Import Request.
  Time since last request: 10.434593 seconds.
  path: Assets/Scripts/TankTurret.cs
  importAddress: Guid(acb41827d3997854997b2e689588f837) Importer(815301076,1909f56bfc062723c751e8b465ee728b)
Start importing Assets/Scripts/TankTurret.cs using Guid(acb41827d3997854997b2e689588f837) Importer(815301076,1909f56bfc062723c751e8b465ee728b) (PreviewImporter) -> (Import Result ID: 'ea98162f3e83be6250152df81aa6b28a') in 0.0026794 seconds [static and dynamic dependencies]. Details - ImportResultOutputID=5314691439ae7b99a03fbbd1fd7f8d6c DependenciesID=933ecb3bbc05d148c6eb33bfd9624944 StaticDependenciesID=510c8752b7dfe6f92a53ed1efdb96114 
Number of updated asset objects reloaded before import = 0Number of asset objects unloaded after import = 0

========================================================================
Received Prepare
Begin MonoManager ReloadAssembly
[Licensing::Client] Successfully resolved entitlement details
Assembly Assembly-CSharp-Editor-firstpass.dll at Library/ScriptAssemblies/Assembly-CSharp-Editor-firstpass.dll not valid. Loading of assembly skipped.
Assembly Assembly-CSharp-Editor.dll at Library/ScriptAssemblies/Assembly-CSharp-Editor.dll not valid. Loading of assembly skipped.
Assembly Assembly-CSharp-firstpass.dll at Library/ScriptAssemblies/Assembly-CSharp-firstpass.dll not valid. Loading of assembly skipped.
Assembly DocCodeExamples.dll at Library/ScriptAssemblies/DocCodeExamples.dll not valid. Loading of assembly skipped.
Assembly TestNewCustomAssembly.dll at Library/ScriptAssemblies/TestNewCustomAssembly.dll not valid. Loading of assembly skipped.
Assembly Unity.2D.Animation.EditorTests.dll at Library/ScriptAssemblies/Unity.2D.Animation.EditorTests.dll not valid. Loading of assembly skipped.
Assembly Unity.2D.Aseprite.EditorTests.dll at Library/ScriptAssemblies/Unity.2D.Aseprite.EditorTests.dll not valid. Loading of assembly skipped.
Assembly Unity.2D.Common.EditorTests.dll at Library/ScriptAssemblies/Unity.2D.Common.EditorTests.dll not valid. Loading of assembly skipped.
Assembly Unity.2D.Psdimporter.EditorTests.dll at Library/ScriptAssemblies/Unity.2D.Psdimporter.EditorTests.dll not valid. Loading of assembly skipped.
Assembly Unity.2D.Sprite.Package.EditorTests.dll at Library/ScriptAssemblies/Unity.2D.Sprite.Package.EditorTests.dll not valid. Loading of assembly skipped.
Assembly Unity.2D.SpriteShape.EditorTests.dll at Library/ScriptAssemblies/Unity.2D.SpriteShape.EditorTests.dll not valid. Loading of assembly skipped.
Assembly Unity.2D.Tilemap.Package.EditorTests.dll at Library/ScriptAssemblies/Unity.2D.Tilemap.Package.EditorTests.dll not valid. Loading of assembly skipped.
Assembly Unity.Collections.BurstCompatibilityGen.dll at Library/ScriptAssemblies/Unity.Collections.BurstCompatibilityGen.dll not valid. Loading of assembly skipped.
Assembly Unity.Collections.DocCodeSamples.dll at Library/ScriptAssemblies/Unity.Collections.DocCodeSamples.dll not valid. Loading of assembly skipped.
Assembly Unity.Collections.PerformanceTests.dll at Library/ScriptAssemblies/Unity.Collections.PerformanceTests.dll not valid. Loading of assembly skipped.
Assembly Unity.Collections.Tests.dll at Library/ScriptAssemblies/Unity.Collections.Tests.dll not valid. Loading of assembly skipped.
Assembly Unity.Collections.Tests.Playmode.dll at Library/ScriptAssemblies/Unity.Collections.Tests.Playmode.dll not valid. Loading of assembly skipped.
Assembly Unity.InputSystem.IntegrationTests.dll at Library/ScriptAssemblies/Unity.InputSystem.IntegrationTests.dll not valid. Loading of assembly skipped.
Assembly Unity.Mathematics.Tests.dll at Library/ScriptAssemblies/Unity.Mathematics.Tests.dll not valid. Loading of assembly skipped.
Assembly Unity.Multiplayer.Center.Editor.Tests.dll at Library/ScriptAssemblies/Unity.Multiplayer.Center.Editor.Tests.dll not valid. Loading of assembly skipped.
Assembly Unity.Multiplayer.Center.Tests.dll at Library/ScriptAssemblies/Unity.Multiplayer.Center.Tests.dll not valid. Loading of assembly skipped.
Assembly Unity.Nuget.Mono-Cecil.dll at Library/ScriptAssemblies/Unity.Nuget.Mono-Cecil.dll not valid. Loading of assembly skipped.
Assembly Unity.PathTracing.Editor.Tests.dll at Library/ScriptAssemblies/Unity.PathTracing.Editor.Tests.dll not valid. Loading of assembly skipped.
Assembly Unity.PathTracing.Runtime.Tests.dll at Library/ScriptAssemblies/Unity.PathTracing.Runtime.Tests.dll not valid. Loading of assembly skipped.
Assembly Unity.RenderPipelines.Core.Editor.Tests.dll at Library/ScriptAssemblies/Unity.RenderPipelines.Core.Editor.Tests.dll not valid. Loading of assembly skipped.
Assembly Unity.RenderPipelines.Core.Runtime.Tests.dll at Library/ScriptAssemblies/Unity.RenderPipelines.Core.Runtime.Tests.dll not valid. Loading of assembly skipped.
Assembly Unity.RenderPipelines.Universal.Config.Editor.Tests.dll at Library/ScriptAssemblies/Unity.RenderPipelines.Universal.Config.Editor.Tests.dll not valid. Loading of assembly skipped.
Assembly Unity.RenderPipelines.Universal.Editor.Tests.dll at Library/ScriptAssemblies/Unity.RenderPipelines.Universal.Editor.Tests.dll not valid. Loading of assembly skipped.
Assembly Unity.RenderPipelines.Universal.Runtime.Tests.dll at Library/ScriptAssemblies/Unity.RenderPipelines.Universal.Runtime.Tests.dll not valid. Loading of assembly skipped.
Assembly Unity.Searcher.EditorTests.dll at Library/ScriptAssemblies/Unity.Searcher.EditorTests.dll not valid. Loading of assembly skipped.
Assembly Unity.ShaderGraph.Editor.Tests.dll at Library/ScriptAssemblies/Unity.ShaderGraph.Editor.Tests.dll not valid. Loading of assembly skipped.
Assembly Unity.TextMeshPro.Editor.Tests.dll at Library/ScriptAssemblies/Unity.TextMeshPro.Editor.Tests.dll not valid. Loading of assembly skipped.
Assembly Unity.TextMeshPro.Tests.dll at Library/ScriptAssemblies/Unity.TextMeshPro.Tests.dll not valid. Loading of assembly skipped.
Assembly Unity.UnifiedRayTracing.Editor.Tests.dll at Library/ScriptAssemblies/Unity.UnifiedRayTracing.Editor.Tests.dll not valid. Loading of assembly skipped.
Assembly UnityEditor.UI.Common.Tests.dll at Library/ScriptAssemblies/UnityEditor.UI.Common.Tests.dll not valid. Loading of assembly skipped.
Assembly UnityEditor.UI.EditorTests.dll at Library/ScriptAssemblies/UnityEditor.UI.EditorTests.dll not valid. Loading of assembly skipped.
Assembly UnityEngine.UI.Tests.dll at Library/ScriptAssemblies/UnityEngine.UI.Tests.dll not valid. Loading of assembly skipped.
Refreshing native plugins compatible for Editor in 2.46 ms, found 5 plugins.
Native extension for WindowsStandalone target not found
Native extension for WebGL target not found
[Package Manager] Failed to launch server process. Reason: Unity was launched with the -noUpm command-line argument
[Package Manager] Unable to send message (not connected to server process).
[Package Manager] Cannot connect to Unity Package Manager local server
[Package Manager] Failed to launch server process. Reason: Unity was launched with the -noUpm command-line argument
[Package Manager] Unable to send message (not connected to server process).
[Package Manager] Cannot connect to Unity Package Manager local server
ScheduleIndexationOnStartup MainProcess:False IndexOnStartup:True
Mono: successfully reloaded assembly
- Finished resetting the current domain, in  1.350 seconds
Domain Reload Profiling: 2936ms
	BeginReloadAssembly (485ms)
		DisableScriptedObjects (24ms)
		CreateAndSetChildDomain (118ms)
	RebuildCommonClasses (82ms)
	RebuildNativeTypeToScriptingClass (28ms)
	initialDomainReloadingComplete (97ms)
	LoadAllAssembliesAndSetupDomain (893ms)
		LoadAssemblies (600ms)
		AnalyzeDomain (475ms)
			TypeCache.Refresh (27ms)
			BuildScriptInfoCaches (423ms)
			ResolveRequiredComponents (22ms)
	FinalizeReload (1351ms)
		SetupLoadedEditorAssemblies (0ms)
			InitializePlatformSupportModulesInManaged (5ms)
			BeforeProcessingInitializeOnLoad (242ms)
			ProcessInitializeOnLoadAttributes (508ms)
			ProcessInitializeOnLoadMethodAttributes (265ms)
			AfterProcessingInitializeOnLoad (5ms)
		AwakeInstancesAfterBackupRestoration (26ms)
Refreshing native plugins compatible for Editor in 2.65 ms, found 5 plugins.
Unloading 24 Unused Serialized files (Serialized files now loaded: 0)
Unloading 7263 unused Assets / (5.7 MB). Loaded Objects now: 8192.
Memory consumption went from 161.6 MB to 155.9 MB.
Total: 12.785800 ms (FindLiveObjects: 1.095200 ms CreateObjectMapping: 1.138800 ms MarkObjects: 5.971500 ms  DeleteObjects: 4.578600 ms)

Prepare: number of updated asset objects reloaded= 0
========================================================================
Received Import Request.
  Time since last request: 226.339471 seconds.
  path: Assets/Scripts/TankTurret.cs
  importAddress: Guid(acb41827d3997854997b2e689588f837) Importer(815301076,1909f56bfc062723c751e8b465ee728b)
Start importing Assets/Scripts/TankTurret.cs using Guid(acb41827d3997854997b2e689588f837) Importer(815301076,1909f56bfc062723c751e8b465ee728b) (PreviewImporter) -> (Import Result ID: 'd4a435ccc39692262a22971680f75856') in 0.0031742 seconds [static and dynamic dependencies]. Details - ImportResultOutputID=5314691439ae7b99a03fbbd1fd7f8d6c DependenciesID=32ddedc60a26b1475ed3b2ad3731d165 StaticDependenciesID=8afbc56a0d3bbcf0e70d8b3ce6c7235c 
Number of updated asset objects reloaded before import = 0Number of asset objects unloaded after import = 0

========================================================================
Received Import Request.
  Time since last request: 634.617758 seconds.
  path: Assets/Scripts/TankTurret.cs
  importAddress: Guid(acb41827d3997854997b2e689588f837) Importer(2089858483,b0f066a214c2f5e87bad3c948f4d605d)
Start importing Assets/Scripts/TankTurret.cs using Guid(acb41827d3997854997b2e689588f837) Importer(2089858483,b0f066a214c2f5e87bad3c948f4d605d) (ScriptedImporter) -> (Import Result ID: 'b83f956b70e3c77b63001b244361d246') in 0.1068731 seconds [static and dynamic dependencies]. Details - ImportResultOutputID=f5d96d4c23b4d729e69335de6d1a6af3 DependenciesID=17521af5134413fa5860620e8e245dc7 StaticDependenciesID=8a02629698a985adce4f108d0b314d60 
Number of updated asset objects reloaded before import = 0Number of asset objects unloaded after import = 0

========================================================================
Received Import Request.
  Time since last request: 2.698838 seconds.
  path: Assets/Prefabs
  importAddress: Guid(af891b9c8bdc2e845a1e334b56ccac93) Importer(815301076,1909f56bfc062723c751e8b465ee728b)
Start importing Assets/Prefabs using Guid(af891b9c8bdc2e845a1e334b56ccac93) Importer(815301076,1909f56bfc062723c751e8b465ee728b) (PreviewImporter) -> (Import Result ID: '3f795e9f341af3d53584831fcc60dc1c') in 0.0007064 seconds [static and dynamic dependencies]. Details - ImportResultOutputID=f52b8f4a68a76006a2d8a14c0eeefd23 DependenciesID=bb59c8197692750c4bdfe7e98ce968af StaticDependenciesID=12d86bf7fbf393c6593855b5b7ea9f73 
Number of updated asset objects reloaded before import = 0Number of asset objects unloaded after import = 0

========================================================================
Received Import Request.
  Time since last request: 0.900001 seconds.
  path: Assets/Prefabs
  importAddress: Guid(af891b9c8bdc2e845a1e334b56ccac93) Importer(2089858483,b0f066a214c2f5e87bad3c948f4d605d)
Start importing Assets/Prefabs using Guid(af891b9c8bdc2e845a1e334b56ccac93) Importer(2089858483,b0f066a214c2f5e87bad3c948f4d605d) (ScriptedImporter) -> (Import Result ID: 'ce120ee4dc369f6df877bc3a403c5c62') in 0.0134089 seconds [static and dynamic dependencies]. Details - ImportResultOutputID=ab0d9aeb569decdc55ec032bf450bde1 DependenciesID=32d21b93b2df4e6a59c65ba7c47d3c97 StaticDependenciesID=b941c0835232f2ae8bbce3af4e144d69 
Number of updated asset objects reloaded before import = 0Number of asset objects unloaded after import = 1

========================================================================
Received Import Request.
  Time since last request: 2.115647 seconds.
  path: Assets/Prefabs/PlayerTank.prefab
  importAddress: Guid(ff71467d50bae0d48afcbfafa329ccb7) Importer(815301076,1909f56bfc062723c751e8b465ee728b)
Start importing Assets/Prefabs/PlayerTank.prefab using Guid(ff71467d50bae0d48afcbfafa329ccb7) Importer(815301076,1909f56bfc062723c751e8b465ee728b) (PreviewImporter) -> (Import Result ID: '37e64cc1c63998a52c9ecb95f5956211') in 1.4215302 seconds [static and dynamic dependencies]. Details - ImportResultOutputID=eccbfae627a61557ac61159fd542f66f DependenciesID=0c5d3db91b0d19570665e52cc69944ac StaticDependenciesID=dcf013289e42f852c17f85926a02a738 
Number of updated asset objects reloaded before import = 0Number of asset objects unloaded after import = 14

========================================================================
Received Import Request.
  Time since last request: 77.945843 seconds.
  path: Assets/Prefabs/PlayerTank.prefab
  importAddress: Guid(ff71467d50bae0d48afcbfafa329ccb7) Importer(815301076,1909f56bfc062723c751e8b465ee728b)
Start importing Assets/Prefabs/PlayerTank.prefab using Guid(ff71467d50bae0d48afcbfafa329ccb7) Importer(815301076,1909f56bfc062723c751e8b465ee728b) (PreviewImporter) -> (Import Result ID: 'da65c5e33d318dee16958f0dce7cb1a0') in 0.0290508 seconds [static and dynamic dependencies]. Details - ImportResultOutputID=c881f8ed96203bdcae2ee00b064507e5 DependenciesID=36bf4a2771268f3feb05f9f24fec6f01 StaticDependenciesID=cdd2ca6c9f0bb92ac2068be6b84c717a 
Number of updated asset objects reloaded before import = 0Number of asset objects unloaded after import = 15

========================================================================
Received Import Request.
  Time since last request: 0.899670 seconds.
  path: Assets/Prefabs/PlayerTank.prefab
  importAddress: Guid(ff71467d50bae0d48afcbfafa329ccb7) Importer(2089858483,b0f066a214c2f5e87bad3c948f4d605d)
Start importing Assets/Prefabs/PlayerTank.prefab using Guid(ff71467d50bae0d48afcbfafa329ccb7) Importer(2089858483,b0f066a214c2f5e87bad3c948f4d605d) (ScriptedImporter) -> (Import Result ID: 'e7c24557b070604caf610a5753346717') in 0.0226986 seconds [static and dynamic dependencies]. Details - ImportResultOutputID=36257bc45181d3f25682bfa419ad7cd1 DependenciesID=6220ce09fb931ed4b2cb8360fd60a44b StaticDependenciesID=5031981998e122ee220fd3d9ffaed24c 
Number of updated asset objects reloaded before import = 0Number of asset objects unloaded after import = 15

========================================================================
Received Prepare
Begin MonoManager ReloadAssembly
[Licensing::Client] Successfully resolved entitlement details
Assembly Assembly-CSharp-Editor-firstpass.dll at Library/ScriptAssemblies/Assembly-CSharp-Editor-firstpass.dll not valid. Loading of assembly skipped.
Assembly Assembly-CSharp-Editor.dll at Library/ScriptAssemblies/Assembly-CSharp-Editor.dll not valid. Loading of assembly skipped.
Assembly Assembly-CSharp-firstpass.dll at Library/ScriptAssemblies/Assembly-CSharp-firstpass.dll not valid. Loading of assembly skipped.
Assembly DocCodeExamples.dll at Library/ScriptAssemblies/DocCodeExamples.dll not valid. Loading of assembly skipped.
Assembly TestNewCustomAssembly.dll at Library/ScriptAssemblies/TestNewCustomAssembly.dll not valid. Loading of assembly skipped.
Assembly Unity.2D.Animation.EditorTests.dll at Library/ScriptAssemblies/Unity.2D.Animation.EditorTests.dll not valid. Loading of assembly skipped.
Assembly Unity.2D.Aseprite.EditorTests.dll at Library/ScriptAssemblies/Unity.2D.Aseprite.EditorTests.dll not valid. Loading of assembly skipped.
Assembly Unity.2D.Common.EditorTests.dll at Library/ScriptAssemblies/Unity.2D.Common.EditorTests.dll not valid. Loading of assembly skipped.
Assembly Unity.2D.Psdimporter.EditorTests.dll at Library/ScriptAssemblies/Unity.2D.Psdimporter.EditorTests.dll not valid. Loading of assembly skipped.
Assembly Unity.2D.Sprite.Package.EditorTests.dll at Library/ScriptAssemblies/Unity.2D.Sprite.Package.EditorTests.dll not valid. Loading of assembly skipped.
Assembly Unity.2D.SpriteShape.EditorTests.dll at Library/ScriptAssemblies/Unity.2D.SpriteShape.EditorTests.dll not valid. Loading of assembly skipped.
Assembly Unity.2D.Tilemap.Package.EditorTests.dll at Library/ScriptAssemblies/Unity.2D.Tilemap.Package.EditorTests.dll not valid. Loading of assembly skipped.
Assembly Unity.Collections.BurstCompatibilityGen.dll at Library/ScriptAssemblies/Unity.Collections.BurstCompatibilityGen.dll not valid. Loading of assembly skipped.
Assembly Unity.Collections.DocCodeSamples.dll at Library/ScriptAssemblies/Unity.Collections.DocCodeSamples.dll not valid. Loading of assembly skipped.
Assembly Unity.Collections.PerformanceTests.dll at Library/ScriptAssemblies/Unity.Collections.PerformanceTests.dll not valid. Loading of assembly skipped.
Assembly Unity.Collections.Tests.dll at Library/ScriptAssemblies/Unity.Collections.Tests.dll not valid. Loading of assembly skipped.
Assembly Unity.Collections.Tests.Playmode.dll at Library/ScriptAssemblies/Unity.Collections.Tests.Playmode.dll not valid. Loading of assembly skipped.
Assembly Unity.InputSystem.IntegrationTests.dll at Library/ScriptAssemblies/Unity.InputSystem.IntegrationTests.dll not valid. Loading of assembly skipped.
Assembly Unity.Mathematics.Tests.dll at Library/ScriptAssemblies/Unity.Mathematics.Tests.dll not valid. Loading of assembly skipped.
Assembly Unity.Multiplayer.Center.Editor.Tests.dll at Library/ScriptAssemblies/Unity.Multiplayer.Center.Editor.Tests.dll not valid. Loading of assembly skipped.
Assembly Unity.Multiplayer.Center.Tests.dll at Library/ScriptAssemblies/Unity.Multiplayer.Center.Tests.dll not valid. Loading of assembly skipped.
Assembly Unity.Nuget.Mono-Cecil.dll at Library/ScriptAssemblies/Unity.Nuget.Mono-Cecil.dll not valid. Loading of assembly skipped.
Assembly Unity.PathTracing.Editor.Tests.dll at Library/ScriptAssemblies/Unity.PathTracing.Editor.Tests.dll not valid. Loading of assembly skipped.
Assembly Unity.PathTracing.Runtime.Tests.dll at Library/ScriptAssemblies/Unity.PathTracing.Runtime.Tests.dll not valid. Loading of assembly skipped.
Assembly Unity.RenderPipelines.Core.Editor.Tests.dll at Library/ScriptAssemblies/Unity.RenderPipelines.Core.Editor.Tests.dll not valid. Loading of assembly skipped.
Assembly Unity.RenderPipelines.Core.Runtime.Tests.dll at Library/ScriptAssemblies/Unity.RenderPipelines.Core.Runtime.Tests.dll not valid. Loading of assembly skipped.
Assembly Unity.RenderPipelines.Universal.Config.Editor.Tests.dll at Library/ScriptAssemblies/Unity.RenderPipelines.Universal.Config.Editor.Tests.dll not valid. Loading of assembly skipped.
Assembly Unity.RenderPipelines.Universal.Editor.Tests.dll at Library/ScriptAssemblies/Unity.RenderPipelines.Universal.Editor.Tests.dll not valid. Loading of assembly skipped.
Assembly Unity.RenderPipelines.Universal.Runtime.Tests.dll at Library/ScriptAssemblies/Unity.RenderPipelines.Universal.Runtime.Tests.dll not valid. Loading of assembly skipped.
Assembly Unity.Searcher.EditorTests.dll at Library/ScriptAssemblies/Unity.Searcher.EditorTests.dll not valid. Loading of assembly skipped.
Assembly Unity.ShaderGraph.Editor.Tests.dll at Library/ScriptAssemblies/Unity.ShaderGraph.Editor.Tests.dll not valid. Loading of assembly skipped.
Assembly Unity.TextMeshPro.Editor.Tests.dll at Library/ScriptAssemblies/Unity.TextMeshPro.Editor.Tests.dll not valid. Loading of assembly skipped.
Assembly Unity.TextMeshPro.Tests.dll at Library/ScriptAssemblies/Unity.TextMeshPro.Tests.dll not valid. Loading of assembly skipped.
Assembly Unity.UnifiedRayTracing.Editor.Tests.dll at Library/ScriptAssemblies/Unity.UnifiedRayTracing.Editor.Tests.dll not valid. Loading of assembly skipped.
Assembly UnityEditor.UI.Common.Tests.dll at Library/ScriptAssemblies/UnityEditor.UI.Common.Tests.dll not valid. Loading of assembly skipped.
Assembly UnityEditor.UI.EditorTests.dll at Library/ScriptAssemblies/UnityEditor.UI.EditorTests.dll not valid. Loading of assembly skipped.
Assembly UnityEngine.UI.Tests.dll at Library/ScriptAssemblies/UnityEngine.UI.Tests.dll not valid. Loading of assembly skipped.
Native extension for WindowsStandalone target not found
Native extension for WebGL target not found
[Package Manager] Failed to launch server process. Reason: Unity was launched with the -noUpm command-line argument
[Package Manager] Unable to send message (not connected to server process).
[Package Manager] Cannot connect to Unity Package Manager local server
[Package Manager] Failed to launch server process. Reason: Unity was launched with the -noUpm command-line argument
[Package Manager] Unable to send message (not connected to server process).
[Package Manager] Cannot connect to Unity Package Manager local server
ScheduleIndexationOnStartup MainProcess:False IndexOnStartup:True
Mono: successfully reloaded assembly
- Finished resetting the current domain, in  1.149 seconds
Domain Reload Profiling: 2714ms
	BeginReloadAssembly (435ms)
		DisableScriptedObjects (53ms)
		CreateAndSetChildDomain (113ms)
	RebuildCommonClasses (102ms)
	RebuildNativeTypeToScriptingClass (26ms)
	initialDomainReloadingComplete (101ms)
	LoadAllAssembliesAndSetupDomain (901ms)
		LoadAssemblies (629ms)
		AnalyzeDomain (449ms)
			TypeCache.Refresh (20ms)
			BuildScriptInfoCaches (409ms)
			ResolveRequiredComponents (18ms)
	FinalizeReload (1149ms)
		SetupLoadedEditorAssemblies (0ms)
			InitializePlatformSupportModulesInManaged (4ms)
			BeforeProcessingInitializeOnLoad (222ms)
			ProcessInitializeOnLoadAttributes (467ms)
			ProcessInitializeOnLoadMethodAttributes (142ms)
			AfterProcessingInitializeOnLoad (5ms)
		AwakeInstancesAfterBackupRestoration (23ms)
Refreshing native plugins compatible for Editor in 2.48 ms, found 5 plugins.
Unloading 24 Unused Serialized files (Serialized files now loaded: 0)
Unloading 7263 unused Assets / (5.3 MB). Loaded Objects now: 8222.
Memory consumption went from 162.8 MB to 157.4 MB.
Total: 13.109200 ms (FindLiveObjects: 0.907500 ms CreateObjectMapping: 0.812000 ms MarkObjects: 6.242300 ms  DeleteObjects: 5.145400 ms)

Prepare: number of updated asset objects reloaded= 0
========================================================================
Received Prepare
Begin MonoManager ReloadAssembly
Assembly Assembly-CSharp-Editor-firstpass.dll at Library/ScriptAssemblies/Assembly-CSharp-Editor-firstpass.dll not valid. Loading of assembly skipped.
Assembly Assembly-CSharp-Editor.dll at Library/ScriptAssemblies/Assembly-CSharp-Editor.dll not valid. Loading of assembly skipped.
Assembly Assembly-CSharp-firstpass.dll at Library/ScriptAssemblies/Assembly-CSharp-firstpass.dll not valid. Loading of assembly skipped.
Assembly DocCodeExamples.dll at Library/ScriptAssemblies/DocCodeExamples.dll not valid. Loading of assembly skipped.
Assembly TestNewCustomAssembly.dll at Library/ScriptAssemblies/TestNewCustomAssembly.dll not valid. Loading of assembly skipped.
Assembly Unity.2D.Animation.EditorTests.dll at Library/ScriptAssemblies/Unity.2D.Animation.EditorTests.dll not valid. Loading of assembly skipped.
Assembly Unity.2D.Aseprite.EditorTests.dll at Library/ScriptAssemblies/Unity.2D.Aseprite.EditorTests.dll not valid. Loading of assembly skipped.
Assembly Unity.2D.Common.EditorTests.dll at Library/ScriptAssemblies/Unity.2D.Common.EditorTests.dll not valid. Loading of assembly skipped.
Assembly Unity.2D.Psdimporter.EditorTests.dll at Library/ScriptAssemblies/Unity.2D.Psdimporter.EditorTests.dll not valid. Loading of assembly skipped.
Assembly Unity.2D.Sprite.Package.EditorTests.dll at Library/ScriptAssemblies/Unity.2D.Sprite.Package.EditorTests.dll not valid. Loading of assembly skipped.
Assembly Unity.2D.SpriteShape.EditorTests.dll at Library/ScriptAssemblies/Unity.2D.SpriteShape.EditorTests.dll not valid. Loading of assembly skipped.
Assembly Unity.2D.Tilemap.Package.EditorTests.dll at Library/ScriptAssemblies/Unity.2D.Tilemap.Package.EditorTests.dll not valid. Loading of assembly skipped.
Assembly Unity.Collections.BurstCompatibilityGen.dll at Library/ScriptAssemblies/Unity.Collections.BurstCompatibilityGen.dll not valid. Loading of assembly skipped.
Assembly Unity.Collections.DocCodeSamples.dll at Library/ScriptAssemblies/Unity.Collections.DocCodeSamples.dll not valid. Loading of assembly skipped.
Assembly Unity.Collections.PerformanceTests.dll at Library/ScriptAssemblies/Unity.Collections.PerformanceTests.dll not valid. Loading of assembly skipped.
Assembly Unity.Collections.Tests.dll at Library/ScriptAssemblies/Unity.Collections.Tests.dll not valid. Loading of assembly skipped.
Assembly Unity.Collections.Tests.Playmode.dll at Library/ScriptAssemblies/Unity.Collections.Tests.Playmode.dll not valid. Loading of assembly skipped.
Assembly Unity.InputSystem.IntegrationTests.dll at Library/ScriptAssemblies/Unity.InputSystem.IntegrationTests.dll not valid. Loading of assembly skipped.
Assembly Unity.Mathematics.Tests.dll at Library/ScriptAssemblies/Unity.Mathematics.Tests.dll not valid. Loading of assembly skipped.
Assembly Unity.Multiplayer.Center.Editor.Tests.dll at Library/ScriptAssemblies/Unity.Multiplayer.Center.Editor.Tests.dll not valid. Loading of assembly skipped.
Assembly Unity.Multiplayer.Center.Tests.dll at Library/ScriptAssemblies/Unity.Multiplayer.Center.Tests.dll not valid. Loading of assembly skipped.
Assembly Unity.Nuget.Mono-Cecil.dll at Library/ScriptAssemblies/Unity.Nuget.Mono-Cecil.dll not valid. Loading of assembly skipped.
Assembly Unity.PathTracing.Editor.Tests.dll at Library/ScriptAssemblies/Unity.PathTracing.Editor.Tests.dll not valid. Loading of assembly skipped.
Assembly Unity.PathTracing.Runtime.Tests.dll at Library/ScriptAssemblies/Unity.PathTracing.Runtime.Tests.dll not valid. Loading of assembly skipped.
Assembly Unity.RenderPipelines.Core.Editor.Tests.dll at Library/ScriptAssemblies/Unity.RenderPipelines.Core.Editor.Tests.dll not valid. Loading of assembly skipped.
Assembly Unity.RenderPipelines.Core.Runtime.Tests.dll at Library/ScriptAssemblies/Unity.RenderPipelines.Core.Runtime.Tests.dll not valid. Loading of assembly skipped.
Assembly Unity.RenderPipelines.Universal.Config.Editor.Tests.dll at Library/ScriptAssemblies/Unity.RenderPipelines.Universal.Config.Editor.Tests.dll not valid. Loading of assembly skipped.
Assembly Unity.RenderPipelines.Universal.Editor.Tests.dll at Library/ScriptAssemblies/Unity.RenderPipelines.Universal.Editor.Tests.dll not valid. Loading of assembly skipped.
Assembly Unity.RenderPipelines.Universal.Runtime.Tests.dll at Library/ScriptAssemblies/Unity.RenderPipelines.Universal.Runtime.Tests.dll not valid. Loading of assembly skipped.
Assembly Unity.Searcher.EditorTests.dll at Library/ScriptAssemblies/Unity.Searcher.EditorTests.dll not valid. Loading of assembly skipped.
Assembly Unity.ShaderGraph.Editor.Tests.dll at Library/ScriptAssemblies/Unity.ShaderGraph.Editor.Tests.dll not valid. Loading of assembly skipped.
Assembly Unity.TextMeshPro.Editor.Tests.dll at Library/ScriptAssemblies/Unity.TextMeshPro.Editor.Tests.dll not valid. Loading of assembly skipped.
Assembly Unity.TextMeshPro.Tests.dll at Library/ScriptAssemblies/Unity.TextMeshPro.Tests.dll not valid. Loading of assembly skipped.
Assembly Unity.UnifiedRayTracing.Editor.Tests.dll at Library/ScriptAssemblies/Unity.UnifiedRayTracing.Editor.Tests.dll not valid. Loading of assembly skipped.
Assembly UnityEditor.UI.Common.Tests.dll at Library/ScriptAssemblies/UnityEditor.UI.Common.Tests.dll not valid. Loading of assembly skipped.
Assembly UnityEditor.UI.EditorTests.dll at Library/ScriptAssemblies/UnityEditor.UI.EditorTests.dll not valid. Loading of assembly skipped.
Assembly UnityEngine.UI.Tests.dll at Library/ScriptAssemblies/UnityEngine.UI.Tests.dll not valid. Loading of assembly skipped.
Refreshing native plugins compatible for Editor in 2.34 ms, found 5 plugins.
Native extension for WindowsStandalone target not found
Native extension for WebGL target not found
[Package Manager] Failed to launch server process. Reason: Unity was launched with the -noUpm command-line argument
[Package Manager] Unable to send message (not connected to server process).
[Package Manager] Cannot connect to Unity Package Manager local server
[Package Manager] Failed to launch server process. Reason: Unity was launched with the -noUpm command-line argument
[Package Manager] Unable to send message (not connected to server process).
[Package Manager] Cannot connect to Unity Package Manager local server
ScheduleIndexationOnStartup MainProcess:False IndexOnStartup:True
Mono: successfully reloaded assembly
- Finished resetting the current domain, in  1.236 seconds
Domain Reload Profiling: 2797ms
	BeginReloadAssembly (447ms)
		DisableScriptedObjects (22ms)
		CreateAndSetChildDomain (102ms)
	RebuildCommonClasses (65ms)
	RebuildNativeTypeToScriptingClass (26ms)
	initialDomainReloadingComplete (97ms)
	LoadAllAssembliesAndSetupDomain (926ms)
		LoadAssemblies (663ms)
		AnalyzeDomain (452ms)
			TypeCache.Refresh (26ms)
			BuildScriptInfoCaches (396ms)
			ResolveRequiredComponents (25ms)
	FinalizeReload (1236ms)
		SetupLoadedEditorAssemblies (0ms)
			InitializePlatformSupportModulesInManaged (4ms)
			BeforeProcessingInitializeOnLoad (233ms)
			ProcessInitializeOnLoadAttributes (511ms)
			ProcessInitializeOnLoadMethodAttributes (154ms)
			AfterProcessingInitializeOnLoad (5ms)
		AwakeInstancesAfterBackupRestoration (27ms)
Unloading 24 Unused Serialized files (Serialized files now loaded: 0)
Unloading 7263 unused Assets / (4.8 MB). Loaded Objects now: 8225.
Memory consumption went from 165.3 MB to 160.5 MB.
Total: 15.467900 ms (FindLiveObjects: 1.076200 ms CreateObjectMapping: 1.732000 ms MarkObjects: 7.727200 ms  DeleteObjects: 4.930500 ms)

Prepare: number of updated asset objects reloaded= 0
