[Licensing::Module] Trying to connect to existing licensing client channel...
Built from '6000.4/staging' branch; Version is '6000.4.5f1 (cc83ebd631f8) revision 13403115'; Using compiler version '194234433'; Build Type 'Release'
OS: 'Windows 10  (10.0.19045) 64bit Professional' Language: 'ru' Physical Memory: 16129 MB
BatchMode: 1, IsHumanControllingUs: 0, StartBugReporterOnCrash: 0, Is64bit: 1
System  architecture: x64
Process architecture: x64
Date: 2026-06-18T09:32:48Z
[Licensing::IpcConnector] Successfully connected to: "LicenseClient-user" at "2026-06-18T09:32:48.9480715Z"

COMMAND LINE ARGUMENTS:
D:\Unity\6000.4.5f1\Editor\Unity.exe
-adb2
-batchMode
-noUpm
-name
AssetImportWorker1
-projectPath
D:/Unity/TowerDefence
-logFile
Logs/AssetImportWorker1.log
-srvPort
54102
-force-d3d12
-job-worker-count
3
-background-job-worker-count
8
-gc-helper-count
1
-name
AssetImport
Successfully changed project path to: D:/Unity/TowerDefence
D:/Unity/TowerDefence
[UnityMemory] Configuration Parameters - Can be set up in boot.config
    "memorysetup-temp-allocator-size-gi-baking-worker=262144"
    "memorysetup-temp-allocator-size-gi-baking-worker=262144"
    "memorysetup-temp-allocator-size-gi-baking-worker=262144"
    "memorysetup-temp-allocator-size-gi-baking-worker=262144"
    "memorysetup-temp-allocator-size-gi-baking-worker=262144"
    "memorysetup-temp-allocator-size-nav-mesh-worker=65536"
    "memorysetup-temp-allocator-size-audio-worker=65536"
    "memorysetup-temp-allocator-size-cloud-worker=32768"
    "memorysetup-temp-allocator-size-gfx=262144"
    "memorysetup-temp-allocator-size-preload-manager=33554432"
    "memorysetup-temp-allocator-size-job-worker=262144"
    "memorysetup-temp-allocator-size-background-worker=32768"
    "memorysetup-allocator-temp-initial-block-size-main=262144"
    "memorysetup-allocator-temp-initial-block-size-worker=262144"
    "memorysetup-bucket-allocator-granularity=16"
    "memorysetup-bucket-allocator-bucket-count=8"
    "memorysetup-bucket-allocator-block-size=33554432"
    "memorysetup-bucket-allocator-block-count=8"
    "memorysetup-main-allocator-block-size=16777216"
    "memorysetup-thread-allocator-block-size=16777216"
    "memorysetup-gfx-main-allocator-block-size=16777216"
    "memorysetup-gfx-thread-allocator-block-size=16777216"
    "memorysetup-cache-allocator-block-size=4194304"
    "memorysetup-typetree-allocator-block-size=2097152"
    "memorysetup-profiler-bucket-allocator-granularity=16"
    "memorysetup-profiler-bucket-allocator-bucket-count=8"
    "memorysetup-profiler-bucket-allocator-block-size=33554432"
    "memorysetup-profiler-bucket-allocator-block-count=8"
    "memorysetup-profiler-allocator-block-size=16777216"
    "memorysetup-profiler-editor-allocator-block-size=1048576"
    "memorysetup-temp-allocator-size-main=16777216"
    "memorysetup-job-temp-allocator-block-size=2097152"
    "memorysetup-job-temp-allocator-block-size-background=1048576"
    "memorysetup-job-temp-allocator-reduction-small-platforms=262144"
Player connection [36500]  Target information:

Player connection [36500]  * "[IP] 192.168.56.1 [Port] 0 [Flags] 2 [Guid] 2315993682 [EditorId] 2315993682 [Version] 1048832 [Id] WindowsEditor(7,DESKTOP-IT0JSOP) [Debug] 1 [PackageName] WindowsEditor [ProjectName] Editor" 

Player connection [36500]  * "[IP] 192.168.0.16 [Port] 0 [Flags] 2 [Guid] 2315993682 [EditorId] 2315993682 [Version] 1048832 [Id] WindowsEditor(7,DESKTOP-IT0JSOP) [Debug] 1 [PackageName] WindowsEditor [ProjectName] Editor" 

Player connection [36500] Host joined multi-casting on [225.0.0.222:54997]...
Player connection [36500] Host joined alternative multi-casting on [225.0.0.222:34997]...
JobSystem: Creating JobQueue using job-worker-count value 3
Input System module state changed to: Initialized.
[Physics::Module] Initialized fallback backend.
[Physics::Module] Id: 0xdecafbad
Library Redirect Path: Library/
[Physics::Module] Selected backend.
[Physics::Module] Name: PhysX
[Physics::Module] Id: 0xf2b8ea05
[Physics::Module] SDK Version: 4.1.2
[Physics::Module] Integration Version: 1.0.0
[Physics::Module] Threading Mode: Multi-Threaded
Refreshing native plugins compatible for Editor in 660.84 ms, found 5 plugins.
Initialize engine version: 6000.4.5f1 (cc83ebd631f8)
[Subsystems] Discovering subsystems at path D:/Unity/6000.4.5f1/Editor/Data/Resources/UnitySubsystems
[Subsystems] Discovering subsystems at path D:/Unity/TowerDefence/Assets
Forcing GfxDevice: Direct3D 12
GfxDevice: creating device client; kGfxThreadingModeNonThreaded
d3d12: failed to query info queue interface (0x80004002).
Direct3D:
    Version:         Direct3D 12 [level 12.2]
    Renderer:        NVIDIA GeForce RTX 3050 Ti Laptop GPU (ID=0x25a0)
    Vendor:          NVIDIA
    VRAM:            3962 MB
    App VRAM Budget: 3367 MB
    Driver:          32.0.15.9227
Initialize mono
Mono path[0] = 'D:/Unity/6000.4.5f1/Editor/Data/Managed'
Mono path[1] = 'D:/Unity/6000.4.5f1/Editor/Data/MonoBleedingEdge/lib/mono/unityjit-win32'
Mono config path = 'D:/Unity/6000.4.5f1/Editor/Data/MonoBleedingEdge/etc'
Using monoOptions --debugger-agent=transport=dt_socket,embedding=1,server=y,suspend=n,address=127.0.0.1:56968
CodeReloadManager initialized
[Licensing::Client] Error: HandshakeResponse reported an error:
	ResponseCode: 505
	ResponseStatus: Unsupported protocol version '1.18.1'.
[Licensing::Module] Error: Failed to handshake to channel: "LicenseClient-user"
[Licensing::IpcConnector] LicenseClient-user channel disconnected successfully.
[Licensing::IpcConnector] Successfully connected to: "LicenseClient-user-6000.4.5" at "2026-06-18T09:32:59.1127367Z"
[Licensing::Client] Code 10 while verifying Licensing Client signature (process Id: 7628, path: "D:/Unity/6000.4.5f1/Editor/Data/Resources/Licensing/Client/Unity.Licensing.Client.exe")
[Licensing::Module] LicensingClient has failed validation; ignoring
[Licensing::Client] Handshaking with LicensingClient:
  Version:                 1.18.1+9fbee8e
  Session Id:              42d38d3d46d7493d8572b74c7a870453
  Correlation Id:          896fbe79e6b8512086438c0bb17d3b57
  External correlation Id: 2681055915821707971
  Machine Id:              TZ14s9Xk/sbU8PUANoo3nDCSiZo=
[Licensing::Module] Successfully connected to LicensingClient on channel: "LicenseClient-user-6000.4.5" (connect: 0.00s, validation: 0.00s, handshake: 0.05s)
[Licensing::IpcConnector] Successfully connected to: "LicenseClient-user-6000.4.5-notifications" at "2026-06-18T09:32:59.1706578Z"
[Licensing::Module] Licensing Background thread has ended after 10.23s
Begin MonoManager ReloadAssembly
Registering precompiled unity dll's ...
Register platform support module: D:/Unity/6000.4.5f1/Editor/Data/PlaybackEngines/WebGLSupport/UnityEditor.WebGL.Extensions.dll
Register platform support module: D:/Unity/6000.4.5f1/Editor/Data/PlaybackEngines/WindowsStandaloneSupport/UnityEditor.WindowsStandalone.Extensions.dll
Registered in 1.001618 seconds.
Native extension for WindowsStandalone target not found
Native extension for WebGL target not found
Package Manager log level set to [2]
[Package Manager] Failed to launch server process. Reason: Unity was launched with the -noUpm command-line argument
[Package Manager] Unable to send message (not connected to server process).
[Package Manager] Cannot connect to Unity Package Manager local server
ScheduleIndexationOnStartup MainProcess:False IndexOnStartup:False
Mono: successfully reloaded assembly
- Finished resetting the current domain, in  0.770 seconds
Domain Reload Profiling: 3183ms
	BeginReloadAssembly (216ms)
		CreateAndSetChildDomain (3ms)
	RebuildCommonClasses (84ms)
	RebuildNativeTypeToScriptingClass (25ms)
	initialDomainReloadingComplete (1115ms)
	LoadAllAssembliesAndSetupDomain (969ms)
		LoadAssemblies (213ms)
		AnalyzeDomain (952ms)
			TypeCache.Refresh (949ms)
				TypeCache.ScanAssembly (923ms)
	FinalizeReload (773ms)
		SetupLoadedEditorAssemblies (0ms)
			InitializePlatformSupportModulesInManaged (83ms)
			BeforeProcessingInitializeOnLoad (159ms)
			ProcessInitializeOnLoadAttributes (204ms)
			ProcessInitializeOnLoadMethodAttributes (188ms)
========================================================================
Worker process is ready to serve import requests
Import Worker Mode flag is 0x00
Begin MonoManager ReloadAssembly
[Licensing::Client] Successfully resolved entitlement details
[Licensing::Module] License group:
  Id: 10171027599427-UnityPersXXXX
  Product: Unity Personal
  Type: Assigned
  Expiration: Unlimited
Assembly Assembly-CSharp-Editor-firstpass.dll at Library/ScriptAssemblies/Assembly-CSharp-Editor-firstpass.dll not valid. Loading of assembly skipped.
Assembly Assembly-CSharp-Editor.dll at Library/ScriptAssemblies/Assembly-CSharp-Editor.dll not valid. Loading of assembly skipped.
Assembly Assembly-CSharp-firstpass.dll at Library/ScriptAssemblies/Assembly-CSharp-firstpass.dll not valid. Loading of assembly skipped.
Assembly Assembly-CSharp.dll at Library/ScriptAssemblies/Assembly-CSharp.dll not valid. Loading of assembly skipped.
Assembly DocCodeExamples.dll at Library/ScriptAssemblies/DocCodeExamples.dll not valid. Loading of assembly skipped.
Assembly TestNewCustomAssembly.dll at Library/ScriptAssemblies/TestNewCustomAssembly.dll not valid. Loading of assembly skipped.
Assembly Unity.2D.Animation.EditorTests.dll at Library/ScriptAssemblies/Unity.2D.Animation.EditorTests.dll not valid. Loading of assembly skipped.
Assembly Unity.2D.Aseprite.EditorTests.dll at Library/ScriptAssemblies/Unity.2D.Aseprite.EditorTests.dll not valid. Loading of assembly skipped.
Assembly Unity.2D.Common.EditorTests.dll at Library/ScriptAssemblies/Unity.2D.Common.EditorTests.dll not valid. Loading of assembly skipped.
Assembly Unity.2D.Psdimporter.EditorTests.dll at Library/ScriptAssemblies/Unity.2D.Psdimporter.EditorTests.dll not valid. Loading of assembly skipped.
Assembly Unity.2D.Sprite.Package.EditorTests.dll at Library/ScriptAssemblies/Unity.2D.Sprite.Package.EditorTests.dll not valid. Loading of assembly skipped.
Assembly Unity.2D.SpriteShape.EditorTests.dll at Library/ScriptAssemblies/Unity.2D.SpriteShape.EditorTests.dll not valid. Loading of assembly skipped.
Assembly Unity.2D.Tilemap.Package.EditorTests.dll at Library/ScriptAssemblies/Unity.2D.Tilemap.Package.EditorTests.dll not valid. Loading of assembly skipped.
Assembly Unity.Collections.BurstCompatibilityGen.dll at Library/ScriptAssemblies/Unity.Collections.BurstCompatibilityGen.dll not valid. Loading of assembly skipped.
Assembly Unity.Collections.DocCodeSamples.dll at Library/ScriptAssemblies/Unity.Collections.DocCodeSamples.dll not valid. Loading of assembly skipped.
Assembly Unity.Collections.PerformanceTests.dll at Library/ScriptAssemblies/Unity.Collections.PerformanceTests.dll not valid. Loading of assembly skipped.
Assembly Unity.Collections.Tests.dll at Library/ScriptAssemblies/Unity.Collections.Tests.dll not valid. Loading of assembly skipped.
Assembly Unity.Collections.Tests.Playmode.dll at Library/ScriptAssemblies/Unity.Collections.Tests.Playmode.dll not valid. Loading of assembly skipped.
Assembly Unity.InputSystem.IntegrationTests.dll at Library/ScriptAssemblies/Unity.InputSystem.IntegrationTests.dll not valid. Loading of assembly skipped.
Assembly Unity.Mathematics.Tests.dll at Library/ScriptAssemblies/Unity.Mathematics.Tests.dll not valid. Loading of assembly skipped.
Assembly Unity.Multiplayer.Center.Editor.Tests.dll at Library/ScriptAssemblies/Unity.Multiplayer.Center.Editor.Tests.dll not valid. Loading of assembly skipped.
Assembly Unity.Multiplayer.Center.Tests.dll at Library/ScriptAssemblies/Unity.Multiplayer.Center.Tests.dll not valid. Loading of assembly skipped.
Assembly Unity.Nuget.Mono-Cecil.dll at Library/ScriptAssemblies/Unity.Nuget.Mono-Cecil.dll not valid. Loading of assembly skipped.
Assembly Unity.PathTracing.Editor.Tests.dll at Library/ScriptAssemblies/Unity.PathTracing.Editor.Tests.dll not valid. Loading of assembly skipped.
Assembly Unity.PathTracing.Runtime.Tests.dll at Library/ScriptAssemblies/Unity.PathTracing.Runtime.Tests.dll not valid. Loading of assembly skipped.
Assembly Unity.RenderPipelines.Core.Editor.Tests.dll at Library/ScriptAssemblies/Unity.RenderPipelines.Core.Editor.Tests.dll not valid. Loading of assembly skipped.
Assembly Unity.RenderPipelines.Core.Runtime.Tests.dll at Library/ScriptAssemblies/Unity.RenderPipelines.Core.Runtime.Tests.dll not valid. Loading of assembly skipped.
Assembly Unity.RenderPipelines.Universal.Config.Editor.Tests.dll at Library/ScriptAssemblies/Unity.RenderPipelines.Universal.Config.Editor.Tests.dll not valid. Loading of assembly skipped.
Assembly Unity.RenderPipelines.Universal.Editor.Tests.dll at Library/ScriptAssemblies/Unity.RenderPipelines.Universal.Editor.Tests.dll not valid. Loading of assembly skipped.
Assembly Unity.RenderPipelines.Universal.Runtime.Tests.dll at Library/ScriptAssemblies/Unity.RenderPipelines.Universal.Runtime.Tests.dll not valid. Loading of assembly skipped.
Assembly Unity.Searcher.EditorTests.dll at Library/ScriptAssemblies/Unity.Searcher.EditorTests.dll not valid. Loading of assembly skipped.
Assembly Unity.ShaderGraph.Editor.Tests.dll at Library/ScriptAssemblies/Unity.ShaderGraph.Editor.Tests.dll not valid. Loading of assembly skipped.
Assembly Unity.TextMeshPro.Editor.Tests.dll at Library/ScriptAssemblies/Unity.TextMeshPro.Editor.Tests.dll not valid. Loading of assembly skipped.
Assembly Unity.TextMeshPro.Tests.dll at Library/ScriptAssemblies/Unity.TextMeshPro.Tests.dll not valid. Loading of assembly skipped.
Assembly Unity.UnifiedRayTracing.Editor.Tests.dll at Library/ScriptAssemblies/Unity.UnifiedRayTracing.Editor.Tests.dll not valid. Loading of assembly skipped.
Assembly UnityEditor.UI.Common.Tests.dll at Library/ScriptAssemblies/UnityEditor.UI.Common.Tests.dll not valid. Loading of assembly skipped.
Assembly UnityEditor.UI.EditorTests.dll at Library/ScriptAssemblies/UnityEditor.UI.EditorTests.dll not valid. Loading of assembly skipped.
Assembly UnityEngine.UI.Tests.dll at Library/ScriptAssemblies/UnityEngine.UI.Tests.dll not valid. Loading of assembly skipped.
Refreshing native plugins compatible for Editor in 6.61 ms, found 5 plugins.
Native extension for WindowsStandalone target not found
Native extension for WebGL target not found
[Package Manager] Failed to launch server process. Reason: Unity was launched with the -noUpm command-line argument
[Package Manager] Unable to send message (not connected to server process).
[Package Manager] Cannot connect to Unity Package Manager local server
Refreshing native plugins compatible for Editor in 2.23 ms, found 5 plugins.
[Package Manager] Failed to launch server process. Reason: Unity was launched with the -noUpm command-line argument
[Package Manager] Unable to send message (not connected to server process).
[Package Manager] Cannot connect to Unity Package Manager local server
ScheduleIndexationOnStartup MainProcess:False IndexOnStartup:False
Mono: successfully reloaded assembly
- Finished resetting the current domain, in  1.566 seconds
Domain Reload Profiling: 18424ms
	BeginReloadAssembly (371ms)
		DisableScriptedObjects (13ms)
		CreateAndSetChildDomain (54ms)
	RebuildCommonClasses (67ms)
	RebuildNativeTypeToScriptingClass (21ms)
	initialDomainReloadingComplete (12817ms)
	LoadAllAssembliesAndSetupDomain (3581ms)
		LoadAssemblies (3248ms)
		AnalyzeDomain (551ms)
			TypeCache.Refresh (394ms)
				TypeCache.ScanAssembly (368ms)
			BuildScriptInfoCaches (129ms)
			ResolveRequiredComponents (24ms)
	FinalizeReload (1567ms)
		SetupLoadedEditorAssemblies (0ms)
			InitializePlatformSupportModulesInManaged (5ms)
			BeforeProcessingInitializeOnLoad (271ms)
			ProcessInitializeOnLoadAttributes (600ms)
			ProcessInitializeOnLoadMethodAttributes (340ms)
			AfterProcessingInitializeOnLoad (7ms)
		AwakeInstancesAfterBackupRestoration (11ms)
Launched and connected shader compiler UnityShaderCompiler.exe after 0.03 seconds
Refreshing native plugins compatible for Editor in 2.18 ms, found 5 plugins.
Unloading 24 Unused Serialized files (Serialized files now loaded: 0)
Unloading 7263 unused Assets / (6.6 MB). Loaded Objects now: 8089.
Memory consumption went from 158.9 MB to 152.2 MB.
Total: 17.048200 ms (FindLiveObjects: 1.376500 ms CreateObjectMapping: 1.597800 ms MarkObjects: 6.991800 ms  DeleteObjects: 7.079200 ms)

========================================================================
Received Import Request.
  Time since last request: 2484204.990413 seconds.
  path: Assets/UniversalRenderPipelineGlobalSettings.asset
  importAddress: Guid(93b439a37f63240aca3dd4e01d978a9f) Importer(815301076,1909f56bfc062723c751e8b465ee728b)
Start importing Assets/UniversalRenderPipelineGlobalSettings.asset using Guid(93b439a37f63240aca3dd4e01d978a9f) Importer(815301076,1909f56bfc062723c751e8b465ee728b) (PreviewImporter) -> (Import Result ID: 'b0e770124881eb16e2b0285b05c108be') in 0.0479038 seconds [static and dynamic dependencies]. Details - ImportResultOutputID=e5daccbb6d6b9d5bf2b6d69e320fa783 DependenciesID=97e7059649b33fd0146cfb9f0501951a StaticDependenciesID=09514753f089b73f62f37a3fdbd54e43 
Number of updated asset objects reloaded before import = 0Number of asset objects unloaded after import = 0

========================================================================
Received Import Request.
  Time since last request: 0.000029 seconds.
  path: Assets/DefaultVolumeProfile.asset
  importAddress: Guid(3f9215ea0144899419cfbc0957140d3f) Importer(815301076,1909f56bfc062723c751e8b465ee728b)
Start importing Assets/DefaultVolumeProfile.asset using Guid(3f9215ea0144899419cfbc0957140d3f) Importer(815301076,1909f56bfc062723c751e8b465ee728b) (PreviewImporter) -> (Import Result ID: 'add8101821eb98b805cf48bc791f5125') in 0.0030567 seconds [static and dynamic dependencies]. Details - ImportResultOutputID=69fe006145016d29bb327cea1225d966 DependenciesID=69b6349443b879dbcd9c158491f7b322 StaticDependenciesID=a511e5e42bd30da7022e49f273a29f52 
Number of updated asset objects reloaded before import = 0Number of asset objects unloaded after import = 0

========================================================================
Received Import Request.
  Time since last request: 105.279913 seconds.
  path: Assets/InputSystem_Actions.inputactions
  importAddress: Guid(2bcd2660ca9b64942af0de543d8d7100) Importer(2089858483,b0f066a214c2f5e87bad3c948f4d605d)
Start importing Assets/InputSystem_Actions.inputactions using Guid(2bcd2660ca9b64942af0de543d8d7100) Importer(2089858483,b0f066a214c2f5e87bad3c948f4d605d) (ScriptedImporter) -> (Import Result ID: '6033c6bd9414b4b051d7b0358af64bbb') in 0.4163204 seconds [static and dynamic dependencies]. Details - ImportResultOutputID=9410c13e0197b7cfdcb715312436701a DependenciesID=830883215614854b8dd541e90bf59a29 StaticDependenciesID=da97d478a89fd1f1c10ca9ec1c9f8f95 
Number of updated asset objects reloaded before import = 0Number of asset objects unloaded after import = 21

========================================================================
Received Import Request.
  Time since last request: 9.640658 seconds.
  path: Assets/Scenes/SampleScene.unity
  importAddress: Guid(8c9cfa26abfee488c85f1582747f6a02) Importer(2089858483,b0f066a214c2f5e87bad3c948f4d605d)
Start importing Assets/Scenes/SampleScene.unity using Guid(8c9cfa26abfee488c85f1582747f6a02) Importer(2089858483,b0f066a214c2f5e87bad3c948f4d605d) (ScriptedImporter) -> (Import Result ID: 'cb02b3f6ba8c3a4e5d2931f26d8224d1') in 0.0243502 seconds [static and dynamic dependencies]. Details - ImportResultOutputID=c8c951c2eca15730c280b583f4ab49f3 DependenciesID=7ece1b0a87f34ddc52f9de233ec1ba84 StaticDependenciesID=a05e1b03ea82233499ea2800af9acad2 
Number of updated asset objects reloaded before import = 6Number of asset objects unloaded after import = 1

========================================================================
Received Import Request.
  Time since last request: 0.000020 seconds.
  path: Assets/Settings/Lit2DSceneTemplate.scenetemplate
  importAddress: Guid(d03ed43fc9d8a4f2e9fa70c1c7916eb9) Importer(2089858483,b0f066a214c2f5e87bad3c948f4d605d)
Start importing Assets/Settings/Lit2DSceneTemplate.scenetemplate using Guid(d03ed43fc9d8a4f2e9fa70c1c7916eb9) Importer(2089858483,b0f066a214c2f5e87bad3c948f4d605d) (ScriptedImporter) -> (Import Result ID: '0e8d5e642421c8879825656814f31120') in 0.0998196 seconds [static and dynamic dependencies]. Details - ImportResultOutputID=c4e574abfd19811912cd808e4d067dcf DependenciesID=569fe538af1919a04a29214cab1aee5d StaticDependenciesID=390246813e5a97337dad4fd198d0f6b3 
Number of updated asset objects reloaded before import = 0Number of asset objects unloaded after import = 3

========================================================================
Received Import Request.
  Time since last request: 0.000023 seconds.
  path: Assets/Settings/Scenes/URP2DSceneTemplate.unity
  importAddress: Guid(2cda990e2423bbf4892e6590ba056729) Importer(2089858483,b0f066a214c2f5e87bad3c948f4d605d)
Start importing Assets/Settings/Scenes/URP2DSceneTemplate.unity using Guid(2cda990e2423bbf4892e6590ba056729) Importer(2089858483,b0f066a214c2f5e87bad3c948f4d605d) (ScriptedImporter) -> (Import Result ID: '37fba8ad3428be2f2a36a86d5ce1e6f0') in 0.0260294 seconds [static and dynamic dependencies]. Details - ImportResultOutputID=0416145fc354fd49887adb6eeb1617e2 DependenciesID=72b3b7b00eca09804c68e575e95afec0 StaticDependenciesID=d7cb73ec8ba78d14e7595f85be6fa845 
Number of updated asset objects reloaded before import = 0Number of asset objects unloaded after import = 1

========================================================================
Received Import Request.
  Time since last request: 0.000096 seconds.
  path: Assets/Settings/UniversalRP.asset
  importAddress: Guid(681886c5eb7344803b6206f758bf0b1c) Importer(2089858483,b0f066a214c2f5e87bad3c948f4d605d)
Start importing Assets/Settings/UniversalRP.asset using Guid(681886c5eb7344803b6206f758bf0b1c) Importer(2089858483,b0f066a214c2f5e87bad3c948f4d605d) (ScriptedImporter) -> (Import Result ID: '4f38b8333ce953de922dfd35be89e53c') in 0.0842037 seconds [static and dynamic dependencies]. Details - ImportResultOutputID=6d26ed166600ba8b560ac0fad33c6bed DependenciesID=c326714bb27f0132c5e4682bda7c975d StaticDependenciesID=fafcc4742f6b9c75fa1a9ea7b723ead2 
Number of updated asset objects reloaded before import = 0Number of asset objects unloaded after import = 1

========================================================================
Received Import Request.
  Time since last request: 314.551243 seconds.
  path: Assets/Sprites/explosion2.png
  importAddress: Guid(0ca1c416015f6b945b51c9bd5477d0c0) Importer(2089858483,b0f066a214c2f5e87bad3c948f4d605d)
Start importing Assets/Sprites/explosion2.png using Guid(0ca1c416015f6b945b51c9bd5477d0c0) Importer(2089858483,b0f066a214c2f5e87bad3c948f4d605d) (ScriptedImporter) -> (Import Result ID: 'cd7f870f81d20a1ec0822daf1dd4ad74') in 0.069391 seconds [static and dynamic dependencies]. Details - ImportResultOutputID=88ad2a3d724c4b8b53efb4210c9b5eb0 DependenciesID=cd54066b4ca31869fd15c71d56fa6dd4 StaticDependenciesID=63c215e8d35c19197b461d8e34d6400d 
Number of updated asset objects reloaded before import = 0Number of asset objects unloaded after import = 3

========================================================================
Received Import Request.
  Time since last request: 0.000035 seconds.
  path: Assets/Sprites/Tanks/tankGreen_barrel2_outline.png
  importAddress: Guid(06cb4ef03ed89dd4aaa4e86d2e2e77c1) Importer(2089858483,b0f066a214c2f5e87bad3c948f4d605d)
Start importing Assets/Sprites/Tanks/tankGreen_barrel2_outline.png using Guid(06cb4ef03ed89dd4aaa4e86d2e2e77c1) Importer(2089858483,b0f066a214c2f5e87bad3c948f4d605d) (ScriptedImporter) -> (Import Result ID: 'ac8102495631b4abd6a69f2260c874d7') in 0.0185679 seconds [static and dynamic dependencies]. Details - ImportResultOutputID=1bf2a609c63babd3cd0c301c5f195a26 DependenciesID=c9df0c1fa5d1c461dc1475d2cc417327 StaticDependenciesID=9deb39222c47e8ace1ab7871d0bab076 
Number of updated asset objects reloaded before import = 0Number of asset objects unloaded after import = 3

========================================================================
Received Import Request.
  Time since last request: 0.000028 seconds.
  path: Assets/Sprites/Environment/barricadeWood.png
  importAddress: Guid(0777445519bf29b409bee09d1ffef884) Importer(2089858483,b0f066a214c2f5e87bad3c948f4d605d)
Start importing Assets/Sprites/Environment/barricadeWood.png using Guid(0777445519bf29b409bee09d1ffef884) Importer(2089858483,b0f066a214c2f5e87bad3c948f4d605d) (ScriptedImporter) -> (Import Result ID: 'aaa56fe694266f05cf4e84d175aab9f8') in 0.0185622 seconds [static and dynamic dependencies]. Details - ImportResultOutputID=ee2ad30c6291baafa53492268112aa64 DependenciesID=35eced32cf6973fb447b6b3f34be2fe2 StaticDependenciesID=86d9745e04104133ec2f2161501cc5b5 
Number of updated asset objects reloaded before import = 0Number of asset objects unloaded after import = 3

========================================================================
Received Import Request.
  Time since last request: 0.000020 seconds.
  path: Assets/Sprites/Environment/sandbagBrown_open.png
  importAddress: Guid(e79a1a9866203b643a86f8f4b1a37734) Importer(2089858483,b0f066a214c2f5e87bad3c948f4d605d)
Start importing Assets/Sprites/Environment/sandbagBrown_open.png using Guid(e79a1a9866203b643a86f8f4b1a37734) Importer(2089858483,b0f066a214c2f5e87bad3c948f4d605d) (ScriptedImporter) -> (Import Result ID: '6bef5b2b522ae384cde90cf253105ef7') in 0.0186383 seconds [static and dynamic dependencies]. Details - ImportResultOutputID=b2665e86a542f732be84752587ec4a1f DependenciesID=f524b3963dc37061ded952abff7afd18 StaticDependenciesID=bca6ec9e53bd68de0d279386a39b8862 
Number of updated asset objects reloaded before import = 0Number of asset objects unloaded after import = 3

========================================================================
Received Import Request.
  Time since last request: 0.000090 seconds.
  path: Assets/Sprites/Environment/bulletRed1.png
  importAddress: Guid(1b548f26593c1f2489afecd8349373a0) Importer(2089858483,b0f066a214c2f5e87bad3c948f4d605d)
Start importing Assets/Sprites/Environment/bulletRed1.png using Guid(1b548f26593c1f2489afecd8349373a0) Importer(2089858483,b0f066a214c2f5e87bad3c948f4d605d) (ScriptedImporter) -> (Import Result ID: '140ace1627da8833cb79ef928ec42cb2') in 0.0152672 seconds [static and dynamic dependencies]. Details - ImportResultOutputID=ddf420138d4ffe36116a7fd2e8afa7b6 DependenciesID=ba285b2de379ae759ebc56dd83bedfde StaticDependenciesID=3874ec9620fc8890fe692381d62632da 
Number of updated asset objects reloaded before import = 0Number of asset objects unloaded after import = 3

========================================================================
Received Import Request.
  Time since last request: 0.000029 seconds.
  path: Assets/Sprites/Tiles/tileGrass_roadSplitN.png
  importAddress: Guid(787c29973c589834aa9c23c4a8f38499) Importer(2089858483,b0f066a214c2f5e87bad3c948f4d605d)
Start importing Assets/Sprites/Tiles/tileGrass_roadSplitN.png using Guid(787c29973c589834aa9c23c4a8f38499) Importer(2089858483,b0f066a214c2f5e87bad3c948f4d605d) (ScriptedImporter) -> (Import Result ID: '3102ea492633c519dedff4e1f32a9d20') in 0.0173869 seconds [static and dynamic dependencies]. Details - ImportResultOutputID=dc472f089dec0764f47ba3ba03103919 DependenciesID=17c2488e07c14f16506e07ec44ff1bfa StaticDependenciesID=99add294a954d1dfea3f678f077d668f 
Number of updated asset objects reloaded before import = 0Number of asset objects unloaded after import = 3

========================================================================
Received Import Request.
  Time since last request: 0.000034 seconds.
  path: Assets/Sprites/Environment/bulletSand3.png
  importAddress: Guid(0faf19bd153db244eae062d6bef6c4c8) Importer(2089858483,b0f066a214c2f5e87bad3c948f4d605d)
Start importing Assets/Sprites/Environment/bulletSand3.png using Guid(0faf19bd153db244eae062d6bef6c4c8) Importer(2089858483,b0f066a214c2f5e87bad3c948f4d605d) (ScriptedImporter) -> (Import Result ID: '727551d9e3f073c49f24f0b68965a60e') in 0.0246307 seconds [static and dynamic dependencies]. Details - ImportResultOutputID=2d7678dcdfda6d689567e4dba5862236 DependenciesID=082ed274059ff2ad55876841a551eb8e StaticDependenciesID=7ba881c59525ea62bbe5f1d23f9784e2 
Number of updated asset objects reloaded before import = 0Number of asset objects unloaded after import = 3

========================================================================
Received Import Request.
  Time since last request: 0.000034 seconds.
  path: Assets/Sprites/Environment/crateWood.png
  importAddress: Guid(ea641c1fed80b6b43a502968054b89ed) Importer(2089858483,b0f066a214c2f5e87bad3c948f4d605d)
Start importing Assets/Sprites/Environment/crateWood.png using Guid(ea641c1fed80b6b43a502968054b89ed) Importer(2089858483,b0f066a214c2f5e87bad3c948f4d605d) (ScriptedImporter) -> (Import Result ID: '15992acf3444b305da0e9f164f9965e4') in 0.019293 seconds [static and dynamic dependencies]. Details - ImportResultOutputID=61318a3cbac4c239d417e616cdca4011 DependenciesID=d8a3ce54f71877cb8cc29e8e212635b0 StaticDependenciesID=9c6486b70a706c023d918bf7f035d901 
Number of updated asset objects reloaded before import = 0Number of asset objects unloaded after import = 3

========================================================================
Received Import Request.
  Time since last request: 0.000017 seconds.
  path: Assets/Sprites/Tanks/shotThin.png
  importAddress: Guid(ed22b71213ee8e641a05e275ebc89638) Importer(2089858483,b0f066a214c2f5e87bad3c948f4d605d)
Start importing Assets/Sprites/Tanks/shotThin.png using Guid(ed22b71213ee8e641a05e275ebc89638) Importer(2089858483,b0f066a214c2f5e87bad3c948f4d605d) (ScriptedImporter) -> (Import Result ID: '53e30ad98e675986f7c08e465a194b84') in 0.0195117 seconds [static and dynamic dependencies]. Details - ImportResultOutputID=e7af57316eca6c4185cb481396734f5a DependenciesID=9e9b0a077fdcdb5028a8b8d5e6599ce6 StaticDependenciesID=0745bad21b47eb1e094610937bf6b099 
Number of updated asset objects reloaded before import = 0Number of asset objects unloaded after import = 3

========================================================================
Received Import Request.
  Time since last request: 0.000019 seconds.
  path: Assets/Sprites/explosion5.png
  importAddress: Guid(7e9a25c516f94b64ab5c499630370cd9) Importer(2089858483,b0f066a214c2f5e87bad3c948f4d605d)
Start importing Assets/Sprites/explosion5.png using Guid(7e9a25c516f94b64ab5c499630370cd9) Importer(2089858483,b0f066a214c2f5e87bad3c948f4d605d) (ScriptedImporter) -> (Import Result ID: '571a49d2e934a4fe1229299327896199') in 0.0226365 seconds [static and dynamic dependencies]. Details - ImportResultOutputID=edaa57072f8d00ac46f296338f11be87 DependenciesID=f4d4e68872e2e09cbe678c1f75017bbf StaticDependenciesID=c5df07cc897fba9ef868dc4942716a06 
Number of updated asset objects reloaded before import = 0Number of asset objects unloaded after import = 3

========================================================================
Received Import Request.
  Time since last request: 0.000025 seconds.
  path: Assets/Sprites/Tiles/tileGrass_roadCornerLL.png
  importAddress: Guid(21bc999967f337d488413ac301fe4f56) Importer(2089858483,b0f066a214c2f5e87bad3c948f4d605d)
Start importing Assets/Sprites/Tiles/tileGrass_roadCornerLL.png using Guid(21bc999967f337d488413ac301fe4f56) Importer(2089858483,b0f066a214c2f5e87bad3c948f4d605d) (ScriptedImporter) -> (Import Result ID: '2660a481eeb77a22b826c88605dad6db') in 0.0179153 seconds [static and dynamic dependencies]. Details - ImportResultOutputID=e2abc2dde1d1835086f1b8a9e7a3f03f DependenciesID=42de97fc7735b7ae97cce9cea519528c StaticDependenciesID=17244092944f22a4ea07bb8537c31131 
Number of updated asset objects reloaded before import = 0Number of asset objects unloaded after import = 3

========================================================================
Received Import Request.
  Time since last request: 0.000043 seconds.
  path: Assets/Sprites/Tiles/tileGrass_transitionW.png
  importAddress: Guid(a016524ff22896b488164c26cf3cd978) Importer(2089858483,b0f066a214c2f5e87bad3c948f4d605d)
Start importing Assets/Sprites/Tiles/tileGrass_transitionW.png using Guid(a016524ff22896b488164c26cf3cd978) Importer(2089858483,b0f066a214c2f5e87bad3c948f4d605d) (ScriptedImporter) -> (Import Result ID: '0c82e4644ec5a7814e7d8a89f2176199') in 0.0206262 seconds [static and dynamic dependencies]. Details - ImportResultOutputID=7c6744a0a39422d891495495d7987481 DependenciesID=0ef81efee622d8c6ab4b339081d74354 StaticDependenciesID=a361e50941e8ca96c7f3451f8cc92a68 
Number of updated asset objects reloaded before import = 0Number of asset objects unloaded after import = 3

========================================================================
Received Import Request.
  Time since last request: 0.000032 seconds.
  path: Assets/Sprites/Tiles/tileGrass_roadEast.png
  importAddress: Guid(de290dc4e3301ba45bbc093cdce88aa1) Importer(2089858483,b0f066a214c2f5e87bad3c948f4d605d)
Start importing Assets/Sprites/Tiles/tileGrass_roadEast.png using Guid(de290dc4e3301ba45bbc093cdce88aa1) Importer(2089858483,b0f066a214c2f5e87bad3c948f4d605d) (ScriptedImporter) -> (Import Result ID: 'e6ccb1bc23b5230d7808cbe257da5d5d') in 0.0219784 seconds [static and dynamic dependencies]. Details - ImportResultOutputID=2d23358b9c127e93072c3aa1c1d1d03f DependenciesID=2c4a9e246408144f8953f51446dd1ee1 StaticDependenciesID=a36c8d3c37b0a8124959694a9550c2e3 
Number of updated asset objects reloaded before import = 0Number of asset objects unloaded after import = 3

========================================================================
Received Import Request.
  Time since last request: 0.000022 seconds.
  path: Assets/Sprites/Tiles/tileSand_roadCrossing.png
  importAddress: Guid(e9ffe222e9a80a84bb0fad99851b18b2) Importer(2089858483,b0f066a214c2f5e87bad3c948f4d605d)
Start importing Assets/Sprites/Tiles/tileSand_roadCrossing.png using Guid(e9ffe222e9a80a84bb0fad99851b18b2) Importer(2089858483,b0f066a214c2f5e87bad3c948f4d605d) (ScriptedImporter) -> (Import Result ID: '076886133d89087f6943804d0346d66c') in 0.0218886 seconds [static and dynamic dependencies]. Details - ImportResultOutputID=2dfd76173a61411a8cfca7673f062a8a DependenciesID=e344ec37ca1b24af71a684edeb2a7379 StaticDependenciesID=b62003e0f2e7262e8492c8bf4d3ddbd2 
Number of updated asset objects reloaded before import = 0Number of asset objects unloaded after import = 3

========================================================================
Received Import Request.
  Time since last request: 0.000023 seconds.
  path: Assets/Sprites/explosionSmoke2.png
  importAddress: Guid(6ea1b72a4df0a4842ba89ff32768b478) Importer(2089858483,b0f066a214c2f5e87bad3c948f4d605d)
Start importing Assets/Sprites/explosionSmoke2.png using Guid(6ea1b72a4df0a4842ba89ff32768b478) Importer(2089858483,b0f066a214c2f5e87bad3c948f4d605d) (ScriptedImporter) -> (Import Result ID: '5ddc13425926fe2ebe1036df5387600c') in 0.0196918 seconds [static and dynamic dependencies]. Details - ImportResultOutputID=ed29473ae3a19e1facbbe36692ce3c47 DependenciesID=9f8bdbf2d8bdd200b98c1d40aceb5826 StaticDependenciesID=3a8e6df282ef442478b77e27a01f2253 
Number of updated asset objects reloaded before import = 0Number of asset objects unloaded after import = 3

========================================================================
Received Import Request.
  Time since last request: 0.000021 seconds.
  path: Assets/Sprites/Tanks/tankBody_dark_outline.png
  importAddress: Guid(6ca4ae8769e7c6c409aa88a94995eaf0) Importer(2089858483,b0f066a214c2f5e87bad3c948f4d605d)
Start importing Assets/Sprites/Tanks/tankBody_dark_outline.png using Guid(6ca4ae8769e7c6c409aa88a94995eaf0) Importer(2089858483,b0f066a214c2f5e87bad3c948f4d605d) (ScriptedImporter) -> (Import Result ID: '9342615196234ec86c3591f0da26bfd3') in 0.0166468 seconds [static and dynamic dependencies]. Details - ImportResultOutputID=0ec268e0b5264d5ca75fba8058d89d0e DependenciesID=5166cf7cae4ecd993542e768d7e23f3d StaticDependenciesID=841cef1e423d51bef4344ea92312ca50 
Number of updated asset objects reloaded before import = 0Number of asset objects unloaded after import = 3

========================================================================
Received Import Request.
  Time since last request: 0.000029 seconds.
  path: Assets/Sprites/Tiles/tileGrass_roadSplitW.png
  importAddress: Guid(047f3de344ce2c8418fe83cbea0e8a69) Importer(2089858483,b0f066a214c2f5e87bad3c948f4d605d)
Start importing Assets/Sprites/Tiles/tileGrass_roadSplitW.png using Guid(047f3de344ce2c8418fe83cbea0e8a69) Importer(2089858483,b0f066a214c2f5e87bad3c948f4d605d) (ScriptedImporter) -> (Import Result ID: '437531466ddb05c2a2f95f7f7e494220') in 0.0211431 seconds [static and dynamic dependencies]. Details - ImportResultOutputID=733e4876bca52418488e338ecd1e3967 DependenciesID=36c7658731fac6aed2dc4a3bb5d6b835 StaticDependenciesID=5066ff312304482077c718ad56b46ccc 
Number of updated asset objects reloaded before import = 0Number of asset objects unloaded after import = 3

========================================================================
Received Import Request.
  Time since last request: 0.000029 seconds.
  path: Assets/Sprites/explosion1.png
  importAddress: Guid(1fe1d600a725f3e4c86290b534055ee0) Importer(2089858483,b0f066a214c2f5e87bad3c948f4d605d)
Start importing Assets/Sprites/explosion1.png using Guid(1fe1d600a725f3e4c86290b534055ee0) Importer(2089858483,b0f066a214c2f5e87bad3c948f4d605d) (ScriptedImporter) -> (Import Result ID: '10b5a17250943379644db6cd5de215a3') in 0.0189076 seconds [static and dynamic dependencies]. Details - ImportResultOutputID=e3eae14b63b59943996cf83f2e0b8661 DependenciesID=c634070b69c6b37f98e0cee33d434e4f StaticDependenciesID=91e6bc67182d952f5d386fc0e86db586 
Number of updated asset objects reloaded before import = 0Number of asset objects unloaded after import = 3

========================================================================
Received Import Request.
  Time since last request: 0.000017 seconds.
  path: Assets/Sprites/Environment/bulletDark3.png
  importAddress: Guid(7b01862f1a5c36345b87f73b90901885) Importer(2089858483,b0f066a214c2f5e87bad3c948f4d605d)
Start importing Assets/Sprites/Environment/bulletDark3.png using Guid(7b01862f1a5c36345b87f73b90901885) Importer(2089858483,b0f066a214c2f5e87bad3c948f4d605d) (ScriptedImporter) -> (Import Result ID: '7683ad4560b24f3126d02e6352e62e57') in 0.016501 seconds [static and dynamic dependencies]. Details - ImportResultOutputID=652596fbf11bcc363311a85c3ddf2729 DependenciesID=564306483c0a40134bc287f878e81564 StaticDependenciesID=2abd5d433bb0386c95f994b2a07d3012 
Number of updated asset objects reloaded before import = 0Number of asset objects unloaded after import = 3

========================================================================
Received Import Request.
  Time since last request: 0.000018 seconds.
  path: Assets/Sprites/Tanks/shotRed.png
  importAddress: Guid(6cb18a93023709e48af33c40d2ebb5c5) Importer(2089858483,b0f066a214c2f5e87bad3c948f4d605d)
Start importing Assets/Sprites/Tanks/shotRed.png using Guid(6cb18a93023709e48af33c40d2ebb5c5) Importer(2089858483,b0f066a214c2f5e87bad3c948f4d605d) (ScriptedImporter) -> (Import Result ID: '793f612ad4cc2e93223c63cc9cee8d54') in 0.0181421 seconds [static and dynamic dependencies]. Details - ImportResultOutputID=2d2a3d5185b9fba929aefaea70177553 DependenciesID=82a0c0d8c3cdf875e4fe686a02708e78 StaticDependenciesID=90ae6b275f052988ee1fefdca38e663a 
Number of updated asset objects reloaded before import = 0Number of asset objects unloaded after import = 3

========================================================================
Received Import Request.
  Time since last request: 0.000037 seconds.
  path: Assets/Sprites/Tanks/shotLarge.png
  importAddress: Guid(3d14cc8c4e73a4a4bb7f0eabdc073eb1) Importer(2089858483,b0f066a214c2f5e87bad3c948f4d605d)
Start importing Assets/Sprites/Tanks/shotLarge.png using Guid(3d14cc8c4e73a4a4bb7f0eabdc073eb1) Importer(2089858483,b0f066a214c2f5e87bad3c948f4d605d) (ScriptedImporter) -> (Import Result ID: 'c6c05fc546074a4e86eb8058b7dc8334') in 0.0212682 seconds [static and dynamic dependencies]. Details - ImportResultOutputID=1cee7723aad6c6a81c132b973ddc991c DependenciesID=105f5db52b6c6b0a966592e0e427462a StaticDependenciesID=2dd9b231d06349a9795f27b560375700 
Number of updated asset objects reloaded before import = 0Number of asset objects unloaded after import = 3

========================================================================
Received Import Request.
  Time since last request: 0.000035 seconds.
  path: Assets/Sprites/Tiles/tileSand_roadSplitN.png
  importAddress: Guid(6ca2ed8a864b11e4ea5832fbfaaf74e2) Importer(2089858483,b0f066a214c2f5e87bad3c948f4d605d)
Start importing Assets/Sprites/Tiles/tileSand_roadSplitN.png using Guid(6ca2ed8a864b11e4ea5832fbfaaf74e2) Importer(2089858483,b0f066a214c2f5e87bad3c948f4d605d) (ScriptedImporter) -> (Import Result ID: 'a77654d57c2f4e5f482b57d45c243c2d') in 0.0291221 seconds [static and dynamic dependencies]. Details - ImportResultOutputID=516b79b2c2210d0d9fe13d7460a20e41 DependenciesID=bb4264d5475b22eeb84066a0f7c98a71 StaticDependenciesID=a3d14cdce46acea53ae356199eae4a2b 
Number of updated asset objects reloaded before import = 0Number of asset objects unloaded after import = 3

========================================================================
Received Import Request.
  Time since last request: 0.000031 seconds.
  path: Assets/Sprites/Tanks/specialBarrel5_outline.png
  importAddress: Guid(8dbb301ce2db8e04ca7f5a89de50e7a0) Importer(2089858483,b0f066a214c2f5e87bad3c948f4d605d)
Start importing Assets/Sprites/Tanks/specialBarrel5_outline.png using Guid(8dbb301ce2db8e04ca7f5a89de50e7a0) Importer(2089858483,b0f066a214c2f5e87bad3c948f4d605d) (ScriptedImporter) -> (Import Result ID: 'e3bcaf77b7c7774f1b6d98bd048cfbfb') in 0.01741 seconds [static and dynamic dependencies]. Details - ImportResultOutputID=35250eb428cc619e1b60da4f5ee2a3c2 DependenciesID=9efea17ea156195ae7d73fdbc4e7e8df StaticDependenciesID=e4bc0304a1e8d526a24c1f0ca2e6fbb8 
Number of updated asset objects reloaded before import = 0Number of asset objects unloaded after import = 3

========================================================================
Received Import Request.
  Time since last request: 0.000024 seconds.
  path: Assets/Sprites/Environment/bulletBlue3.png
  importAddress: Guid(191a707f37de2b048b550b07c709892b) Importer(2089858483,b0f066a214c2f5e87bad3c948f4d605d)
Start importing Assets/Sprites/Environment/bulletBlue3.png using Guid(191a707f37de2b048b550b07c709892b) Importer(2089858483,b0f066a214c2f5e87bad3c948f4d605d) (ScriptedImporter) -> (Import Result ID: '9bfe34e4d735ad6be67e54b15f52d807') in 0.0206697 seconds [static and dynamic dependencies]. Details - ImportResultOutputID=9e00ecbffa2c57ffa64ef17c25770589 DependenciesID=76b2118162c153120ed2cca97cfa3987 StaticDependenciesID=f5d3b207fc46e05dc1d6d831579fdd3a 
Number of updated asset objects reloaded before import = 0Number of asset objects unloaded after import = 3

========================================================================
Received Import Request.
  Time since last request: 0.000019 seconds.
  path: Assets/Sprites/Tiles/tileSand_roadCrossingRound.png
  importAddress: Guid(0622a6ea160fa0944a60d817069b86d5) Importer(2089858483,b0f066a214c2f5e87bad3c948f4d605d)
Start importing Assets/Sprites/Tiles/tileSand_roadCrossingRound.png using Guid(0622a6ea160fa0944a60d817069b86d5) Importer(2089858483,b0f066a214c2f5e87bad3c948f4d605d) (ScriptedImporter) -> (Import Result ID: '0afa0dff3b2586ebcf8c8ce29474b1b3') in 0.0220075 seconds [static and dynamic dependencies]. Details - ImportResultOutputID=9daa1e30b834a9a0123eb2a921725792 DependenciesID=c8147d78621ad17025e08dac7a111076 StaticDependenciesID=5eae8527a4a11cbe565d1ac825b4b43a 
Number of updated asset objects reloaded before import = 0Number of asset objects unloaded after import = 3

========================================================================
Received Import Request.
  Time since last request: 0.000036 seconds.
  path: Assets/Sprites/Environment/bulletGreen3_outline.png
  importAddress: Guid(cf4e3f48a3f34ae458c62c0e199b9961) Importer(2089858483,b0f066a214c2f5e87bad3c948f4d605d)
Start importing Assets/Sprites/Environment/bulletGreen3_outline.png using Guid(cf4e3f48a3f34ae458c62c0e199b9961) Importer(2089858483,b0f066a214c2f5e87bad3c948f4d605d) (ScriptedImporter) -> (Import Result ID: 'ba703824fe37140c022017efa84fd292') in 0.0204378 seconds [static and dynamic dependencies]. Details - ImportResultOutputID=df1a98150d9c1f5bbb9055cea3d62540 DependenciesID=16e20b9d962111a721e986275305c2c3 StaticDependenciesID=7c8630f93195d82962429ab61145d4dd 
Number of updated asset objects reloaded before import = 0Number of asset objects unloaded after import = 3

========================================================================
Received Import Request.
  Time since last request: 0.000018 seconds.
  path: Assets/Sprites/Tiles/tileGrass_roadTransitionW_dirt.png
  importAddress: Guid(2a949ed049daab8419f490d3b52c6ddc) Importer(2089858483,b0f066a214c2f5e87bad3c948f4d605d)
Start importing Assets/Sprites/Tiles/tileGrass_roadTransitionW_dirt.png using Guid(2a949ed049daab8419f490d3b52c6ddc) Importer(2089858483,b0f066a214c2f5e87bad3c948f4d605d) (ScriptedImporter) -> (Import Result ID: '678f761a3b5e5dc2eeb2a2c1294f86da') in 0.0274264 seconds [static and dynamic dependencies]. Details - ImportResultOutputID=cec99281cca9cb000362dba15fbafce3 DependenciesID=20c2b1cf1debda5e21aabda124a814e7 StaticDependenciesID=4df155ca2e44bd856f9b4986a85492a3 
Number of updated asset objects reloaded before import = 0Number of asset objects unloaded after import = 3

========================================================================
Received Import Request.
  Time since last request: 0.000017 seconds.
  path: Assets/Sprites/Tiles/tileGrass_roadTransitionS_dirt.png
  importAddress: Guid(681a747a2d071c64e879b4e11654195d) Importer(2089858483,b0f066a214c2f5e87bad3c948f4d605d)
Start importing Assets/Sprites/Tiles/tileGrass_roadTransitionS_dirt.png using Guid(681a747a2d071c64e879b4e11654195d) Importer(2089858483,b0f066a214c2f5e87bad3c948f4d605d) (ScriptedImporter) -> (Import Result ID: 'acb696adeb766443ed7bad8914f21103') in 0.0180805 seconds [static and dynamic dependencies]. Details - ImportResultOutputID=0a88b8f47fc8e6ef6715d5b025475f54 DependenciesID=e1616758445cba403e6c065839c0fecd StaticDependenciesID=85ab45c3116b935b59def51b0b2499f0 
Number of updated asset objects reloaded before import = 0Number of asset objects unloaded after import = 3

========================================================================
Received Import Request.
  Time since last request: 0.000023 seconds.
  path: Assets/Sprites/Tanks/tankBody_bigRed_outline.png
  importAddress: Guid(e647c079e9b301949b164fa2728dd49f) Importer(2089858483,b0f066a214c2f5e87bad3c948f4d605d)
Start importing Assets/Sprites/Tanks/tankBody_bigRed_outline.png using Guid(e647c079e9b301949b164fa2728dd49f) Importer(2089858483,b0f066a214c2f5e87bad3c948f4d605d) (ScriptedImporter) -> (Import Result ID: '00964d8b297d7e278098b988e685496b') in 0.0185317 seconds [static and dynamic dependencies]. Details - ImportResultOutputID=4961502d891509d496fb806e2bf33ad0 DependenciesID=9a662c383fef375907b296f2550a39cc StaticDependenciesID=b94ade015686acd657bd74bb355a131d 
Number of updated asset objects reloaded before import = 0Number of asset objects unloaded after import = 3

========================================================================
Received Import Request.
  Time since last request: 0.000044 seconds.
  path: Assets/Sprites/Tiles/tileGrass_roadTransitionN.png
  importAddress: Guid(ea92dd1bad62868459e646a484841524) Importer(2089858483,b0f066a214c2f5e87bad3c948f4d605d)
Start importing Assets/Sprites/Tiles/tileGrass_roadTransitionN.png using Guid(ea92dd1bad62868459e646a484841524) Importer(2089858483,b0f066a214c2f5e87bad3c948f4d605d) (ScriptedImporter) -> (Import Result ID: '1f86a3f64d9d152e142f6f1c01510891') in 0.0190095 seconds [static and dynamic dependencies]. Details - ImportResultOutputID=bd9191b3626338a2e2f10cb7286e3ae7 DependenciesID=6e8a2e5494a544c8d0d8f5b1af584755 StaticDependenciesID=63399de14a74d01c9321d6eb6400d25e 
Number of updated asset objects reloaded before import = 0Number of asset objects unloaded after import = 3

========================================================================
Received Import Request.
  Time since last request: 0.000016 seconds.
  path: Assets/Sprites/Environment/barricadeMetal.png
  importAddress: Guid(1af00c10ee878834ca5fdd281b3934e9) Importer(2089858483,b0f066a214c2f5e87bad3c948f4d605d)
Start importing Assets/Sprites/Environment/barricadeMetal.png using Guid(1af00c10ee878834ca5fdd281b3934e9) Importer(2089858483,b0f066a214c2f5e87bad3c948f4d605d) (ScriptedImporter) -> (Import Result ID: 'd2e4e87d2f118bcc1f10cd7d77537284') in 0.0176354 seconds [static and dynamic dependencies]. Details - ImportResultOutputID=507fe1198938781e634d7f2a9c82b40e DependenciesID=8b73d128530ad1a7cd177ce33d59988b StaticDependenciesID=37763a5f37a66d270fea70d7ead6ca58 
Number of updated asset objects reloaded before import = 0Number of asset objects unloaded after import = 3

========================================================================
Received Import Request.
  Time since last request: 0.000018 seconds.
  path: Assets/Sprites/Environment/barrelGreen_top.png
  importAddress: Guid(e243d3271bebaa44682a8e4c64bfd08b) Importer(2089858483,b0f066a214c2f5e87bad3c948f4d605d)
Start importing Assets/Sprites/Environment/barrelGreen_top.png using Guid(e243d3271bebaa44682a8e4c64bfd08b) Importer(2089858483,b0f066a214c2f5e87bad3c948f4d605d) (ScriptedImporter) -> (Import Result ID: '7178c1450e8c6f4c2f99a6b965104762') in 0.0286637 seconds [static and dynamic dependencies]. Details - ImportResultOutputID=4684568cfa14a41fde02d8746dfe3aef DependenciesID=7d022f9c5418f9f9965509f4c86ac05c StaticDependenciesID=8eb7298e0a74ccb555a5b8f2662a6d58 
Number of updated asset objects reloaded before import = 0Number of asset objects unloaded after import = 3

========================================================================
Received Import Request.
  Time since last request: 0.000026 seconds.
  path: Assets/Sprites/Environment/crateWood_side.png
  importAddress: Guid(d42d3b79daae2134fa14d8bcc5516ad8) Importer(2089858483,b0f066a214c2f5e87bad3c948f4d605d)
Start importing Assets/Sprites/Environment/crateWood_side.png using Guid(d42d3b79daae2134fa14d8bcc5516ad8) Importer(2089858483,b0f066a214c2f5e87bad3c948f4d605d) (ScriptedImporter) -> (Import Result ID: 'e2f72a7e4f9f5acc0d67a03357632ba7') in 0.0224001 seconds [static and dynamic dependencies]. Details - ImportResultOutputID=ddd71e3318a3390a765d6cdd3056d579 DependenciesID=1b508ea9bb7f87e9335cf3adbe49829b StaticDependenciesID=a218a4bcd148161b1ed41ffa8d333434 
Number of updated asset objects reloaded before import = 0Number of asset objects unloaded after import = 3

========================================================================
Received Import Request.
  Time since last request: 0.000021 seconds.
  path: Assets/Sprites/Tiles/tileGrass_roadTransitionE_dirt.png
  importAddress: Guid(00551ad9088983f45b8eafe3e8f9d2f7) Importer(2089858483,b0f066a214c2f5e87bad3c948f4d605d)
Start importing Assets/Sprites/Tiles/tileGrass_roadTransitionE_dirt.png using Guid(00551ad9088983f45b8eafe3e8f9d2f7) Importer(2089858483,b0f066a214c2f5e87bad3c948f4d605d) (ScriptedImporter) -> (Import Result ID: '767e60de9b8254a6afcef91ee5dd4a71') in 0.0212724 seconds [static and dynamic dependencies]. Details - ImportResultOutputID=34c11733a69f08f380bc14f0ac004642 DependenciesID=6e6fc9795fa12b590c3858f7649e0c03 StaticDependenciesID=6acb6da72d3393de14b8bbe2c8c85d3d 
Number of updated asset objects reloaded before import = 0Number of asset objects unloaded after import = 3

========================================================================
Received Import Request.
  Time since last request: 0.000032 seconds.
  path: Assets/Sprites/Environment/bulletBlue2.png
  importAddress: Guid(45621ab796672a1428cd86e3f0fb3bd5) Importer(2089858483,b0f066a214c2f5e87bad3c948f4d605d)
Start importing Assets/Sprites/Environment/bulletBlue2.png using Guid(45621ab796672a1428cd86e3f0fb3bd5) Importer(2089858483,b0f066a214c2f5e87bad3c948f4d605d) (ScriptedImporter) -> (Import Result ID: '56f418805975c083a1983ce7c5993ef3') in 0.0202569 seconds [static and dynamic dependencies]. Details - ImportResultOutputID=cd6014dbde7e33e8f97987c47c16a4c1 DependenciesID=95a31ad98f50da92087603be7640b31a StaticDependenciesID=9a0e9b2de390e76044203e2b3e6905f0 
Number of updated asset objects reloaded before import = 0Number of asset objects unloaded after import = 3

========================================================================
Received Import Request.
  Time since last request: 0.000016 seconds.
  path: Assets/Sprites/Environment/bulletSand1.png
  importAddress: Guid(318822f10e1aa09458360a0cb15fef3d) Importer(2089858483,b0f066a214c2f5e87bad3c948f4d605d)
Start importing Assets/Sprites/Environment/bulletSand1.png using Guid(318822f10e1aa09458360a0cb15fef3d) Importer(2089858483,b0f066a214c2f5e87bad3c948f4d605d) (ScriptedImporter) -> (Import Result ID: 'e2af6633c68dc5b3d98c6136571ed15e') in 0.0186721 seconds [static and dynamic dependencies]. Details - ImportResultOutputID=744ace36cae0e8deb72a33a4c41fd185 DependenciesID=31eb7a1c2151d310aec724b263e5f953 StaticDependenciesID=0bafcd8f254ae5f5a0460c07fd65763a 
Number of updated asset objects reloaded before import = 0Number of asset objects unloaded after import = 3

========================================================================
Received Import Request.
  Time since last request: 0.000022 seconds.
  path: Assets/Sprites/Environment/treeGreen_small.png
  importAddress: Guid(af6e991bb020ee04da33fd1e328e6c60) Importer(2089858483,b0f066a214c2f5e87bad3c948f4d605d)
Start importing Assets/Sprites/Environment/treeGreen_small.png using Guid(af6e991bb020ee04da33fd1e328e6c60) Importer(2089858483,b0f066a214c2f5e87bad3c948f4d605d) (ScriptedImporter) -> (Import Result ID: '6f29a85de1f9957c6b0e0c9f7a169498') in 0.0184685 seconds [static and dynamic dependencies]. Details - ImportResultOutputID=d4147a747d1fd68c4f96cfe3b537ee2e DependenciesID=40f7c519db332c6bf57ce79d557b1fda StaticDependenciesID=9573afb38df05624c8d1e6ad2e58bc41 
Number of updated asset objects reloaded before import = 0Number of asset objects unloaded after import = 3

========================================================================
Received Import Request.
  Time since last request: 0.000019 seconds.
  path: Assets/Sprites/Tiles/tileSand_roadCornerLL.png
  importAddress: Guid(fea6df8b213fe7543adbe8ee1d0f7798) Importer(2089858483,b0f066a214c2f5e87bad3c948f4d605d)
Start importing Assets/Sprites/Tiles/tileSand_roadCornerLL.png using Guid(fea6df8b213fe7543adbe8ee1d0f7798) Importer(2089858483,b0f066a214c2f5e87bad3c948f4d605d) (ScriptedImporter) -> (Import Result ID: 'a6b20920067f1fdc6f0018132ed8ffdf') in 0.0175747 seconds [static and dynamic dependencies]. Details - ImportResultOutputID=c84a75e26ed8113e86a555e25605b165 DependenciesID=85d8148dbef66a4fae6dd152c669b42c StaticDependenciesID=ad05a45faa79f518ed5c16c5e9f6ab23 
Number of updated asset objects reloaded before import = 0Number of asset objects unloaded after import = 3

========================================================================
Received Import Request.
  Time since last request: 0.000037 seconds.
  path: Assets/Sprites/Tiles/tileSand1.png
  importAddress: Guid(69386e21109bd424496b1045251f7fac) Importer(2089858483,b0f066a214c2f5e87bad3c948f4d605d)
Start importing Assets/Sprites/Tiles/tileSand1.png using Guid(69386e21109bd424496b1045251f7fac) Importer(2089858483,b0f066a214c2f5e87bad3c948f4d605d) (ScriptedImporter) -> (Import Result ID: 'cda1939af1188c92b197013a43abfc2b') in 0.0188985 seconds [static and dynamic dependencies]. Details - ImportResultOutputID=94557125b7a4427a19f013a1e74fce04 DependenciesID=12cbac450b0c12426746ac94e38ca063 StaticDependenciesID=2477cd93d949e69159f4ee856b72327f 
Number of updated asset objects reloaded before import = 0Number of asset objects unloaded after import = 3

========================================================================
Received Import Request.
  Time since last request: 0.000032 seconds.
  path: Assets/Sprites/Environment/bulletRed3.png
  importAddress: Guid(6727883e0077a414684c8474be0cfea8) Importer(2089858483,b0f066a214c2f5e87bad3c948f4d605d)
Start importing Assets/Sprites/Environment/bulletRed3.png using Guid(6727883e0077a414684c8474be0cfea8) Importer(2089858483,b0f066a214c2f5e87bad3c948f4d605d) (ScriptedImporter) -> (Import Result ID: 'f33c8c4637892fb06a34dc96a4670bac') in 0.017468 seconds [static and dynamic dependencies]. Details - ImportResultOutputID=fc54fc3cfc8e409dc98476b53efd56bc DependenciesID=7b54d8225f21345df198a14438af10f5 StaticDependenciesID=8f26308f72efdafb1a0f02902bf8fd1b 
Number of updated asset objects reloaded before import = 0Number of asset objects unloaded after import = 3

========================================================================
Received Import Request.
  Time since last request: 0.000018 seconds.
  path: Assets/Sprites/Environment/bulletDark1.png
  importAddress: Guid(5cec46fb70b1a3b4f8e94c01dfbbbc71) Importer(2089858483,b0f066a214c2f5e87bad3c948f4d605d)
Start importing Assets/Sprites/Environment/bulletDark1.png using Guid(5cec46fb70b1a3b4f8e94c01dfbbbc71) Importer(2089858483,b0f066a214c2f5e87bad3c948f4d605d) (ScriptedImporter) -> (Import Result ID: '2e5cd05d5eae423fd2f7a012dffaf318') in 0.0185992 seconds [static and dynamic dependencies]. Details - ImportResultOutputID=8538e48668dce39642099ad3a1f7fa37 DependenciesID=b381d04d615db8a65bc627c29dba245b StaticDependenciesID=3580b510301accea9b95b65b4e3b3ef4 
Number of updated asset objects reloaded before import = 0Number of asset objects unloaded after import = 3

========================================================================
Received Import Request.
  Time since last request: 0.000020 seconds.
  path: Assets/Sprites/Tanks/tankSand_barrel1_outline.png
  importAddress: Guid(87e2ad4bcf880a647974e9b6780e412c) Importer(2089858483,b0f066a214c2f5e87bad3c948f4d605d)
Start importing Assets/Sprites/Tanks/tankSand_barrel1_outline.png using Guid(87e2ad4bcf880a647974e9b6780e412c) Importer(2089858483,b0f066a214c2f5e87bad3c948f4d605d) (ScriptedImporter) -> (Import Result ID: '9c2a59c504ed310d1bc94fbd90db5895') in 0.0200056 seconds [static and dynamic dependencies]. Details - ImportResultOutputID=1d8794f2bf033916a431341ef44ab511 DependenciesID=d7d2b329c05e67524cc631fc324f9b9d StaticDependenciesID=7c0e88c80c6c265ae53009dee8d6aa12 
Number of updated asset objects reloaded before import = 0Number of asset objects unloaded after import = 3

========================================================================
Received Import Request.
  Time since last request: 0.000036 seconds.
  path: Assets/Sprites/Environment/treeBrown_twigs.png
  importAddress: Guid(6e0f3aa572af69a4e986d1028598755e) Importer(2089858483,b0f066a214c2f5e87bad3c948f4d605d)
Start importing Assets/Sprites/Environment/treeBrown_twigs.png using Guid(6e0f3aa572af69a4e986d1028598755e) Importer(2089858483,b0f066a214c2f5e87bad3c948f4d605d) (ScriptedImporter) -> (Import Result ID: '53ddd39ebdeeef6506650ef04d72f678') in 0.0202524 seconds [static and dynamic dependencies]. Details - ImportResultOutputID=cb01d5fe0f894f39cd3f534f04dcfd88 DependenciesID=e9bbd3d7fa5e50dd5ea658b6e4a22595 StaticDependenciesID=dff75f7704743f21ef69cf3b76e0699b 
Number of updated asset objects reloaded before import = 0Number of asset objects unloaded after import = 3

========================================================================
Received Import Request.
  Time since last request: 0.000031 seconds.
  path: Assets/Sprites/Tiles/towerDefense_tile018.png
  importAddress: Guid(8df4beaf2d151804c822a1c9d7400289) Importer(2089858483,b0f066a214c2f5e87bad3c948f4d605d)
Start importing Assets/Sprites/Tiles/towerDefense_tile018.png using Guid(8df4beaf2d151804c822a1c9d7400289) Importer(2089858483,b0f066a214c2f5e87bad3c948f4d605d) (ScriptedImporter) -> (Import Result ID: '45a7a871e000b4b2f4483479b0bb06fc') in 0.0218758 seconds [static and dynamic dependencies]. Details - ImportResultOutputID=7c3cd903db1a29200368be2d5d7f83d9 DependenciesID=b1a595721a0b5c68fb3ea8c1a2b6727e StaticDependenciesID=969da45c3a5b68107bf898ee26e84fa2 
Number of updated asset objects reloaded before import = 0Number of asset objects unloaded after import = 3

========================================================================
Received Import Request.
  Time since last request: 0.000030 seconds.
  path: Assets/Sprites/explosionSmoke4.png
  importAddress: Guid(3baba3ea50ee9414fbc6999f27f2a1d0) Importer(2089858483,b0f066a214c2f5e87bad3c948f4d605d)
Start importing Assets/Sprites/explosionSmoke4.png using Guid(3baba3ea50ee9414fbc6999f27f2a1d0) Importer(2089858483,b0f066a214c2f5e87bad3c948f4d605d) (ScriptedImporter) -> (Import Result ID: 'ab5d4d7132752dbc7cdbcd7beffd4e33') in 0.0194699 seconds [static and dynamic dependencies]. Details - ImportResultOutputID=a5e4327b22fc5de10364819fd1961dec DependenciesID=1cfa71b713caf8d15c08be4e0543eebf StaticDependenciesID=aa008b6535c6acfe8fc26af02ce6996a 
Number of updated asset objects reloaded before import = 0Number of asset objects unloaded after import = 3

========================================================================
Received Import Request.
  Time since last request: 0.000018 seconds.
  path: Assets/Sprites/Tanks/tankGreen_barrel1_outline.png
  importAddress: Guid(110ac94de8f62354b9be648e946300ec) Importer(2089858483,b0f066a214c2f5e87bad3c948f4d605d)
Start importing Assets/Sprites/Tanks/tankGreen_barrel1_outline.png using Guid(110ac94de8f62354b9be648e946300ec) Importer(2089858483,b0f066a214c2f5e87bad3c948f4d605d) (ScriptedImporter) -> (Import Result ID: 'd3aa4ec085d2031b6a13d336a3e109aa') in 0.0266303 seconds [static and dynamic dependencies]. Details - ImportResultOutputID=cff303d6eb204c8eb7d65a97a311ea16 DependenciesID=504239f2dac2f2aafbc3d4000b790cba StaticDependenciesID=773ac457d1b9f83ae5b85c8615d40930 
Number of updated asset objects reloaded before import = 0Number of asset objects unloaded after import = 3

========================================================================
Received Import Request.
  Time since last request: 0.000029 seconds.
  path: Assets/Sprites/Environment/oilSpill_large.png
  importAddress: Guid(1c5da3c2574ae494cbb5fcc1998d4a73) Importer(2089858483,b0f066a214c2f5e87bad3c948f4d605d)
Start importing Assets/Sprites/Environment/oilSpill_large.png using Guid(1c5da3c2574ae494cbb5fcc1998d4a73) Importer(2089858483,b0f066a214c2f5e87bad3c948f4d605d) (ScriptedImporter) -> (Import Result ID: 'a2f9a5e91a4a6d1c723dde44399423f2') in 0.0218456 seconds [static and dynamic dependencies]. Details - ImportResultOutputID=9533336da74e2248f476fc9a3520628d DependenciesID=245beda164a843241e3a366c39477a5b StaticDependenciesID=137fac235d8e5b885798833b07e342e3 
Number of updated asset objects reloaded before import = 0Number of asset objects unloaded after import = 3

========================================================================
Received Import Request.
  Time since last request: 0.000024 seconds.
  path: Assets/Sprites/Environment/bulletBlue1.png
  importAddress: Guid(edf0b1cc872aca74e91cd5dd8d144f0d) Importer(2089858483,b0f066a214c2f5e87bad3c948f4d605d)
Start importing Assets/Sprites/Environment/bulletBlue1.png using Guid(edf0b1cc872aca74e91cd5dd8d144f0d) Importer(2089858483,b0f066a214c2f5e87bad3c948f4d605d) (ScriptedImporter) -> (Import Result ID: '7e97400ae1e0501feee85c41e4be0636') in 0.0187083 seconds [static and dynamic dependencies]. Details - ImportResultOutputID=021277f158d0bf4c15deb1ba41ad8dc8 DependenciesID=d031d84160e13ef3ce21f2234c807f64 StaticDependenciesID=b221c9ed71f1a6f32c87933223b49cd0 
Number of updated asset objects reloaded before import = 0Number of asset objects unloaded after import = 3

========================================================================
Received Import Request.
  Time since last request: 0.000039 seconds.
  path: Assets/Sprites/Tanks/tankRed_barrel2_outline.png
  importAddress: Guid(401558c00229cbb49b48b48450b38ac5) Importer(2089858483,b0f066a214c2f5e87bad3c948f4d605d)
Start importing Assets/Sprites/Tanks/tankRed_barrel2_outline.png using Guid(401558c00229cbb49b48b48450b38ac5) Importer(2089858483,b0f066a214c2f5e87bad3c948f4d605d) (ScriptedImporter) -> (Import Result ID: '70067c75b45a05f5b65f1de3ddff3bd0') in 0.0184813 seconds [static and dynamic dependencies]. Details - ImportResultOutputID=5e2f82f6c5a3754a6a1df246ec4c8344 DependenciesID=c826f95574db0c7b78a13886650ef413 StaticDependenciesID=598260ef57c0aaa2ab2ec0aeb1bd2c17 
Number of updated asset objects reloaded before import = 0Number of asset objects unloaded after import = 3

========================================================================
Received Import Request.
  Time since last request: 0.000016 seconds.
  path: Assets/Sprites/Environment/treeBrown_small.png
  importAddress: Guid(2f0aa40b076747346be53464ecca8f8d) Importer(2089858483,b0f066a214c2f5e87bad3c948f4d605d)
Start importing Assets/Sprites/Environment/treeBrown_small.png using Guid(2f0aa40b076747346be53464ecca8f8d) Importer(2089858483,b0f066a214c2f5e87bad3c948f4d605d) (ScriptedImporter) -> (Import Result ID: '9ea6e4b83b4be2a9ad01b4c441cb931a') in 0.0276209 seconds [static and dynamic dependencies]. Details - ImportResultOutputID=0801ed32fbba68295ddda50cc0080296 DependenciesID=0819a19068fa6364a9cc208613522e4b StaticDependenciesID=58d046b63ca7ce97a56403ad823941f0 
Number of updated asset objects reloaded before import = 0Number of asset objects unloaded after import = 3

========================================================================
Received Import Request.
  Time since last request: 0.000017 seconds.
  path: Assets/Sprites/Tiles/tileGrass_roadTransitionN_dirt.png
  importAddress: Guid(b3a6a15903b5cee4ab7a198fefddcc0d) Importer(2089858483,b0f066a214c2f5e87bad3c948f4d605d)
Start importing Assets/Sprites/Tiles/tileGrass_roadTransitionN_dirt.png using Guid(b3a6a15903b5cee4ab7a198fefddcc0d) Importer(2089858483,b0f066a214c2f5e87bad3c948f4d605d) (ScriptedImporter) -> (Import Result ID: 'e080e1873fe85ea79da54f2da3e425d4') in 0.0228356 seconds [static and dynamic dependencies]. Details - ImportResultOutputID=d85affbb5dbfc23c7f792400518e650c DependenciesID=bbd00e2963605eae844f73b68988b07d StaticDependenciesID=952c95c78d139f752914ee73d7a53e93 
Number of updated asset objects reloaded before import = 0Number of asset objects unloaded after import = 3

========================================================================
Received Import Request.
  Time since last request: 0.000020 seconds.
  path: Assets/Sprites/Environment/bulletDark2_outline.png
  importAddress: Guid(9d9d1311cfd5a9543990ad750a6aa7ef) Importer(2089858483,b0f066a214c2f5e87bad3c948f4d605d)
Start importing Assets/Sprites/Environment/bulletDark2_outline.png using Guid(9d9d1311cfd5a9543990ad750a6aa7ef) Importer(2089858483,b0f066a214c2f5e87bad3c948f4d605d) (ScriptedImporter) -> (Import Result ID: '9a4d64daf1ecd88acb8c4a15e9fcf216') in 0.0180302 seconds [static and dynamic dependencies]. Details - ImportResultOutputID=d83d064c3c730ae2cc9e02ca45e8e2b9 DependenciesID=2486d5e6686a01eb4b315099d8cd0747 StaticDependenciesID=30aa90bcc94382eeea550acea9b8b3cf 
Number of updated asset objects reloaded before import = 0Number of asset objects unloaded after import = 3

========================================================================
Received Import Request.
  Time since last request: 0.000027 seconds.
  path: Assets/Sprites/Tiles/tileGrass_roadCrossing.png
  importAddress: Guid(ecb3fecd32519f1448451272226db517) Importer(2089858483,b0f066a214c2f5e87bad3c948f4d605d)
Start importing Assets/Sprites/Tiles/tileGrass_roadCrossing.png using Guid(ecb3fecd32519f1448451272226db517) Importer(2089858483,b0f066a214c2f5e87bad3c948f4d605d) (ScriptedImporter) -> (Import Result ID: '28ee1db0e77ffaf4ffe50d91fb5014bb') in 0.02461 seconds [static and dynamic dependencies]. Details - ImportResultOutputID=7dea841769e3e19af72a1bc2455250ea DependenciesID=53ea3d33ed8044dd66f320cb2c02b588 StaticDependenciesID=f46dcca0dc3c36950fbf2e299000f572 
Number of updated asset objects reloaded before import = 0Number of asset objects unloaded after import = 3

========================================================================
Received Import Request.
  Time since last request: 0.000037 seconds.
  path: Assets/Sprites/Tiles/tileGrass_roadNorth.png
  importAddress: Guid(3c421b1215a28ff439f62c40c5f2a5f5) Importer(2089858483,b0f066a214c2f5e87bad3c948f4d605d)
Start importing Assets/Sprites/Tiles/tileGrass_roadNorth.png using Guid(3c421b1215a28ff439f62c40c5f2a5f5) Importer(2089858483,b0f066a214c2f5e87bad3c948f4d605d) (ScriptedImporter) -> (Import Result ID: '624d85b8cd78a02c057259485502d2f5') in 0.0164595 seconds [static and dynamic dependencies]. Details - ImportResultOutputID=16f2c0543bbdcc50df516691406daba4 DependenciesID=967b517216c176676e617380ade3b743 StaticDependenciesID=0c97641ba63329c04934212b9fcc4284 
Number of updated asset objects reloaded before import = 0Number of asset objects unloaded after import = 3

========================================================================
Received Import Request.
  Time since last request: 0.000018 seconds.
  path: Assets/Sprites/Environment/bulletRed3_outline.png
  importAddress: Guid(db55f5de4a29b2e4b875270816405507) Importer(2089858483,b0f066a214c2f5e87bad3c948f4d605d)
Start importing Assets/Sprites/Environment/bulletRed3_outline.png using Guid(db55f5de4a29b2e4b875270816405507) Importer(2089858483,b0f066a214c2f5e87bad3c948f4d605d) (ScriptedImporter) -> (Import Result ID: 'd35dcea588af861c845983e3518923d6') in 0.0264803 seconds [static and dynamic dependencies]. Details - ImportResultOutputID=a4a4e6bfe5cf044907c05467ee126b9a DependenciesID=fa8574a06038395d68c0dd0175e8f2d7 StaticDependenciesID=f55ef54780d7f5392eca4e00e74130bf 
Number of updated asset objects reloaded before import = 0Number of asset objects unloaded after import = 3

========================================================================
Received Import Request.
  Time since last request: 0.000021 seconds.
  path: Assets/Sprites/Tanks/specialBarrel2_outline.png
  importAddress: Guid(52eafb1cca63aa941b0a643c27575e72) Importer(2089858483,b0f066a214c2f5e87bad3c948f4d605d)
Start importing Assets/Sprites/Tanks/specialBarrel2_outline.png using Guid(52eafb1cca63aa941b0a643c27575e72) Importer(2089858483,b0f066a214c2f5e87bad3c948f4d605d) (ScriptedImporter) -> (Import Result ID: '4b54ab0921e67d916d678d55f96b2227') in 0.0203214 seconds [static and dynamic dependencies]. Details - ImportResultOutputID=d5346fbc1d0dc4abb7988a8a9c1cd29f DependenciesID=e5cbb27f558ea39a708ab42ee9c06794 StaticDependenciesID=64bf67e50bbeaf3f7c7172a08a1f3ec4 
Number of updated asset objects reloaded before import = 0Number of asset objects unloaded after import = 3

========================================================================
Received Import Request.
  Time since last request: 0.000022 seconds.
  path: Assets/Sprites/Tanks/tankBody_huge_outline.png
  importAddress: Guid(506b1ed3374204548981e1bef3699dbe) Importer(2089858483,b0f066a214c2f5e87bad3c948f4d605d)
Start importing Assets/Sprites/Tanks/tankBody_huge_outline.png using Guid(506b1ed3374204548981e1bef3699dbe) Importer(2089858483,b0f066a214c2f5e87bad3c948f4d605d) (ScriptedImporter) -> (Import Result ID: 'cb11d52ab239f4918036dbe2712a395b') in 0.0253994 seconds [static and dynamic dependencies]. Details - ImportResultOutputID=890aa10014a43707bac84046257d39a2 DependenciesID=8ef72bcb6f3533d902985cb5aea49a1f StaticDependenciesID=de4489ae69a6adc69d87525032474bff 
Number of updated asset objects reloaded before import = 0Number of asset objects unloaded after import = 3

========================================================================
Received Import Request.
  Time since last request: 0.000019 seconds.
  path: Assets/Sprites/explosionSmoke5.png
  importAddress: Guid(c05af5b69d14aaa4ca929fefe5a9b7ce) Importer(2089858483,b0f066a214c2f5e87bad3c948f4d605d)
Start importing Assets/Sprites/explosionSmoke5.png using Guid(c05af5b69d14aaa4ca929fefe5a9b7ce) Importer(2089858483,b0f066a214c2f5e87bad3c948f4d605d) (ScriptedImporter) -> (Import Result ID: '7faaf519c9297648d3a302d61012af1a') in 0.0216618 seconds [static and dynamic dependencies]. Details - ImportResultOutputID=c9f789efd2ce57eba1ca27987d4f3e93 DependenciesID=ce58f1961ef303e02e659b2d1ae4a0ad StaticDependenciesID=c988a6160f27194b7abc3025212c028b 
Number of updated asset objects reloaded before import = 0Number of asset objects unloaded after import = 3

========================================================================
Received Import Request.
  Time since last request: 0.000024 seconds.
  path: Assets/Sprites/Environment/barrelGreen_side.png
  importAddress: Guid(29835f60e29440046a1fa398f2fec309) Importer(2089858483,b0f066a214c2f5e87bad3c948f4d605d)
Start importing Assets/Sprites/Environment/barrelGreen_side.png using Guid(29835f60e29440046a1fa398f2fec309) Importer(2089858483,b0f066a214c2f5e87bad3c948f4d605d) (ScriptedImporter) -> (Import Result ID: '3de8801fc4c7c4962db4e29be3736427') in 0.0184817 seconds [static and dynamic dependencies]. Details - ImportResultOutputID=cba9edc9746dd12210a851c830039b21 DependenciesID=728412bc1398444e0346f9f24136951a StaticDependenciesID=40ae13bec488b78d72775bafd14eb5fd 
Number of updated asset objects reloaded before import = 0Number of asset objects unloaded after import = 3

========================================================================
Received Import Request.
  Time since last request: 0.000016 seconds.
  path: Assets/Sprites/Tanks/tankBody_blue_outline.png
  importAddress: Guid(1421226477f60444b80be8ef5a44dd30) Importer(2089858483,b0f066a214c2f5e87bad3c948f4d605d)
Start importing Assets/Sprites/Tanks/tankBody_blue_outline.png using Guid(1421226477f60444b80be8ef5a44dd30) Importer(2089858483,b0f066a214c2f5e87bad3c948f4d605d) (ScriptedImporter) -> (Import Result ID: 'a9f3ea813ececbf2b95e9a4159e748d5') in 0.0195252 seconds [static and dynamic dependencies]. Details - ImportResultOutputID=d973630de78f6b63748cefd44e18fab5 DependenciesID=06f2884b97bc0117c57a0d94b1477123 StaticDependenciesID=34d70713ae31c924f5e081e7deea2871 
Number of updated asset objects reloaded before import = 0Number of asset objects unloaded after import = 3

========================================================================
Received Import Request.
  Time since last request: 0.000019 seconds.
  path: Assets/Sprites/Tiles/tileGrass_roadTransitionE.png
  importAddress: Guid(b273f41d539689f4cb4dda5a96c8d9db) Importer(2089858483,b0f066a214c2f5e87bad3c948f4d605d)
Start importing Assets/Sprites/Tiles/tileGrass_roadTransitionE.png using Guid(b273f41d539689f4cb4dda5a96c8d9db) Importer(2089858483,b0f066a214c2f5e87bad3c948f4d605d) (ScriptedImporter) -> (Import Result ID: '35d04bfaf9df6e28bf345e362a76b96b') in 0.0185441 seconds [static and dynamic dependencies]. Details - ImportResultOutputID=a6d3fef1f8608c23f366228ea72da401 DependenciesID=4f8a7ef4bbf8b1fec5910fa8e1f9f5fa StaticDependenciesID=b6e60cf271567e148f37d006ae64ac32 
Number of updated asset objects reloaded before import = 0Number of asset objects unloaded after import = 3

========================================================================
Received Import Request.
  Time since last request: 0.000018 seconds.
  path: Assets/Sprites/explosion4.png
  importAddress: Guid(caa7b4245ba9cbf48bbf1702963760c3) Importer(2089858483,b0f066a214c2f5e87bad3c948f4d605d)
Start importing Assets/Sprites/explosion4.png using Guid(caa7b4245ba9cbf48bbf1702963760c3) Importer(2089858483,b0f066a214c2f5e87bad3c948f4d605d) (ScriptedImporter) -> (Import Result ID: '40a29ef7fe5d804561eaa5ccd7e52ea0') in 0.0242726 seconds [static and dynamic dependencies]. Details - ImportResultOutputID=ca6c37cd49519dc5089c4697427aef85 DependenciesID=5cbae525349947224bd5ec88a5e60212 StaticDependenciesID=16ee70ee7dd43cbbd80800238a5730ae 
Number of updated asset objects reloaded before import = 0Number of asset objects unloaded after import = 3

========================================================================
Received Import Request.
  Time since last request: 0.000033 seconds.
  path: Assets/Sprites/Tanks/specialBarrel7_outline.png
  importAddress: Guid(8ed46adf7d9419444bf851f655b33a82) Importer(2089858483,b0f066a214c2f5e87bad3c948f4d605d)
Start importing Assets/Sprites/Tanks/specialBarrel7_outline.png using Guid(8ed46adf7d9419444bf851f655b33a82) Importer(2089858483,b0f066a214c2f5e87bad3c948f4d605d) (ScriptedImporter) -> (Import Result ID: '7d3988985ca2372912ddd35ae8813c5b') in 0.0189946 seconds [static and dynamic dependencies]. Details - ImportResultOutputID=4d75045380a1706d7fee8c3b099ba4b8 DependenciesID=fdb8ffcc80ed08f5541d6d597c1be7c2 StaticDependenciesID=1336e5fefa2e6784ebea780696ec3d11 
Number of updated asset objects reloaded before import = 0Number of asset objects unloaded after import = 3

========================================================================
Received Import Request.
  Time since last request: 0.000032 seconds.
  path: Assets/Sprites/Environment/sandbagBrown.png
  importAddress: Guid(af9587a633217e4488b55deb6237c649) Importer(2089858483,b0f066a214c2f5e87bad3c948f4d605d)
Start importing Assets/Sprites/Environment/sandbagBrown.png using Guid(af9587a633217e4488b55deb6237c649) Importer(2089858483,b0f066a214c2f5e87bad3c948f4d605d) (ScriptedImporter) -> (Import Result ID: '13cf16f4212e06dd69fe3fa763f3fa54') in 0.0171643 seconds [static and dynamic dependencies]. Details - ImportResultOutputID=50c83a321aff21afa319c60198665724 DependenciesID=351786f1e1bb39a646276aff999e7402 StaticDependenciesID=ebdad00387d88501130693a333ee9689 
Number of updated asset objects reloaded before import = 0Number of asset objects unloaded after import = 3

========================================================================
Received Import Request.
  Time since last request: 0.000020 seconds.
  path: Assets/Sprites/Environment/sandbagBeige_open.png
  importAddress: Guid(03af042c646a17d45b4d4a5c29808ca4) Importer(2089858483,b0f066a214c2f5e87bad3c948f4d605d)
Start importing Assets/Sprites/Environment/sandbagBeige_open.png using Guid(03af042c646a17d45b4d4a5c29808ca4) Importer(2089858483,b0f066a214c2f5e87bad3c948f4d605d) (ScriptedImporter) -> (Import Result ID: '6b42f4115a06a7b8edee99e2e6a71d3c') in 0.0354535 seconds [static and dynamic dependencies]. Details - ImportResultOutputID=e31511093a6c5bbd1c52e3172fb0cec1 DependenciesID=2352693d8ace4aacb5c50c044567a770 StaticDependenciesID=c2b4422abc8514240f66c52633bfff91 
Number of updated asset objects reloaded before import = 0Number of asset objects unloaded after import = 3

========================================================================
Received Import Request.
  Time since last request: 0.000018 seconds.
  path: Assets/Sprites/Tiles/tileSand_roadCornerUL.png
  importAddress: Guid(f4970fdc584248949a7a5cbb47377470) Importer(2089858483,b0f066a214c2f5e87bad3c948f4d605d)
Start importing Assets/Sprites/Tiles/tileSand_roadCornerUL.png using Guid(f4970fdc584248949a7a5cbb47377470) Importer(2089858483,b0f066a214c2f5e87bad3c948f4d605d) (ScriptedImporter) -> (Import Result ID: 'e0c599246dc8b8260e09582c1ce11e95') in 0.0225194 seconds [static and dynamic dependencies]. Details - ImportResultOutputID=0326370fb716143bee1c345436dca884 DependenciesID=274aba53c8df43d4ef8f9b80d9ff4902 StaticDependenciesID=d7c345336d499d5ab7a4fecc5954ea57 
Number of updated asset objects reloaded before import = 0Number of asset objects unloaded after import = 3

========================================================================
Received Import Request.
  Time since last request: 0.000022 seconds.
  path: Assets/Sprites/Tiles/towerDefense_tile017.png
  importAddress: Guid(63f67432b28374d4f917b4a1da99895f) Importer(2089858483,b0f066a214c2f5e87bad3c948f4d605d)
Start importing Assets/Sprites/Tiles/towerDefense_tile017.png using Guid(63f67432b28374d4f917b4a1da99895f) Importer(2089858483,b0f066a214c2f5e87bad3c948f4d605d) (ScriptedImporter) -> (Import Result ID: '1cce6172bb9af412888feb6568388549') in 0.0216162 seconds [static and dynamic dependencies]. Details - ImportResultOutputID=fc03ed0f232a5a3a1740c1cf2027c846 DependenciesID=4807d6b71022fc056ee6478f1f4a53de StaticDependenciesID=99388eaf8c42b811374721e544a6cc06 
Number of updated asset objects reloaded before import = 0Number of asset objects unloaded after import = 3

========================================================================
Received Import Request.
  Time since last request: 0.000040 seconds.
  path: Assets/Sprites/Environment/treeBrown_leaf.png
  importAddress: Guid(b82cfb53a2bb3eb469d8a326a2392e4f) Importer(2089858483,b0f066a214c2f5e87bad3c948f4d605d)
Start importing Assets/Sprites/Environment/treeBrown_leaf.png using Guid(b82cfb53a2bb3eb469d8a326a2392e4f) Importer(2089858483,b0f066a214c2f5e87bad3c948f4d605d) (ScriptedImporter) -> (Import Result ID: 'abb18195175ea47b3e327e7d9853f913') in 0.0181244 seconds [static and dynamic dependencies]. Details - ImportResultOutputID=133690ac1bf2c62404fbaab6a4436daf DependenciesID=a6649bd667bf2a7a0a8b035a2fc4bd90 StaticDependenciesID=3f236d24cdd132112c023a93951191c2 
Number of updated asset objects reloaded before import = 0Number of asset objects unloaded after import = 3

========================================================================
Received Import Request.
  Time since last request: 0.000020 seconds.
  path: Assets/Sprites/Tanks/tankBody_green_outline.png
  importAddress: Guid(c223ae9a533364e48be1eccbd653ae9f) Importer(2089858483,b0f066a214c2f5e87bad3c948f4d605d)
Start importing Assets/Sprites/Tanks/tankBody_green_outline.png using Guid(c223ae9a533364e48be1eccbd653ae9f) Importer(2089858483,b0f066a214c2f5e87bad3c948f4d605d) (ScriptedImporter) -> (Import Result ID: 'fb0b9e3d1f84f7dc3b975867384ecc18') in 0.0190064 seconds [static and dynamic dependencies]. Details - ImportResultOutputID=e3188f3405d9f404aa936afbb2c2e3bf DependenciesID=a3f66b3a5fa46d67391ab9554279010a StaticDependenciesID=ba39d5bd0c1cea483a9c78bb7603ba81 
Number of updated asset objects reloaded before import = 0Number of asset objects unloaded after import = 3

========================================================================
Received Import Request.
  Time since last request: 0.000031 seconds.
  path: Assets/Sprites/Tiles/tileGrass_roadSplitE.png
  importAddress: Guid(5db7334cf2555c0429b858c7e10ad043) Importer(2089858483,b0f066a214c2f5e87bad3c948f4d605d)
Start importing Assets/Sprites/Tiles/tileGrass_roadSplitE.png using Guid(5db7334cf2555c0429b858c7e10ad043) Importer(2089858483,b0f066a214c2f5e87bad3c948f4d605d) (ScriptedImporter) -> (Import Result ID: '11a5208e7b43a37a1699ab37bb0e3dcb') in 0.0232999 seconds [static and dynamic dependencies]. Details - ImportResultOutputID=952361a1f7ed9ba7a4331045526b6b62 DependenciesID=4bd866a96baf3a643c58205b882ea0da StaticDependenciesID=27ec4a070d2b8783bcb5b15d66ca95ee 
Number of updated asset objects reloaded before import = 0Number of asset objects unloaded after import = 3

========================================================================
Received Import Request.
  Time since last request: 0.000034 seconds.
  path: Assets/Sprites/Tiles/tileSand_roadCornerLR.png
  importAddress: Guid(380cf5e4a94e8994ca5a996d8b3b9806) Importer(2089858483,b0f066a214c2f5e87bad3c948f4d605d)
Start importing Assets/Sprites/Tiles/tileSand_roadCornerLR.png using Guid(380cf5e4a94e8994ca5a996d8b3b9806) Importer(2089858483,b0f066a214c2f5e87bad3c948f4d605d) (ScriptedImporter) -> (Import Result ID: 'cd053c544dd350299981af01f51211c6') in 0.023947 seconds [static and dynamic dependencies]. Details - ImportResultOutputID=8c17107b8210c772f585058aa1c582b3 DependenciesID=a544af1c12fb4ce9823b485162382632 StaticDependenciesID=74b6162fea660ecd94edb792dc458e0e 
Number of updated asset objects reloaded before import = 0Number of asset objects unloaded after import = 3

========================================================================
Received Import Request.
  Time since last request: 0.000022 seconds.
  path: Assets/Sprites/Tiles/tileSand_roadEast.png
  importAddress: Guid(46bf12ff6dc754f46b6a13ede28da71d) Importer(2089858483,b0f066a214c2f5e87bad3c948f4d605d)
Start importing Assets/Sprites/Tiles/tileSand_roadEast.png using Guid(46bf12ff6dc754f46b6a13ede28da71d) Importer(2089858483,b0f066a214c2f5e87bad3c948f4d605d) (ScriptedImporter) -> (Import Result ID: 'b264ff7fd674a0aee8d0ed89ced10587') in 0.0217611 seconds [static and dynamic dependencies]. Details - ImportResultOutputID=7014cfac01a9ede3f837470c9435cb14 DependenciesID=cbabdab69f9521c5ddb11ee37b9366d7 StaticDependenciesID=35b741acef108f7a003904f5c37d4670 
Number of updated asset objects reloaded before import = 0Number of asset objects unloaded after import = 3

========================================================================
Received Import Request.
  Time since last request: 0.000037 seconds.
  path: Assets/Sprites/Environment/wireStraight.png
  importAddress: Guid(c37247c6eb25f9a47b818e935580be16) Importer(2089858483,b0f066a214c2f5e87bad3c948f4d605d)
Start importing Assets/Sprites/Environment/wireStraight.png using Guid(c37247c6eb25f9a47b818e935580be16) Importer(2089858483,b0f066a214c2f5e87bad3c948f4d605d) (ScriptedImporter) -> (Import Result ID: 'a53ef6daba2e745dc7f5663b4bc577db') in 0.0218423 seconds [static and dynamic dependencies]. Details - ImportResultOutputID=57ba0b43ebe77b4cce2d8299ca3c7885 DependenciesID=eb6cdba0a527d57200df45894b3503e2 StaticDependenciesID=80d26ad5f42180cfd227a8e7993331ca 
Number of updated asset objects reloaded before import = 0Number of asset objects unloaded after import = 3

========================================================================
Received Import Request.
  Time since last request: 0.000021 seconds.
  path: Assets/Sprites/Tiles/tileGrass_roadSplitS.png
  importAddress: Guid(7df134c1bba73a340ae77eab9abed271) Importer(2089858483,b0f066a214c2f5e87bad3c948f4d605d)
Start importing Assets/Sprites/Tiles/tileGrass_roadSplitS.png using Guid(7df134c1bba73a340ae77eab9abed271) Importer(2089858483,b0f066a214c2f5e87bad3c948f4d605d) (ScriptedImporter) -> (Import Result ID: '56fae3259ded487d420f1e6abe750b21') in 0.0168973 seconds [static and dynamic dependencies]. Details - ImportResultOutputID=6395ff22a15f6b9d065dfff87d5867d9 DependenciesID=3700f55f317aa2476fe12db55cefeae7 StaticDependenciesID=f0aa0303ce4fd1de25b551d0ea31b564 
Number of updated asset objects reloaded before import = 0Number of asset objects unloaded after import = 3

========================================================================
Received Import Request.
  Time since last request: 0.000026 seconds.
  path: Assets/Sprites/explosionSmoke1.png
  importAddress: Guid(25b05fe6b95012848806842523dcc557) Importer(2089858483,b0f066a214c2f5e87bad3c948f4d605d)
Start importing Assets/Sprites/explosionSmoke1.png using Guid(25b05fe6b95012848806842523dcc557) Importer(2089858483,b0f066a214c2f5e87bad3c948f4d605d) (ScriptedImporter) -> (Import Result ID: '5200376145c567be80a05ce283070c99') in 0.018338 seconds [static and dynamic dependencies]. Details - ImportResultOutputID=4220470e5e5ee2fcefe172774b8f1239 DependenciesID=6aa3cef6e0ca196248b84728e5d84b42 StaticDependenciesID=209bc3927b5625c933529389fc6f82b9 
Number of updated asset objects reloaded before import = 0Number of asset objects unloaded after import = 3

========================================================================
Received Import Request.
  Time since last request: 0.000019 seconds.
  path: Assets/Sprites/Environment/oilSpill_small.png
  importAddress: Guid(9528553f513ce2f45bb4ec6b73a7e4f3) Importer(2089858483,b0f066a214c2f5e87bad3c948f4d605d)
Start importing Assets/Sprites/Environment/oilSpill_small.png using Guid(9528553f513ce2f45bb4ec6b73a7e4f3) Importer(2089858483,b0f066a214c2f5e87bad3c948f4d605d) (ScriptedImporter) -> (Import Result ID: 'f6426b966c8a1d142111e92cffe68508') in 0.0217588 seconds [static and dynamic dependencies]. Details - ImportResultOutputID=a41a11c3f5264cdc1fea5d40e6613b98 DependenciesID=0635254735fce62a8730878845152189 StaticDependenciesID=01b7e05cdd3878e5819be8669a1203dd 
Number of updated asset objects reloaded before import = 0Number of asset objects unloaded after import = 3

========================================================================
Received Import Request.
  Time since last request: 2.581511 seconds.
  path: Assets/Sprites/explosion2.png
  importAddress: Guid(0ca1c416015f6b945b51c9bd5477d0c0) Importer(815301076,1909f56bfc062723c751e8b465ee728b)
Start importing Assets/Sprites/explosion2.png using Guid(0ca1c416015f6b945b51c9bd5477d0c0) Importer(815301076,1909f56bfc062723c751e8b465ee728b) (PreviewImporter) -> (Import Result ID: '363a6ba0d6092227706e2b1f6e8a42d1') in 0.1582455 seconds [static and dynamic dependencies]. Details - ImportResultOutputID=1c878f2b7bc134652112c93afe311245 DependenciesID=67fc2f46f2db1b473a2fd44be8887118 StaticDependenciesID=4649b51c14fbca332f5e63741ea892d5 
Number of updated asset objects reloaded before import = 0Number of asset objects unloaded after import = 3

========================================================================
Received Import Request.
  Time since last request: 0.000036 seconds.
  path: Assets/Sprites/explosion3.png
  importAddress: Guid(297a8d7681e8d004f86255ade3564bac) Importer(815301076,1909f56bfc062723c751e8b465ee728b)
Start importing Assets/Sprites/explosion3.png using Guid(297a8d7681e8d004f86255ade3564bac) Importer(815301076,1909f56bfc062723c751e8b465ee728b) (PreviewImporter) -> (Import Result ID: '2dc0972a04540808c580a6f9d0fa4c86') in 0.021575 seconds [static and dynamic dependencies]. Details - ImportResultOutputID=88172643a69eec9e844ff307664fafc2 DependenciesID=556ee6d5f756acd9d99c3df90bec16ee StaticDependenciesID=4bd3ae1f0c25e29d3bf90d32b21fa969 
Number of updated asset objects reloaded before import = 0Number of asset objects unloaded after import = 3

========================================================================
Received Import Request.
  Time since last request: 0.000038 seconds.
  path: Assets/Sprites/explosionSmoke4.png
  importAddress: Guid(3baba3ea50ee9414fbc6999f27f2a1d0) Importer(815301076,1909f56bfc062723c751e8b465ee728b)
Start importing Assets/Sprites/explosionSmoke4.png using Guid(3baba3ea50ee9414fbc6999f27f2a1d0) Importer(815301076,1909f56bfc062723c751e8b465ee728b) (PreviewImporter) -> (Import Result ID: 'fa62442665e0829e7bf4894f3e945867') in 0.0208612 seconds [static and dynamic dependencies]. Details - ImportResultOutputID=3f3f778f15b42111a71dd24b63935e7c DependenciesID=8a3aaaca8111f13749d1bd782f698957 StaticDependenciesID=1a518984a6b4d95aca0e81b5e38e372b 
Number of updated asset objects reloaded before import = 0Number of asset objects unloaded after import = 3

========================================================================
Received Import Request.
  Time since last request: 0.000022 seconds.
  path: Assets/Sprites/explosion5.png
  importAddress: Guid(7e9a25c516f94b64ab5c499630370cd9) Importer(815301076,1909f56bfc062723c751e8b465ee728b)
Start importing Assets/Sprites/explosion5.png using Guid(7e9a25c516f94b64ab5c499630370cd9) Importer(815301076,1909f56bfc062723c751e8b465ee728b) (PreviewImporter) -> (Import Result ID: '5a65d1c4eadbd16e69c1cc5f98ef7f0f') in 0.02002 seconds [static and dynamic dependencies]. Details - ImportResultOutputID=8e8d0b23ecfe11c988e7c5e245deb6bf DependenciesID=2a4c717285ba37e890c51b89d37956d5 StaticDependenciesID=ee8e8a7c6e8d4aa7d5acb88e777f1bd5 
Number of updated asset objects reloaded before import = 0Number of asset objects unloaded after import = 3

========================================================================
Received Import Request.
  Time since last request: 0.000018 seconds.
  path: Assets/Sprites/explosionSmoke1.png
  importAddress: Guid(25b05fe6b95012848806842523dcc557) Importer(815301076,1909f56bfc062723c751e8b465ee728b)
Start importing Assets/Sprites/explosionSmoke1.png using Guid(25b05fe6b95012848806842523dcc557) Importer(815301076,1909f56bfc062723c751e8b465ee728b) (PreviewImporter) -> (Import Result ID: '868796841b83e597e92f39e1a577a47f') in 0.0190722 seconds [static and dynamic dependencies]. Details - ImportResultOutputID=08b41419348202432e872ca13dcb6d0a DependenciesID=7161c673c12999f6dd6250b6886d346d StaticDependenciesID=dff76a5f75e7534eb1b1e93b82363387 
Number of updated asset objects reloaded before import = 0Number of asset objects unloaded after import = 3

========================================================================
Received Import Request.
  Time since last request: 11.596838 seconds.
  path: Assets/Sprites/Tiles/tileGrass2.png
  importAddress: Guid(c91a06c2a3860fa4a9ddd1705e36fa18) Importer(815301076,1909f56bfc062723c751e8b465ee728b)
Start importing Assets/Sprites/Tiles/tileGrass2.png using Guid(c91a06c2a3860fa4a9ddd1705e36fa18) Importer(815301076,1909f56bfc062723c751e8b465ee728b) (PreviewImporter) -> (Import Result ID: 'a4fd530fa99cff52cdb4735dce1feef6') in 0.0208254 seconds [static and dynamic dependencies]. Details - ImportResultOutputID=f8d786606d96acff8c70285882152f02 DependenciesID=94472b2704a3bf30433270bd6f6eaca4 StaticDependenciesID=20954d2057098f8158a50a6426fad963 
Number of updated asset objects reloaded before import = 0Number of asset objects unloaded after import = 3

========================================================================
Received Import Request.
  Time since last request: 0.000016 seconds.
  path: Assets/Sprites/Tiles/tileGrass_roadSplitE.png
  importAddress: Guid(5db7334cf2555c0429b858c7e10ad043) Importer(815301076,1909f56bfc062723c751e8b465ee728b)
Start importing Assets/Sprites/Tiles/tileGrass_roadSplitE.png using Guid(5db7334cf2555c0429b858c7e10ad043) Importer(815301076,1909f56bfc062723c751e8b465ee728b) (PreviewImporter) -> (Import Result ID: '4c98ec2dffa51c1e19801b24fa6a9a42') in 0.017847 seconds [static and dynamic dependencies]. Details - ImportResultOutputID=81518cd8d3345033f93271f8ab654254 DependenciesID=0d93c3dd000cd808790dbbb1f2b8791f StaticDependenciesID=17e12eeb15c473a147bc546e6b9e5e62 
Number of updated asset objects reloaded before import = 0Number of asset objects unloaded after import = 3

========================================================================
Received Import Request.
  Time since last request: 0.000031 seconds.
  path: Assets/Sprites/Tiles/tileGrass_roadCrossing.png
  importAddress: Guid(ecb3fecd32519f1448451272226db517) Importer(815301076,1909f56bfc062723c751e8b465ee728b)
Start importing Assets/Sprites/Tiles/tileGrass_roadCrossing.png using Guid(ecb3fecd32519f1448451272226db517) Importer(815301076,1909f56bfc062723c751e8b465ee728b) (PreviewImporter) -> (Import Result ID: 'f82cb78b714a15fdd585dd55bc9c5d5e') in 0.0182237 seconds [static and dynamic dependencies]. Details - ImportResultOutputID=64b02d5bc0ca0033672b68ace2ae4fd0 DependenciesID=983e56480ec092b155daf0721af79f83 StaticDependenciesID=d22b09f2b0f2cf2ff19417b92b439d2f 
Number of updated asset objects reloaded before import = 0Number of asset objects unloaded after import = 3

========================================================================
Received Import Request.
  Time since last request: 0.000019 seconds.
  path: Assets/Sprites/Tiles/tileGrass_roadTransitionW.png
  importAddress: Guid(b7c4bf520509f50488e7ca4513b2c341) Importer(815301076,1909f56bfc062723c751e8b465ee728b)
Start importing Assets/Sprites/Tiles/tileGrass_roadTransitionW.png using Guid(b7c4bf520509f50488e7ca4513b2c341) Importer(815301076,1909f56bfc062723c751e8b465ee728b) (PreviewImporter) -> (Import Result ID: '7939553c881596f29d2a569e77841105') in 0.0159972 seconds [static and dynamic dependencies]. Details - ImportResultOutputID=107e20fbde38ffaf831d236ddb1608a5 DependenciesID=ef7a449f89899acf9ef21ade68790f53 StaticDependenciesID=fcf2387cc51b06f5fcee65e1785111d0 
Number of updated asset objects reloaded before import = 0Number of asset objects unloaded after import = 3

========================================================================
Received Import Request.
  Time since last request: 0.000017 seconds.
  path: Assets/Sprites/Tiles/tileGrass_transitionS.png
  importAddress: Guid(b4f7b2676e3c3084abb507a937ffd378) Importer(815301076,1909f56bfc062723c751e8b465ee728b)
Start importing Assets/Sprites/Tiles/tileGrass_transitionS.png using Guid(b4f7b2676e3c3084abb507a937ffd378) Importer(815301076,1909f56bfc062723c751e8b465ee728b) (PreviewImporter) -> (Import Result ID: 'f478135ab0c3a0760b0d79cf7b7f15c3') in 0.0204813 seconds [static and dynamic dependencies]. Details - ImportResultOutputID=5ae25bbf060e5eafca080951ed80f73e DependenciesID=f03456fd4783dc8ae11d4b4e0268b7c8 StaticDependenciesID=5668ec75f3bbe0a269505bd83799caee 
Number of updated asset objects reloaded before import = 0Number of asset objects unloaded after import = 3

========================================================================
Received Import Request.
  Time since last request: 0.000016 seconds.
  path: Assets/Sprites/Tiles/tileGrass_roadCornerUR.png
  importAddress: Guid(2bf60ad39c5efc04fb619daa088df346) Importer(815301076,1909f56bfc062723c751e8b465ee728b)
Start importing Assets/Sprites/Tiles/tileGrass_roadCornerUR.png using Guid(2bf60ad39c5efc04fb619daa088df346) Importer(815301076,1909f56bfc062723c751e8b465ee728b) (PreviewImporter) -> (Import Result ID: 'e9d7404c28ecd2b256673555b4c49f79') in 0.0181816 seconds [static and dynamic dependencies]. Details - ImportResultOutputID=cdf06ec5eefde011cfedf091e5d635a4 DependenciesID=5e3e2c756cdc19c66c8c1dff46099635 StaticDependenciesID=4abbc5353db6298af24b8a110dae1597 
Number of updated asset objects reloaded before import = 0Number of asset objects unloaded after import = 3

========================================================================
Received Import Request.
  Time since last request: 0.000021 seconds.
  path: Assets/Sprites/Tiles/tileGrass_roadSplitS.png
  importAddress: Guid(7df134c1bba73a340ae77eab9abed271) Importer(815301076,1909f56bfc062723c751e8b465ee728b)
Start importing Assets/Sprites/Tiles/tileGrass_roadSplitS.png using Guid(7df134c1bba73a340ae77eab9abed271) Importer(815301076,1909f56bfc062723c751e8b465ee728b) (PreviewImporter) -> (Import Result ID: 'c4ec5d99b532ac317d896544914a2bf8') in 0.0182244 seconds [static and dynamic dependencies]. Details - ImportResultOutputID=120f8a50152b0b3c67a11e1c83a2d9fd DependenciesID=d34807099ada4e34dff50a75466cf649 StaticDependenciesID=f11410ae906c016005964620da99ab0b 
Number of updated asset objects reloaded before import = 0Number of asset objects unloaded after import = 3

========================================================================
Received Import Request.
  Time since last request: 0.000044 seconds.
  path: Assets/Sprites/Tiles/tileSand_roadCornerUL.png
  importAddress: Guid(f4970fdc584248949a7a5cbb47377470) Importer(815301076,1909f56bfc062723c751e8b465ee728b)
Start importing Assets/Sprites/Tiles/tileSand_roadCornerUL.png using Guid(f4970fdc584248949a7a5cbb47377470) Importer(815301076,1909f56bfc062723c751e8b465ee728b) (PreviewImporter) -> (Import Result ID: 'b922367ba9b7b8139be77f3245492436') in 0.0174061 seconds [static and dynamic dependencies]. Details - ImportResultOutputID=4ed3458a9a8bd5b52347b08f91b69837 DependenciesID=4e3c290124382e3d6e95dda739e6cbea StaticDependenciesID=7dacce9e5079b821a7b125162cc39be7 
Number of updated asset objects reloaded before import = 0Number of asset objects unloaded after import = 3

========================================================================
Received Import Request.
  Time since last request: 0.000018 seconds.
  path: Assets/Sprites/Tiles/tileGrass_roadTransitionN_dirt.png
  importAddress: Guid(b3a6a15903b5cee4ab7a198fefddcc0d) Importer(815301076,1909f56bfc062723c751e8b465ee728b)
Start importing Assets/Sprites/Tiles/tileGrass_roadTransitionN_dirt.png using Guid(b3a6a15903b5cee4ab7a198fefddcc0d) Importer(815301076,1909f56bfc062723c751e8b465ee728b) (PreviewImporter) -> (Import Result ID: 'e880711b854e2c3c556a6c85ec7e39f1') in 0.0175229 seconds [static and dynamic dependencies]. Details - ImportResultOutputID=d227186e1a9ca3250d7790366a9b8971 DependenciesID=83ba6704f9de7ddb6820c6e454193b22 StaticDependenciesID=cb76b58390d5468ae1b84857ab589014 
Number of updated asset objects reloaded before import = 0Number of asset objects unloaded after import = 3

========================================================================
Received Import Request.
  Time since last request: 0.000025 seconds.
  path: Assets/Sprites/Tiles/tileSand_roadCornerLR.png
  importAddress: Guid(380cf5e4a94e8994ca5a996d8b3b9806) Importer(815301076,1909f56bfc062723c751e8b465ee728b)
Start importing Assets/Sprites/Tiles/tileSand_roadCornerLR.png using Guid(380cf5e4a94e8994ca5a996d8b3b9806) Importer(815301076,1909f56bfc062723c751e8b465ee728b) (PreviewImporter) -> (Import Result ID: '7cba6a543a6f04baa119c54def8b0e9d') in 0.0205278 seconds [static and dynamic dependencies]. Details - ImportResultOutputID=331c759820b8261cae5331a6854bc3d0 DependenciesID=5c81bf3dfe956328f899d58a263f43c0 StaticDependenciesID=5f358779bca8be8508511b6df9cbfb7a 
Number of updated asset objects reloaded before import = 0Number of asset objects unloaded after import = 3

========================================================================
Received Import Request.
  Time since last request: 0.000019 seconds.
  path: Assets/Sprites/Tiles/tileGrass_roadTransitionE_dirt.png
  importAddress: Guid(00551ad9088983f45b8eafe3e8f9d2f7) Importer(815301076,1909f56bfc062723c751e8b465ee728b)
Start importing Assets/Sprites/Tiles/tileGrass_roadTransitionE_dirt.png using Guid(00551ad9088983f45b8eafe3e8f9d2f7) Importer(815301076,1909f56bfc062723c751e8b465ee728b) (PreviewImporter) -> (Import Result ID: '3c43aa83f68ad1f79b311852ffe72e69') in 0.0187017 seconds [static and dynamic dependencies]. Details - ImportResultOutputID=f78f6c370c465d5f91f0f1b0fa0a6399 DependenciesID=4d276fc9c95095368aea74faf9c6317a StaticDependenciesID=ab98c8043e94efd350b11c51474eef8d 
Number of updated asset objects reloaded before import = 0Number of asset objects unloaded after import = 3

========================================================================
Received Import Request.
  Time since last request: 0.000021 seconds.
  path: Assets/Sprites/Tiles/tileSand_roadCrossingRound.png
  importAddress: Guid(0622a6ea160fa0944a60d817069b86d5) Importer(815301076,1909f56bfc062723c751e8b465ee728b)
Start importing Assets/Sprites/Tiles/tileSand_roadCrossingRound.png using Guid(0622a6ea160fa0944a60d817069b86d5) Importer(815301076,1909f56bfc062723c751e8b465ee728b) (PreviewImporter) -> (Import Result ID: 'd385dfa462c55b55923feda3dd230b00') in 0.0195129 seconds [static and dynamic dependencies]. Details - ImportResultOutputID=19c8d5ac94dba1ab69d87021647f146c DependenciesID=57e776e8fad23fd6a3dc345f4edc31e9 StaticDependenciesID=b8cd66208e9cc2e76c380b96c4fb8930 
Number of updated asset objects reloaded before import = 0Number of asset objects unloaded after import = 3

========================================================================
Received Import Request.
  Time since last request: 0.000036 seconds.
  path: Assets/Sprites/Tiles/tileGrass_roadCornerUL.png
  importAddress: Guid(4faa0e66d5bb2b44096b91d6be5a587f) Importer(815301076,1909f56bfc062723c751e8b465ee728b)
Start importing Assets/Sprites/Tiles/tileGrass_roadCornerUL.png using Guid(4faa0e66d5bb2b44096b91d6be5a587f) Importer(815301076,1909f56bfc062723c751e8b465ee728b) (PreviewImporter) -> (Import Result ID: '83b4c4acb7a8ec375abf9e3b798906c5') in 0.0190741 seconds [static and dynamic dependencies]. Details - ImportResultOutputID=94728317017ce59f3217f38a2048330c DependenciesID=cd1866a7c0e8891b0ef299e9cec4ab8c StaticDependenciesID=b4fa1edf895d0fea1f89d6475c903eed 
Number of updated asset objects reloaded before import = 0Number of asset objects unloaded after import = 3

========================================================================
Received Import Request.
  Time since last request: 0.000023 seconds.
  path: Assets/Sprites/Tiles/towerDefense_tile018.png
  importAddress: Guid(8df4beaf2d151804c822a1c9d7400289) Importer(815301076,1909f56bfc062723c751e8b465ee728b)
Start importing Assets/Sprites/Tiles/towerDefense_tile018.png using Guid(8df4beaf2d151804c822a1c9d7400289) Importer(815301076,1909f56bfc062723c751e8b465ee728b) (PreviewImporter) -> (Import Result ID: '826bc832f5db4eef9df5ed3efa40d82a') in 0.0178339 seconds [static and dynamic dependencies]. Details - ImportResultOutputID=88de76fef7ff0108f02649a053537e98 DependenciesID=5cdfd0b0bf331a233444de3c9b84c9fe StaticDependenciesID=5a864b01f452e4338a97633a82363160 
Number of updated asset objects reloaded before import = 0Number of asset objects unloaded after import = 3

========================================================================
Received Import Request.
  Time since last request: 0.000023 seconds.
  path: Assets/Sprites/Tiles/tileGrass_roadEast.png
  importAddress: Guid(de290dc4e3301ba45bbc093cdce88aa1) Importer(815301076,1909f56bfc062723c751e8b465ee728b)
Start importing Assets/Sprites/Tiles/tileGrass_roadEast.png using Guid(de290dc4e3301ba45bbc093cdce88aa1) Importer(815301076,1909f56bfc062723c751e8b465ee728b) (PreviewImporter) -> (Import Result ID: '6c224434fe2b84664a631aea3eb3e995') in 0.0183085 seconds [static and dynamic dependencies]. Details - ImportResultOutputID=7ecd8ac9f1bcedb3229e50cebba4f2e0 DependenciesID=01335ff8105c0c2abb4ff0c982221365 StaticDependenciesID=2f3ae0724bd558a7bc2bf15bb0b3888d 
Number of updated asset objects reloaded before import = 0Number of asset objects unloaded after import = 3

========================================================================
Received Import Request.
  Time since last request: 0.000018 seconds.
  path: Assets/Sprites/Tiles/tileGrass_roadCornerLL.png
  importAddress: Guid(21bc999967f337d488413ac301fe4f56) Importer(815301076,1909f56bfc062723c751e8b465ee728b)
Start importing Assets/Sprites/Tiles/tileGrass_roadCornerLL.png using Guid(21bc999967f337d488413ac301fe4f56) Importer(815301076,1909f56bfc062723c751e8b465ee728b) (PreviewImporter) -> (Import Result ID: 'cffc537468f87b4096529b88ad58d3c6') in 0.022649 seconds [static and dynamic dependencies]. Details - ImportResultOutputID=31c9f0f8d33c59bd3f2d4ecc11abcc87 DependenciesID=1afe04b803314971b99e5da6c8007bf4 StaticDependenciesID=eca3a1918a5e4b7abacb40b900b63f37 
Number of updated asset objects reloaded before import = 0Number of asset objects unloaded after import = 3

========================================================================
Received Import Request.
  Time since last request: 0.000021 seconds.
  path: Assets/Sprites/Tiles/tileSand1.png
  importAddress: Guid(69386e21109bd424496b1045251f7fac) Importer(815301076,1909f56bfc062723c751e8b465ee728b)
Start importing Assets/Sprites/Tiles/tileSand1.png using Guid(69386e21109bd424496b1045251f7fac) Importer(815301076,1909f56bfc062723c751e8b465ee728b) (PreviewImporter) -> (Import Result ID: '7186853391ae91c4134f9e820d42349e') in 0.0175849 seconds [static and dynamic dependencies]. Details - ImportResultOutputID=7dbe5b06fd912e02255fca4e24efd378 DependenciesID=7cd2d6007310419042bc29f11f13cf82 StaticDependenciesID=33213fa3b4110fb102f3f3d190d47a24 
Number of updated asset objects reloaded before import = 0Number of asset objects unloaded after import = 3

========================================================================
Received Import Request.
  Time since last request: 0.000042 seconds.
  path: Assets/Sprites/Tiles/tileGrass_roadTransitionN.png
  importAddress: Guid(ea92dd1bad62868459e646a484841524) Importer(815301076,1909f56bfc062723c751e8b465ee728b)
Start importing Assets/Sprites/Tiles/tileGrass_roadTransitionN.png using Guid(ea92dd1bad62868459e646a484841524) Importer(815301076,1909f56bfc062723c751e8b465ee728b) (PreviewImporter) -> (Import Result ID: 'ade564a897dc44a1bc6fd45f294aa934') in 0.0214051 seconds [static and dynamic dependencies]. Details - ImportResultOutputID=20a5e800d1be2a3f6f4918e81b8ae7f8 DependenciesID=afba93e5945e153cd1906f1d85f95ee2 StaticDependenciesID=1b1bb15fb6705d63faf6031d380092a4 
Number of updated asset objects reloaded before import = 0Number of asset objects unloaded after import = 3

========================================================================
Received Import Request.
  Time since last request: 0.000023 seconds.
  path: Assets/Sprites/Tiles/towerDefense_tile016.png
  importAddress: Guid(d0b0f5211700d4048b02937fb264821e) Importer(815301076,1909f56bfc062723c751e8b465ee728b)
Start importing Assets/Sprites/Tiles/towerDefense_tile016.png using Guid(d0b0f5211700d4048b02937fb264821e) Importer(815301076,1909f56bfc062723c751e8b465ee728b) (PreviewImporter) -> (Import Result ID: '641ca4d3ada7c9a62c451eff8e33eba5') in 0.0200719 seconds [static and dynamic dependencies]. Details - ImportResultOutputID=7839b515a2c26ae0165982cad44a608c DependenciesID=b30140dbf33e5f4d832bc616f0a94627 StaticDependenciesID=f27214d1a01f914b8857b292255a9361 
Number of updated asset objects reloaded before import = 0Number of asset objects unloaded after import = 3

========================================================================
Received Import Request.
  Time since last request: 0.000016 seconds.
  path: Assets/Sprites/Tiles/tileSand_roadCrossing.png
  importAddress: Guid(e9ffe222e9a80a84bb0fad99851b18b2) Importer(815301076,1909f56bfc062723c751e8b465ee728b)
Start importing Assets/Sprites/Tiles/tileSand_roadCrossing.png using Guid(e9ffe222e9a80a84bb0fad99851b18b2) Importer(815301076,1909f56bfc062723c751e8b465ee728b) (PreviewImporter) -> (Import Result ID: 'bb127e57c7ebf6e2687fcd7c8b261aa1') in 0.019088 seconds [static and dynamic dependencies]. Details - ImportResultOutputID=dfa4d49348fc10d3bffb313b476007da DependenciesID=38625bba05770a83754ff44b95402881 StaticDependenciesID=87a38af0d87f935e236318cf8a2e2830 
Number of updated asset objects reloaded before import = 0Number of asset objects unloaded after import = 3

========================================================================
Received Import Request.
  Time since last request: 0.000019 seconds.
  path: Assets/Sprites/Tiles/tileSand_roadCornerLL.png
  importAddress: Guid(fea6df8b213fe7543adbe8ee1d0f7798) Importer(815301076,1909f56bfc062723c751e8b465ee728b)
Start importing Assets/Sprites/Tiles/tileSand_roadCornerLL.png using Guid(fea6df8b213fe7543adbe8ee1d0f7798) Importer(815301076,1909f56bfc062723c751e8b465ee728b) (PreviewImporter) -> (Import Result ID: '9ddb7ead2a004dfb2aa18e6325799183') in 0.0199391 seconds [static and dynamic dependencies]. Details - ImportResultOutputID=12b28e13d8b56877dd42ef30f62adb6f DependenciesID=ac499ac8c5d36f3bff854dd88af7eea6 StaticDependenciesID=c1c8849a34dbd31c97c53a48c56c7573 
Number of updated asset objects reloaded before import = 0Number of asset objects unloaded after import = 3

========================================================================
Received Import Request.
  Time since last request: 0.000034 seconds.
  path: Assets/Sprites/Tiles/tileSand2.png
  importAddress: Guid(9859d09b6fc9bfa4688133f756096308) Importer(815301076,1909f56bfc062723c751e8b465ee728b)
Start importing Assets/Sprites/Tiles/tileSand2.png using Guid(9859d09b6fc9bfa4688133f756096308) Importer(815301076,1909f56bfc062723c751e8b465ee728b) (PreviewImporter) -> (Import Result ID: 'bc0a4aa9e33fcaaa3cdac4c2f1592800') in 0.0235416 seconds [static and dynamic dependencies]. Details - ImportResultOutputID=197ec07527dfa2ff792fa5a58ac4f213 DependenciesID=8212e75635131c9dea75cda99b363c21 StaticDependenciesID=1cb8074bf3d96a024012bee32b11a557 
Number of updated asset objects reloaded before import = 0Number of asset objects unloaded after import = 3

========================================================================
Received Import Request.
  Time since last request: 1.965954 seconds.
  path: Assets/Sprites/Tanks/shotOrange.png
  importAddress: Guid(3f49d0d5cd7031e488140497376ece2c) Importer(815301076,1909f56bfc062723c751e8b465ee728b)
Start importing Assets/Sprites/Tanks/shotOrange.png using Guid(3f49d0d5cd7031e488140497376ece2c) Importer(815301076,1909f56bfc062723c751e8b465ee728b) (PreviewImporter) -> (Import Result ID: '22b28a3fc6ddd2a41addab263766ca42') in 0.02993 seconds [static and dynamic dependencies]. Details - ImportResultOutputID=8883aa2934caea7b0c3f0dcc6de7242d DependenciesID=6ab6ee0a6329e0d2c2ac714a6ed8a1ed StaticDependenciesID=44bb639c2ba275509828ce3c50315e1d 
Number of updated asset objects reloaded before import = 0Number of asset objects unloaded after import = 3

========================================================================
Received Import Request.
  Time since last request: 0.000028 seconds.
  path: Assets/Sprites/Tanks/tankBody_darkLarge_outline.png
  importAddress: Guid(ba5dde234735f1243ac980089b87d75e) Importer(815301076,1909f56bfc062723c751e8b465ee728b)
Start importing Assets/Sprites/Tanks/tankBody_darkLarge_outline.png using Guid(ba5dde234735f1243ac980089b87d75e) Importer(815301076,1909f56bfc062723c751e8b465ee728b) (PreviewImporter) -> (Import Result ID: '8d033effb270d5bea690147f3c5659b4') in 0.0304916 seconds [static and dynamic dependencies]. Details - ImportResultOutputID=998ea470471447ee72bf0478fe25d7b4 DependenciesID=2995a536e4fb363196bdb90c1e88015e StaticDependenciesID=7826d8d54c59caca06521c187cf3297e 
Number of updated asset objects reloaded before import = 0Number of asset objects unloaded after import = 3

========================================================================
Received Import Request.
  Time since last request: 0.000037 seconds.
  path: Assets/Sprites/Tanks/tankRed_barrel1_outline.png
  importAddress: Guid(c59c472b7f8a1d741bfb1eef186ed532) Importer(815301076,1909f56bfc062723c751e8b465ee728b)
Start importing Assets/Sprites/Tanks/tankRed_barrel1_outline.png using Guid(c59c472b7f8a1d741bfb1eef186ed532) Importer(815301076,1909f56bfc062723c751e8b465ee728b) (PreviewImporter) -> (Import Result ID: 'e2f973dce3d39291c10593f1949771c9') in 0.0231087 seconds [static and dynamic dependencies]. Details - ImportResultOutputID=44f3ab3ac64df18a5af0f0d57670f14c DependenciesID=8ecd4e6228a48f946394c286ce74688b StaticDependenciesID=4933f7e11008c518772da45acb59b5bf 
Number of updated asset objects reloaded before import = 0Number of asset objects unloaded after import = 3

========================================================================
Received Import Request.
  Time since last request: 0.000020 seconds.
  path: Assets/Sprites/Tanks/tankBody_bigRed_outline.png
  importAddress: Guid(e647c079e9b301949b164fa2728dd49f) Importer(815301076,1909f56bfc062723c751e8b465ee728b)
Start importing Assets/Sprites/Tanks/tankBody_bigRed_outline.png using Guid(e647c079e9b301949b164fa2728dd49f) Importer(815301076,1909f56bfc062723c751e8b465ee728b) (PreviewImporter) -> (Import Result ID: 'f99bc55209f890c89ec1998e720b521c') in 0.019919 seconds [static and dynamic dependencies]. Details - ImportResultOutputID=65c086574c41c5588bb77dfde81d7995 DependenciesID=5c10165b37995d4a6042417451fdaedd StaticDependenciesID=a0226f996b09e063fedf84a6572f2ecc 
Number of updated asset objects reloaded before import = 0Number of asset objects unloaded after import = 3

========================================================================
Received Import Request.
  Time since last request: 0.000021 seconds.
  path: Assets/Sprites/Tanks/tankGreen_barrel1_outline.png
  importAddress: Guid(110ac94de8f62354b9be648e946300ec) Importer(815301076,1909f56bfc062723c751e8b465ee728b)
Start importing Assets/Sprites/Tanks/tankGreen_barrel1_outline.png using Guid(110ac94de8f62354b9be648e946300ec) Importer(815301076,1909f56bfc062723c751e8b465ee728b) (PreviewImporter) -> (Import Result ID: '17d90ca8488eff16e668da96e10b4a77') in 0.0185488 seconds [static and dynamic dependencies]. Details - ImportResultOutputID=8a3d10b0d493aedee00b55ee37011b6d DependenciesID=e277d4b411e3e98312cde127c7294796 StaticDependenciesID=0c93767bf633a45b5c8b1b8d925fa654 
Number of updated asset objects reloaded before import = 0Number of asset objects unloaded after import = 3

========================================================================
Received Import Request.
  Time since last request: 0.000019 seconds.
  path: Assets/Sprites/Tanks/tankSand_barrel2_outline.png
  importAddress: Guid(a4464acac40bbe64e861ddf63a586f5f) Importer(815301076,1909f56bfc062723c751e8b465ee728b)
Start importing Assets/Sprites/Tanks/tankSand_barrel2_outline.png using Guid(a4464acac40bbe64e861ddf63a586f5f) Importer(815301076,1909f56bfc062723c751e8b465ee728b) (PreviewImporter) -> (Import Result ID: '9d9bac8d47a536780b6f25485feaf5ae') in 0.0227673 seconds [static and dynamic dependencies]. Details - ImportResultOutputID=b72b57eb8ab1c49a3e78131a691024a6 DependenciesID=e4578e40182d6188d3028ef237519309 StaticDependenciesID=117b556ad2b01afd1552916cba08c14b 
Number of updated asset objects reloaded before import = 0Number of asset objects unloaded after import = 3

========================================================================
Received Import Request.
  Time since last request: 0.000025 seconds.
  path: Assets/Sprites/Tanks/tankBody_huge_outline.png
  importAddress: Guid(506b1ed3374204548981e1bef3699dbe) Importer(815301076,1909f56bfc062723c751e8b465ee728b)
Start importing Assets/Sprites/Tanks/tankBody_huge_outline.png using Guid(506b1ed3374204548981e1bef3699dbe) Importer(815301076,1909f56bfc062723c751e8b465ee728b) (PreviewImporter) -> (Import Result ID: '118b32a5d30d6881639f3151f7f6846c') in 0.0200875 seconds [static and dynamic dependencies]. Details - ImportResultOutputID=4ee074d33d71b4346b6defa94aa9f96c DependenciesID=797d0b6782ecda3f2f2e908be0181645 StaticDependenciesID=98f7ccad7c2f21b322e4657f1fbd4bf6 
Number of updated asset objects reloaded before import = 0Number of asset objects unloaded after import = 3

========================================================================
Received Import Request.
  Time since last request: 0.000029 seconds.
  path: Assets/Sprites/Tanks/tankBody_green_outline.png
  importAddress: Guid(c223ae9a533364e48be1eccbd653ae9f) Importer(815301076,1909f56bfc062723c751e8b465ee728b)
Start importing Assets/Sprites/Tanks/tankBody_green_outline.png using Guid(c223ae9a533364e48be1eccbd653ae9f) Importer(815301076,1909f56bfc062723c751e8b465ee728b) (PreviewImporter) -> (Import Result ID: '877b4b2cbec9a8cd19062313c69e4753') in 0.0203845 seconds [static and dynamic dependencies]. Details - ImportResultOutputID=4a533aa3fc69f6c4d5299ec831c0b555 DependenciesID=5c352057e45867b681f78fd428e4154d StaticDependenciesID=fc41cae870532b9e31f5769fa667b036 
Number of updated asset objects reloaded before import = 0Number of asset objects unloaded after import = 3

========================================================================
Received Import Request.
  Time since last request: 0.000033 seconds.
  path: Assets/Sprites/Tanks/specialBarrel6_outline.png
  importAddress: Guid(54e845383a2508840ba3129a07970b90) Importer(815301076,1909f56bfc062723c751e8b465ee728b)
Start importing Assets/Sprites/Tanks/specialBarrel6_outline.png using Guid(54e845383a2508840ba3129a07970b90) Importer(815301076,1909f56bfc062723c751e8b465ee728b) (PreviewImporter) -> (Import Result ID: 'e8f241b92303f28cf434dceaf8bdbb59') in 0.0222057 seconds [static and dynamic dependencies]. Details - ImportResultOutputID=6246b30d057ca47e77a136d3bba3e8ce DependenciesID=2e315af5c88d666c0b51b7a91d5d9d56 StaticDependenciesID=b60d16b701a728a390acc5965ef79b13 
Number of updated asset objects reloaded before import = 0Number of asset objects unloaded after import = 3

========================================================================
Received Import Request.
  Time since last request: 0.000026 seconds.
  path: Assets/Sprites/Tanks/specialBarrel5_outline.png
  importAddress: Guid(8dbb301ce2db8e04ca7f5a89de50e7a0) Importer(815301076,1909f56bfc062723c751e8b465ee728b)
Start importing Assets/Sprites/Tanks/specialBarrel5_outline.png using Guid(8dbb301ce2db8e04ca7f5a89de50e7a0) Importer(815301076,1909f56bfc062723c751e8b465ee728b) (PreviewImporter) -> (Import Result ID: '1aa0d72415c741563b9bce58780b39c3') in 0.0203407 seconds [static and dynamic dependencies]. Details - ImportResultOutputID=49c38e395cb0f0d8cb2605049ea93ea6 DependenciesID=2e499dde2b2053d5e33cf82223ce19e8 StaticDependenciesID=b7d8167998b0ce2a2e8062b70ca6aafc 
Number of updated asset objects reloaded before import = 0Number of asset objects unloaded after import = 3

========================================================================
Received Import Request.
  Time since last request: 0.000031 seconds.
  path: Assets/Sprites/Tanks/tankGreen_barrel3_outline.png
  importAddress: Guid(0e33926e25d05f64895ad46bc27e6c57) Importer(815301076,1909f56bfc062723c751e8b465ee728b)
Start importing Assets/Sprites/Tanks/tankGreen_barrel3_outline.png using Guid(0e33926e25d05f64895ad46bc27e6c57) Importer(815301076,1909f56bfc062723c751e8b465ee728b) (PreviewImporter) -> (Import Result ID: '6e39cbe85c9080f1c7e1390a88ef6a65') in 0.0210259 seconds [static and dynamic dependencies]. Details - ImportResultOutputID=b025de47e6d23347eb67aa5b75c9c640 DependenciesID=2525b2b53f334b9b491ca1d4d3e1de45 StaticDependenciesID=1b8ff33231c98b981ce1e2b03693c2bf 
Number of updated asset objects reloaded before import = 0Number of asset objects unloaded after import = 3

========================================================================
Received Import Request.
  Time since last request: 0.000067 seconds.
  path: Assets/Sprites/Tanks/tankGreen_barrel2_outline.png
  importAddress: Guid(06cb4ef03ed89dd4aaa4e86d2e2e77c1) Importer(815301076,1909f56bfc062723c751e8b465ee728b)
Start importing Assets/Sprites/Tanks/tankGreen_barrel2_outline.png using Guid(06cb4ef03ed89dd4aaa4e86d2e2e77c1) Importer(815301076,1909f56bfc062723c751e8b465ee728b) (PreviewImporter) -> (Import Result ID: '66c00fd7d92c6c755797b492b1c84d99') in 0.0194687 seconds [static and dynamic dependencies]. Details - ImportResultOutputID=a7a959b7b292d8df7b49056c742c1119 DependenciesID=1cc2974c9b326a1142a6ec0d3c27bd52 StaticDependenciesID=610b6a3eb15460e08cc7d411c692f3cc 
Number of updated asset objects reloaded before import = 0Number of asset objects unloaded after import = 3

========================================================================
Received Import Request.
  Time since last request: 0.000027 seconds.
  path: Assets/Sprites/Tanks/tankRed_barrel3_outline.png
  importAddress: Guid(3d88cabd2f2d8a044b28f8d7f9626560) Importer(815301076,1909f56bfc062723c751e8b465ee728b)
Start importing Assets/Sprites/Tanks/tankRed_barrel3_outline.png using Guid(3d88cabd2f2d8a044b28f8d7f9626560) Importer(815301076,1909f56bfc062723c751e8b465ee728b) (PreviewImporter) -> (Import Result ID: 'e8ca98590785d0591d0da410d3838c74') in 0.0187363 seconds [static and dynamic dependencies]. Details - ImportResultOutputID=72fbb5e0b974edde56080e14ebd97c27 DependenciesID=a91a7e79d655767262c27f8f73ed278e StaticDependenciesID=fae6c8b866a73580f4a43cf294441be6 
Number of updated asset objects reloaded before import = 0Number of asset objects unloaded after import = 3

========================================================================
Received Import Request.
  Time since last request: 0.000027 seconds.
  path: Assets/Sprites/Tanks/tankBody_blue_outline.png
  importAddress: Guid(1421226477f60444b80be8ef5a44dd30) Importer(815301076,1909f56bfc062723c751e8b465ee728b)
Start importing Assets/Sprites/Tanks/tankBody_blue_outline.png using Guid(1421226477f60444b80be8ef5a44dd30) Importer(815301076,1909f56bfc062723c751e8b465ee728b) (PreviewImporter) -> (Import Result ID: '394dbf4572887cf818c42f04fc1d42f6') in 0.0220532 seconds [static and dynamic dependencies]. Details - ImportResultOutputID=311b02f09356b96ebe0f2a59bf0fdd29 DependenciesID=5391a8be575ddcda6a2ab89164b7e083 StaticDependenciesID=8cb5da27e61b77799616b2431e79bfb8 
Number of updated asset objects reloaded before import = 0Number of asset objects unloaded after import = 3

========================================================================
Received Import Request.
  Time since last request: 0.000027 seconds.
  path: Assets/Sprites/Tanks/tankBlue_barrel2_outline.png
  importAddress: Guid(ef766114e0d84344c8db13d908386108) Importer(815301076,1909f56bfc062723c751e8b465ee728b)
Start importing Assets/Sprites/Tanks/tankBlue_barrel2_outline.png using Guid(ef766114e0d84344c8db13d908386108) Importer(815301076,1909f56bfc062723c751e8b465ee728b) (PreviewImporter) -> (Import Result ID: '21cd5b485cf43c7194a5c22c031c6bf6') in 0.0204125 seconds [static and dynamic dependencies]. Details - ImportResultOutputID=a9c2e7fd2d01e3d8448e9c0440209af5 DependenciesID=fe67bc569cbdda3036dffb98324cbbe0 StaticDependenciesID=c8590cfe7f270a2f120b2f4419e4b2f2 
Number of updated asset objects reloaded before import = 0Number of asset objects unloaded after import = 3

========================================================================
Received Import Request.
  Time since last request: 0.000019 seconds.
  path: Assets/Sprites/Tanks/tankBlue_barrel1_outline.png
  importAddress: Guid(0c0c29866667ca34794b811b8f8cbc78) Importer(815301076,1909f56bfc062723c751e8b465ee728b)
Start importing Assets/Sprites/Tanks/tankBlue_barrel1_outline.png using Guid(0c0c29866667ca34794b811b8f8cbc78) Importer(815301076,1909f56bfc062723c751e8b465ee728b) (PreviewImporter) -> (Import Result ID: '9f125798ba1bfca4c7819730c4a7b994') in 0.0201545 seconds [static and dynamic dependencies]. Details - ImportResultOutputID=671464da4d3d342c140c36cc0c4d94b1 DependenciesID=fb5a5f6c20a1f37567f2f482f37ffb82 StaticDependenciesID=cbf81a2a69ff08ba0393ece70f88b25d 
Number of updated asset objects reloaded before import = 0Number of asset objects unloaded after import = 3

========================================================================
Received Import Request.
  Time since last request: 0.000049 seconds.
  path: Assets/Sprites/Tanks/tankBody_red_outline.png
  importAddress: Guid(6220718aae03eaa45905b3d2e7c593db) Importer(815301076,1909f56bfc062723c751e8b465ee728b)
Start importing Assets/Sprites/Tanks/tankBody_red_outline.png using Guid(6220718aae03eaa45905b3d2e7c593db) Importer(815301076,1909f56bfc062723c751e8b465ee728b) (PreviewImporter) -> (Import Result ID: 'e9340fab668b094c2d4e142fc99cd01a') in 0.0250233 seconds [static and dynamic dependencies]. Details - ImportResultOutputID=e4bb64e78541b9f5c3893f5584168641 DependenciesID=804f8044a12d1f95b605780758c91a6e StaticDependenciesID=241c667963cebb713e901b843b57ad33 
Number of updated asset objects reloaded before import = 0Number of asset objects unloaded after import = 3

========================================================================
Received Import Request.
  Time since last request: 3.864782 seconds.
  path: Assets/Sprites/Environment/barrelBlack_top.png
  importAddress: Guid(9dd061bfa35feea40a5034185e2232d0) Importer(815301076,1909f56bfc062723c751e8b465ee728b)
Start importing Assets/Sprites/Environment/barrelBlack_top.png using Guid(9dd061bfa35feea40a5034185e2232d0) Importer(815301076,1909f56bfc062723c751e8b465ee728b) (PreviewImporter) -> (Import Result ID: '298cf636b332949c2fb882ca5ab62420') in 0.0282875 seconds [static and dynamic dependencies]. Details - ImportResultOutputID=8597b6b2643fb1621462efa4bc6a960a DependenciesID=41b952c841399b906f62dea62bd4a103 StaticDependenciesID=86a79d3b42049e536526f00a9e27cc62 
Number of updated asset objects reloaded before import = 0Number of asset objects unloaded after import = 3

========================================================================
Received Import Request.
  Time since last request: 0.000021 seconds.
  path: Assets/Sprites/Environment/barrelGreen_top.png
  importAddress: Guid(e243d3271bebaa44682a8e4c64bfd08b) Importer(815301076,1909f56bfc062723c751e8b465ee728b)
Start importing Assets/Sprites/Environment/barrelGreen_top.png using Guid(e243d3271bebaa44682a8e4c64bfd08b) Importer(815301076,1909f56bfc062723c751e8b465ee728b) (PreviewImporter) -> (Import Result ID: 'b8db75c10e5bff4b05a691ebadade831') in 0.0215244 seconds [static and dynamic dependencies]. Details - ImportResultOutputID=8982e7555fc95d604b6d0b73daece323 DependenciesID=f48d04bb3b6f8cc0da6c4f3b0ed37c83 StaticDependenciesID=da197c6c9823dc627bedb4b3773aa707 
Number of updated asset objects reloaded before import = 0Number of asset objects unloaded after import = 3

========================================================================
Received Import Request.
  Time since last request: 0.000030 seconds.
  path: Assets/Sprites/Environment/bulletRed3_outline.png
  importAddress: Guid(db55f5de4a29b2e4b875270816405507) Importer(815301076,1909f56bfc062723c751e8b465ee728b)
Start importing Assets/Sprites/Environment/bulletRed3_outline.png using Guid(db55f5de4a29b2e4b875270816405507) Importer(815301076,1909f56bfc062723c751e8b465ee728b) (PreviewImporter) -> (Import Result ID: 'e3a276d01a2fbaf7b4d8850b7d9ff542') in 0.0274237 seconds [static and dynamic dependencies]. Details - ImportResultOutputID=a609ebaf51b5e8a2d93bef599720603f DependenciesID=96d1b7f5cac6f61b7c785327416321c0 StaticDependenciesID=1d8595b9826f01651ac2d588e93b9957 
Number of updated asset objects reloaded before import = 0Number of asset objects unloaded after import = 3

========================================================================
Received Import Request.
  Time since last request: 0.000026 seconds.
  path: Assets/Sprites/Environment/fenceRed.png
  importAddress: Guid(3ab4ad111a24e33418c8cef1887e0d77) Importer(815301076,1909f56bfc062723c751e8b465ee728b)
Start importing Assets/Sprites/Environment/fenceRed.png using Guid(3ab4ad111a24e33418c8cef1887e0d77) Importer(815301076,1909f56bfc062723c751e8b465ee728b) (PreviewImporter) -> (Import Result ID: '4c18d566c87e0b7e9a149195bb7b226f') in 0.0269706 seconds [static and dynamic dependencies]. Details - ImportResultOutputID=ebecfedb1eccfa59f829bd760a7b6173 DependenciesID=061bd3532cdb8b58ec3c0708302abfe1 StaticDependenciesID=5d0fa2877170d9ebcaaa6fda97018134 
Number of updated asset objects reloaded before import = 0Number of asset objects unloaded after import = 3

========================================================================
Received Import Request.
  Time since last request: 0.000023 seconds.
  path: Assets/Sprites/Environment/barrelRust_side.png
  importAddress: Guid(ab5fdff71515f2f4687d32cc87a076b1) Importer(815301076,1909f56bfc062723c751e8b465ee728b)
Start importing Assets/Sprites/Environment/barrelRust_side.png using Guid(ab5fdff71515f2f4687d32cc87a076b1) Importer(815301076,1909f56bfc062723c751e8b465ee728b) (PreviewImporter) -> (Import Result ID: 'ee16da9d82e69f94cd77a1df142216b3') in 0.0338709 seconds [static and dynamic dependencies]. Details - ImportResultOutputID=c5408a47f64e1ac4a02c993cb2c6c5a1 DependenciesID=e5219de597d5cc66b59dd18916491c46 StaticDependenciesID=c230a10aa8d3acd6cb21106ff9aa76bd 
Number of updated asset objects reloaded before import = 0Number of asset objects unloaded after import = 3

========================================================================
Received Import Request.
  Time since last request: 0.000025 seconds.
  path: Assets/Sprites/Environment/bulletDark1_outline.png
  importAddress: Guid(49a179f24da223f4fa7bea32a513ba8f) Importer(815301076,1909f56bfc062723c751e8b465ee728b)
Start importing Assets/Sprites/Environment/bulletDark1_outline.png using Guid(49a179f24da223f4fa7bea32a513ba8f) Importer(815301076,1909f56bfc062723c751e8b465ee728b) (PreviewImporter) -> (Import Result ID: '339fb434838b399ddb2cfef45f6372a1') in 0.018469 seconds [static and dynamic dependencies]. Details - ImportResultOutputID=30a11cfec38db0e5685b5f843aa2dd2f DependenciesID=6fae5b37941f2c41c5a7fa824b837102 StaticDependenciesID=9210a553921e1e7b6249bff967e6f2e6 
Number of updated asset objects reloaded before import = 0Number of asset objects unloaded after import = 3

========================================================================
Received Import Request.
  Time since last request: 0.000036 seconds.
  path: Assets/Sprites/Environment/bulletSand1_outline.png
  importAddress: Guid(f46dda446dd6e61499587742bc89408e) Importer(815301076,1909f56bfc062723c751e8b465ee728b)
Start importing Assets/Sprites/Environment/bulletSand1_outline.png using Guid(f46dda446dd6e61499587742bc89408e) Importer(815301076,1909f56bfc062723c751e8b465ee728b) (PreviewImporter) -> (Import Result ID: 'de3cd689decc5882bd6ca43bd166ae31') in 0.0183092 seconds [static and dynamic dependencies]. Details - ImportResultOutputID=fe8696d59174450a66ba34c46b7d7177 DependenciesID=210ddb9143649140f785788a0a1148ec StaticDependenciesID=aec2110e904ed85ba14cfbc3c955e145 
Number of updated asset objects reloaded before import = 0Number of asset objects unloaded after import = 3

========================================================================
Received Import Request.
  Time since last request: 0.000033 seconds.
  path: Assets/Sprites/Environment/bulletSand3_outline.png
  importAddress: Guid(68dbb512476fdf34caa4630bb4feab13) Importer(815301076,1909f56bfc062723c751e8b465ee728b)
Start importing Assets/Sprites/Environment/bulletSand3_outline.png using Guid(68dbb512476fdf34caa4630bb4feab13) Importer(815301076,1909f56bfc062723c751e8b465ee728b) (PreviewImporter) -> (Import Result ID: 'b5b950b624a7ca0dee7b5189cc732784') in 0.0168315 seconds [static and dynamic dependencies]. Details - ImportResultOutputID=0658720feda609a271957d7c8fbf911b DependenciesID=9995d451818738ff49b417c1be4dd72e StaticDependenciesID=c8e7b17b75d2d3106112ca0042908613 
Number of updated asset objects reloaded before import = 0Number of asset objects unloaded after import = 3

========================================================================
Received Import Request.
  Time since last request: 0.000037 seconds.
  path: Assets/Sprites/Environment/fenceYellow.png
  importAddress: Guid(244d2ab6b3978a94ba465f0a72f9225c) Importer(815301076,1909f56bfc062723c751e8b465ee728b)
Start importing Assets/Sprites/Environment/fenceYellow.png using Guid(244d2ab6b3978a94ba465f0a72f9225c) Importer(815301076,1909f56bfc062723c751e8b465ee728b) (PreviewImporter) -> (Import Result ID: 'b1950c72ae73739129706c02fa39a1b0') in 0.019638 seconds [static and dynamic dependencies]. Details - ImportResultOutputID=bdd7a84811f5544c886f8e183e8af50d DependenciesID=e1004dcaa0f60687ffbae59a3cfa2816 StaticDependenciesID=b2c2d60048171bb4a751d558e09d0b7a 
Number of updated asset objects reloaded before import = 0Number of asset objects unloaded after import = 3

========================================================================
Received Import Request.
  Time since last request: 0.000018 seconds.
  path: Assets/Sprites/Environment/bulletBlue2.png
  importAddress: Guid(45621ab796672a1428cd86e3f0fb3bd5) Importer(815301076,1909f56bfc062723c751e8b465ee728b)
Start importing Assets/Sprites/Environment/bulletBlue2.png using Guid(45621ab796672a1428cd86e3f0fb3bd5) Importer(815301076,1909f56bfc062723c751e8b465ee728b) (PreviewImporter) -> (Import Result ID: '06a55afde6299f27737dcf74bc86f7fb') in 0.0186684 seconds [static and dynamic dependencies]. Details - ImportResultOutputID=ae2dda369025eb0946b5704307ede73a DependenciesID=bd9ff726c33a0111edcea50ef49fe82d StaticDependenciesID=b573571a2df7ed7c6c57c704f1ebde1d 
Number of updated asset objects reloaded before import = 0Number of asset objects unloaded after import = 3

========================================================================
Received Import Request.
  Time since last request: 0.000016 seconds.
  path: Assets/Sprites/Environment/treeBrown_twigs.png
  importAddress: Guid(6e0f3aa572af69a4e986d1028598755e) Importer(815301076,1909f56bfc062723c751e8b465ee728b)
Start importing Assets/Sprites/Environment/treeBrown_twigs.png using Guid(6e0f3aa572af69a4e986d1028598755e) Importer(815301076,1909f56bfc062723c751e8b465ee728b) (PreviewImporter) -> (Import Result ID: 'a6dbae41e8ae9afaa16a38c4d5c5d33b') in 0.0200568 seconds [static and dynamic dependencies]. Details - ImportResultOutputID=3ebe0ede2879af379c7786f3b859ced1 DependenciesID=197ba9da0c9a2a58f949a2a9b0897335 StaticDependenciesID=38b6a297d62768892f01e5821a284afb 
Number of updated asset objects reloaded before import = 0Number of asset objects unloaded after import = 3

========================================================================
Received Import Request.
  Time since last request: 0.000026 seconds.
  path: Assets/Sprites/Environment/bulletRed2_outline.png
  importAddress: Guid(13d9de3acefd11144858ce5d3d537d18) Importer(815301076,1909f56bfc062723c751e8b465ee728b)
Start importing Assets/Sprites/Environment/bulletRed2_outline.png using Guid(13d9de3acefd11144858ce5d3d537d18) Importer(815301076,1909f56bfc062723c751e8b465ee728b) (PreviewImporter) -> (Import Result ID: '913701c82da6ceba0f4c38dce827becf') in 0.0210454 seconds [static and dynamic dependencies]. Details - ImportResultOutputID=56961c0a0a141679d42f2eddc55eaead DependenciesID=e4d7eedc0d8f0a574da5c21f6b2e4457 StaticDependenciesID=13fb85a05c8aad8bbcc6aceef5d75c44 
Number of updated asset objects reloaded before import = 0Number of asset objects unloaded after import = 3

========================================================================
Received Import Request.
  Time since last request: 0.000027 seconds.
  path: Assets/Sprites/Environment/bulletDark1.png
  importAddress: Guid(5cec46fb70b1a3b4f8e94c01dfbbbc71) Importer(815301076,1909f56bfc062723c751e8b465ee728b)
Start importing Assets/Sprites/Environment/bulletDark1.png using Guid(5cec46fb70b1a3b4f8e94c01dfbbbc71) Importer(815301076,1909f56bfc062723c751e8b465ee728b) (PreviewImporter) -> (Import Result ID: '8fb3b40475cd71627a4e21319cadfa7d') in 0.0194035 seconds [static and dynamic dependencies]. Details - ImportResultOutputID=9af72838ee49735bcc22ef754ba46056 DependenciesID=71d93796a3498ae06a8236bc22b48dbc StaticDependenciesID=e60f80d5a8be7cddb55f24cf08b82046 
Number of updated asset objects reloaded before import = 0Number of asset objects unloaded after import = 3

========================================================================
Received Import Request.
  Time since last request: 0.000056 seconds.
  path: Assets/Sprites/Environment/bulletBlue1_outline.png
  importAddress: Guid(4ed564d4f68d80f4d8088f99e0cb4b65) Importer(815301076,1909f56bfc062723c751e8b465ee728b)
Start importing Assets/Sprites/Environment/bulletBlue1_outline.png using Guid(4ed564d4f68d80f4d8088f99e0cb4b65) Importer(815301076,1909f56bfc062723c751e8b465ee728b) (PreviewImporter) -> (Import Result ID: '86b58c37b18c9ebdd4b7186977682a60') in 0.018079 seconds [static and dynamic dependencies]. Details - ImportResultOutputID=140416043a63ae38fdc0768540d6eb4b DependenciesID=294109d89bf212bb0887012fb589b005 StaticDependenciesID=980ff51f362689d4f3398eef9f743f5d 
Number of updated asset objects reloaded before import = 0Number of asset objects unloaded after import = 3

========================================================================
Received Import Request.
  Time since last request: 0.000021 seconds.
  path: Assets/Sprites/Environment/bulletGreen2.png
  importAddress: Guid(7472c4f8967d5b14e8e84cdad076ba14) Importer(815301076,1909f56bfc062723c751e8b465ee728b)
Start importing Assets/Sprites/Environment/bulletGreen2.png using Guid(7472c4f8967d5b14e8e84cdad076ba14) Importer(815301076,1909f56bfc062723c751e8b465ee728b) (PreviewImporter) -> (Import Result ID: 'b96a48e2071be98807f1834316d5e0ad') in 0.017891 seconds [static and dynamic dependencies]. Details - ImportResultOutputID=a6df752da3e15739ff11ea3181020a78 DependenciesID=3beab0e4a810842eab0baf7a649749fb StaticDependenciesID=0ac098b24c717ec5947042439dc826e5 
Number of updated asset objects reloaded before import = 0Number of asset objects unloaded after import = 3

========================================================================
Received Import Request.
  Time since last request: 0.000017 seconds.
  path: Assets/Sprites/Environment/wireStraight.png
  importAddress: Guid(c37247c6eb25f9a47b818e935580be16) Importer(815301076,1909f56bfc062723c751e8b465ee728b)
Start importing Assets/Sprites/Environment/wireStraight.png using Guid(c37247c6eb25f9a47b818e935580be16) Importer(815301076,1909f56bfc062723c751e8b465ee728b) (PreviewImporter) -> (Import Result ID: 'a2c43a076611b45c4ada8ef3db89d1c9') in 0.0188934 seconds [static and dynamic dependencies]. Details - ImportResultOutputID=48adfacdeb61d561aaee8588ca5bb43c DependenciesID=f8c6d9ed2092bfd011da11e6b77cd563 StaticDependenciesID=9531712bf6142b103640be76d8293c71 
Number of updated asset objects reloaded before import = 0Number of asset objects unloaded after import = 3

========================================================================
Received Import Request.
  Time since last request: 0.000025 seconds.
  path: Assets/Sprites/Environment/treeGreen_leaf.png
  importAddress: Guid(a7c434ccda253a54cadaddadce5c9247) Importer(815301076,1909f56bfc062723c751e8b465ee728b)
Start importing Assets/Sprites/Environment/treeGreen_leaf.png using Guid(a7c434ccda253a54cadaddadce5c9247) Importer(815301076,1909f56bfc062723c751e8b465ee728b) (PreviewImporter) -> (Import Result ID: '144ba6fa9ceab7737a9612f338280113') in 0.0185229 seconds [static and dynamic dependencies]. Details - ImportResultOutputID=9a33b4617c05e65d92445ac0a36943c4 DependenciesID=ab1099e27f81f92552a3b28b9838e295 StaticDependenciesID=2ed2b3c7027a9a14ffe488dcbbcb8bb6 
Number of updated asset objects reloaded before import = 0Number of asset objects unloaded after import = 3

========================================================================
Received Import Request.
  Time since last request: 0.000021 seconds.
  path: Assets/Sprites/Environment/bulletSand1.png
  importAddress: Guid(318822f10e1aa09458360a0cb15fef3d) Importer(815301076,1909f56bfc062723c751e8b465ee728b)
Start importing Assets/Sprites/Environment/bulletSand1.png using Guid(318822f10e1aa09458360a0cb15fef3d) Importer(815301076,1909f56bfc062723c751e8b465ee728b) (PreviewImporter) -> (Import Result ID: '17691108ad60f063a99cae2610a80c9a') in 0.0186075 seconds [static and dynamic dependencies]. Details - ImportResultOutputID=b9811592a4350726e92154eaeb11ca6f DependenciesID=9c30d2fbbefece93bd26e5edd6055972 StaticDependenciesID=3ab3e9cc230b265fcbda964e07968752 
Number of updated asset objects reloaded before import = 0Number of asset objects unloaded after import = 3

========================================================================
Received Import Request.
  Time since last request: 0.000032 seconds.
  path: Assets/Sprites/Environment/bulletRed1_outline.png
  importAddress: Guid(c2c1f0a4e578d2046a1d17cb8c334ae2) Importer(815301076,1909f56bfc062723c751e8b465ee728b)
Start importing Assets/Sprites/Environment/bulletRed1_outline.png using Guid(c2c1f0a4e578d2046a1d17cb8c334ae2) Importer(815301076,1909f56bfc062723c751e8b465ee728b) (PreviewImporter) -> (Import Result ID: 'ff40460b28047216872dcfaa3b70cdc1') in 0.0213968 seconds [static and dynamic dependencies]. Details - ImportResultOutputID=d0a9065b88509c157a7046f24883f2e7 DependenciesID=9bc562a162dae28829f92a686dcb2847 StaticDependenciesID=e5d33d226505067cb2143ddec7db67a0 
Number of updated asset objects reloaded before import = 0Number of asset objects unloaded after import = 3

========================================================================
Received Import Request.
  Time since last request: 0.000021 seconds.
  path: Assets/Sprites/Environment/bulletGreen3_outline.png
  importAddress: Guid(cf4e3f48a3f34ae458c62c0e199b9961) Importer(815301076,1909f56bfc062723c751e8b465ee728b)
Start importing Assets/Sprites/Environment/bulletGreen3_outline.png using Guid(cf4e3f48a3f34ae458c62c0e199b9961) Importer(815301076,1909f56bfc062723c751e8b465ee728b) (PreviewImporter) -> (Import Result ID: '83bb802b05d1e30b689a44bc0a22b142') in 0.0187822 seconds [static and dynamic dependencies]. Details - ImportResultOutputID=212ecd08a2327b5794e61649ccc13423 DependenciesID=2c47bc92d5605fcb7e374d4a933aed2a StaticDependenciesID=8e5feb7a4064281080425e22ef5ccf46 
Number of updated asset objects reloaded before import = 0Number of asset objects unloaded after import = 3

========================================================================
Received Import Request.
  Time since last request: 0.000021 seconds.
  path: Assets/Sprites/Environment/bulletGreen1_outline.png
  importAddress: Guid(2dbc950c292084a4eb5e3785639b42f5) Importer(815301076,1909f56bfc062723c751e8b465ee728b)
Start importing Assets/Sprites/Environment/bulletGreen1_outline.png using Guid(2dbc950c292084a4eb5e3785639b42f5) Importer(815301076,1909f56bfc062723c751e8b465ee728b) (PreviewImporter) -> (Import Result ID: '48bcfbdbd4b3e5ef96a6cb0b9cd5476a') in 0.0202664 seconds [static and dynamic dependencies]. Details - ImportResultOutputID=d73b124363665965538912f2c0333beb DependenciesID=ba056498a3ea70db185dead79683a5c7 StaticDependenciesID=c11f183dd164ea1409c3f53a72eb9688 
Number of updated asset objects reloaded before import = 0Number of asset objects unloaded after import = 3

========================================================================
Received Import Request.
  Time since last request: 0.000026 seconds.
  path: Assets/Sprites/Environment/bulletSand2.png
  importAddress: Guid(12c5fb1ade241d84db1957c65372d00c) Importer(815301076,1909f56bfc062723c751e8b465ee728b)
Start importing Assets/Sprites/Environment/bulletSand2.png using Guid(12c5fb1ade241d84db1957c65372d00c) Importer(815301076,1909f56bfc062723c751e8b465ee728b) (PreviewImporter) -> (Import Result ID: '13b30b6a17be38423d1940849fc93947') in 0.0212369 seconds [static and dynamic dependencies]. Details - ImportResultOutputID=8248ff25019f6b65a96820984f997712 DependenciesID=a6b6e6ac4af1ad84a57502f19b4f8379 StaticDependenciesID=3d00328f04612b5f1aa1ede9f4cf6e4a 
Number of updated asset objects reloaded before import = 0Number of asset objects unloaded after import = 3

========================================================================
Received Import Request.
  Time since last request: 0.000023 seconds.
  path: Assets/Sprites/Environment/oilSpill_large.png
  importAddress: Guid(1c5da3c2574ae494cbb5fcc1998d4a73) Importer(815301076,1909f56bfc062723c751e8b465ee728b)
Start importing Assets/Sprites/Environment/oilSpill_large.png using Guid(1c5da3c2574ae494cbb5fcc1998d4a73) Importer(815301076,1909f56bfc062723c751e8b465ee728b) (PreviewImporter) -> (Import Result ID: '43eed63ee772ec7ad75eb295b999b1b1') in 0.0202164 seconds [static and dynamic dependencies]. Details - ImportResultOutputID=5246d3199a26f4d351aee0d8586dd562 DependenciesID=c549864c4d88a3b5feb7145170ec8bad StaticDependenciesID=129dfcb22d0b24feb4f873950f41218b 
Number of updated asset objects reloaded before import = 0Number of asset objects unloaded after import = 3

========================================================================
Received Import Request.
  Time since last request: 0.000050 seconds.
  path: Assets/Sprites/Environment/bulletGreen1.png
  importAddress: Guid(6430e53407107454d8b770db664e9761) Importer(815301076,1909f56bfc062723c751e8b465ee728b)
Start importing Assets/Sprites/Environment/bulletGreen1.png using Guid(6430e53407107454d8b770db664e9761) Importer(815301076,1909f56bfc062723c751e8b465ee728b) (PreviewImporter) -> (Import Result ID: '6a9cc7211c5ce986c4ceed8c89756b3f') in 0.0196223 seconds [static and dynamic dependencies]. Details - ImportResultOutputID=b9fa9b33dbdfc2ca705601a920bd8f08 DependenciesID=308265c89a5d33714a987cd4f1105059 StaticDependenciesID=82d2ba7598132230ab3ad4b47b903c8f 
Number of updated asset objects reloaded before import = 0Number of asset objects unloaded after import = 3

========================================================================
Received Import Request.
  Time since last request: 0.000019 seconds.
  path: Assets/Sprites/Environment/oilSpill_small.png
  importAddress: Guid(9528553f513ce2f45bb4ec6b73a7e4f3) Importer(815301076,1909f56bfc062723c751e8b465ee728b)
Start importing Assets/Sprites/Environment/oilSpill_small.png using Guid(9528553f513ce2f45bb4ec6b73a7e4f3) Importer(815301076,1909f56bfc062723c751e8b465ee728b) (PreviewImporter) -> (Import Result ID: '95f3f49d77084a7e0c5b1c645536d95c') in 0.0237927 seconds [static and dynamic dependencies]. Details - ImportResultOutputID=692dda368f647a90cf0fbc01b828d6f7 DependenciesID=d0fb8d8a58eea2a86864db76ac30e74a StaticDependenciesID=0d90b448e7e643aecebb0ebbc644ca39 
Number of updated asset objects reloaded before import = 0Number of asset objects unloaded after import = 3

========================================================================
Received Import Request.
  Time since last request: 0.000020 seconds.
  path: Assets/Sprites/Environment/treeBrown_leaf.png
  importAddress: Guid(b82cfb53a2bb3eb469d8a326a2392e4f) Importer(815301076,1909f56bfc062723c751e8b465ee728b)
Start importing Assets/Sprites/Environment/treeBrown_leaf.png using Guid(b82cfb53a2bb3eb469d8a326a2392e4f) Importer(815301076,1909f56bfc062723c751e8b465ee728b) (PreviewImporter) -> (Import Result ID: 'c64f8e8075dda42e029ccf87e9ca7dd5') in 0.0188409 seconds [static and dynamic dependencies]. Details - ImportResultOutputID=11e477c24d108ee68ee944e3f14439c7 DependenciesID=fb7ea068716f8f4bba608f96b7a4d335 StaticDependenciesID=07fc698cd7e7fa84cd0665776dc70427 
Number of updated asset objects reloaded before import = 0Number of asset objects unloaded after import = 3

========================================================================
Received Import Request.
  Time since last request: 0.000019 seconds.
  path: Assets/Sprites/Environment/bulletDark2_outline.png
  importAddress: Guid(9d9d1311cfd5a9543990ad750a6aa7ef) Importer(815301076,1909f56bfc062723c751e8b465ee728b)
Start importing Assets/Sprites/Environment/bulletDark2_outline.png using Guid(9d9d1311cfd5a9543990ad750a6aa7ef) Importer(815301076,1909f56bfc062723c751e8b465ee728b) (PreviewImporter) -> (Import Result ID: 'f6c81e2bc86752f2ae4a1727e85794b7') in 0.0188968 seconds [static and dynamic dependencies]. Details - ImportResultOutputID=c5d48472394a1e11ffaa6be518f78748 DependenciesID=3cfc3026365d7bf043bd2a3dcc3a210d StaticDependenciesID=a12606a355bf324b54e639683e317c12 
Number of updated asset objects reloaded before import = 0Number of asset objects unloaded after import = 3

========================================================================
Received Import Request.
  Time since last request: 0.000026 seconds.
  path: Assets/Sprites/Environment/treeBrown_large.png
  importAddress: Guid(2248ed9d648d8db41a48c1c5c3cdd53c) Importer(815301076,1909f56bfc062723c751e8b465ee728b)
Start importing Assets/Sprites/Environment/treeBrown_large.png using Guid(2248ed9d648d8db41a48c1c5c3cdd53c) Importer(815301076,1909f56bfc062723c751e8b465ee728b) (PreviewImporter) -> (Import Result ID: 'c62360c87afe99d09cb093b6c646e022') in 0.0201273 seconds [static and dynamic dependencies]. Details - ImportResultOutputID=af9f2f3778ed472790873d19890bbd57 DependenciesID=dd7b1d914e93bcc20e56d32a56eec41a StaticDependenciesID=94b4195994552e8fd1ce4ddf2a472b19 
Number of updated asset objects reloaded before import = 0Number of asset objects unloaded after import = 3

========================================================================
Received Import Request.
  Time since last request: 0.000042 seconds.
  path: Assets/Sprites/Environment/wireCrooked.png
  importAddress: Guid(f2b08571dacdaeb4bb3d254af1234134) Importer(815301076,1909f56bfc062723c751e8b465ee728b)
Start importing Assets/Sprites/Environment/wireCrooked.png using Guid(f2b08571dacdaeb4bb3d254af1234134) Importer(815301076,1909f56bfc062723c751e8b465ee728b) (PreviewImporter) -> (Import Result ID: '9b40378d97f37b2db8c3cb6e7e1d098d') in 0.0243102 seconds [static and dynamic dependencies]. Details - ImportResultOutputID=b21f7347b65d2c7ab9c6b1bdd5aa56af DependenciesID=ab97b43847dddf7a25ee8660c8e37603 StaticDependenciesID=ae47e6e059e0cec8e52a4de89dacca04 
Number of updated asset objects reloaded before import = 0Number of asset objects unloaded after import = 3

========================================================================
Received Import Request.
  Time since last request: 0.000022 seconds.
  path: Assets/Sprites/Environment/sandbagBrown_open.png
  importAddress: Guid(e79a1a9866203b643a86f8f4b1a37734) Importer(815301076,1909f56bfc062723c751e8b465ee728b)
Start importing Assets/Sprites/Environment/sandbagBrown_open.png using Guid(e79a1a9866203b643a86f8f4b1a37734) Importer(815301076,1909f56bfc062723c751e8b465ee728b) (PreviewImporter) -> (Import Result ID: '2c51f8793e20e474d97aac2eeeeff72e') in 0.0193281 seconds [static and dynamic dependencies]. Details - ImportResultOutputID=f4a129e6277a1785218c969244d28bde DependenciesID=08a72ed0311ea2749df6fda70eebc1a5 StaticDependenciesID=a533c4c851291ee1e3b3a878a42ab242 
Number of updated asset objects reloaded before import = 0Number of asset objects unloaded after import = 3

========================================================================
Received Import Request.
  Time since last request: 0.000022 seconds.
  path: Assets/Sprites/Environment/bulletDark3_outline.png
  importAddress: Guid(49787681a8265dd48a0f8f9bf8f41437) Importer(815301076,1909f56bfc062723c751e8b465ee728b)
Start importing Assets/Sprites/Environment/bulletDark3_outline.png using Guid(49787681a8265dd48a0f8f9bf8f41437) Importer(815301076,1909f56bfc062723c751e8b465ee728b) (PreviewImporter) -> (Import Result ID: 'a62e3d100c9e86de395e01cce5096b9b') in 0.0195207 seconds [static and dynamic dependencies]. Details - ImportResultOutputID=24ed274201a7fdd3d2dfb46fb4df9fc0 DependenciesID=9e37de991af0a9559f75512867322c96 StaticDependenciesID=ebbe0dea5767c8f14b5fe8bccfc601c3 
Number of updated asset objects reloaded before import = 0Number of asset objects unloaded after import = 3

========================================================================
Received Import Request.
  Time since last request: 683.803047 seconds.
  path: Assets/Sprites/Tiles/tileGrass2.png
  importAddress: Guid(c91a06c2a3860fa4a9ddd1705e36fa18) Importer(815301076,1909f56bfc062723c751e8b465ee728b)
Start importing Assets/Sprites/Tiles/tileGrass2.png using Guid(c91a06c2a3860fa4a9ddd1705e36fa18) Importer(815301076,1909f56bfc062723c751e8b465ee728b) (PreviewImporter) -> (Import Result ID: 'a21979f0773042eae65a35a72717ecbb') in 0.0252556 seconds [static and dynamic dependencies]. Details - ImportResultOutputID=f8d786606d96acff8c70285882152f02 DependenciesID=23e00022512b7c31f788b026f801a624 StaticDependenciesID=39b670720b0101130458c6ffc78b8614 
Number of updated asset objects reloaded before import = 0Number of asset objects unloaded after import = 3

========================================================================
Received Import Request.
  Time since last request: 0.000028 seconds.
  path: Assets/Sprites/Tiles/tileGrass_roadNorth.png
  importAddress: Guid(3c421b1215a28ff439f62c40c5f2a5f5) Importer(815301076,1909f56bfc062723c751e8b465ee728b)
Start importing Assets/Sprites/Tiles/tileGrass_roadNorth.png using Guid(3c421b1215a28ff439f62c40c5f2a5f5) Importer(815301076,1909f56bfc062723c751e8b465ee728b) (PreviewImporter) -> (Import Result ID: 'bb2d29e2c7855ef66308b6dad9dedae1') in 0.0163107 seconds [static and dynamic dependencies]. Details - ImportResultOutputID=9a802b0090fa9820d6abe98476e706c1 DependenciesID=560765d3e6395cdff03efe891540a9c0 StaticDependenciesID=9463d8e940adad37dc88b20f3818920e 
Number of updated asset objects reloaded before import = 0Number of asset objects unloaded after import = 3

========================================================================
Received Import Request.
  Time since last request: 0.000048 seconds.
  path: Assets/Sprites/Tiles/tileGrass_roadCrossing.png
  importAddress: Guid(ecb3fecd32519f1448451272226db517) Importer(815301076,1909f56bfc062723c751e8b465ee728b)
Start importing Assets/Sprites/Tiles/tileGrass_roadCrossing.png using Guid(ecb3fecd32519f1448451272226db517) Importer(815301076,1909f56bfc062723c751e8b465ee728b) (PreviewImporter) -> (Import Result ID: 'd779f26e633c74546bea8ffdb6130bff') in 0.0177319 seconds [static and dynamic dependencies]. Details - ImportResultOutputID=64b02d5bc0ca0033672b68ace2ae4fd0 DependenciesID=c77518d22da1a3e7e7ebda82510b79db StaticDependenciesID=394c662a150b3e35fa08b6819e17ea9a 
Number of updated asset objects reloaded before import = 0Number of asset objects unloaded after import = 3

========================================================================
Received Import Request.
  Time since last request: 0.000024 seconds.
  path: Assets/Sprites/Tiles/tileGrass_roadTransitionW.png
  importAddress: Guid(b7c4bf520509f50488e7ca4513b2c341) Importer(815301076,1909f56bfc062723c751e8b465ee728b)
Start importing Assets/Sprites/Tiles/tileGrass_roadTransitionW.png using Guid(b7c4bf520509f50488e7ca4513b2c341) Importer(815301076,1909f56bfc062723c751e8b465ee728b) (PreviewImporter) -> (Import Result ID: 'e80b998f5a105a02ed5a5998dcd8339a') in 0.0199469 seconds [static and dynamic dependencies]. Details - ImportResultOutputID=107e20fbde38ffaf831d236ddb1608a5 DependenciesID=e6a374224adf35aa85037e565ddba1a0 StaticDependenciesID=70aa003b9ee55a410ade58a5c3024645 
Number of updated asset objects reloaded before import = 0Number of asset objects unloaded after import = 3

========================================================================
Received Import Request.
  Time since last request: 0.000021 seconds.
  path: Assets/Sprites/Tiles/tileGrass_transitionS.png
  importAddress: Guid(b4f7b2676e3c3084abb507a937ffd378) Importer(815301076,1909f56bfc062723c751e8b465ee728b)
Start importing Assets/Sprites/Tiles/tileGrass_transitionS.png using Guid(b4f7b2676e3c3084abb507a937ffd378) Importer(815301076,1909f56bfc062723c751e8b465ee728b) (PreviewImporter) -> (Import Result ID: '8bc2d7a2abf1d5255a4fa4b7d930222f') in 0.0116683 seconds [static and dynamic dependencies]. Details - ImportResultOutputID=5ae25bbf060e5eafca080951ed80f73e DependenciesID=7f9477776094a9bfa5f8323f2d0f9907 StaticDependenciesID=7d27764e64e2203e2becf02e36b0767b 
Number of updated asset objects reloaded before import = 0Number of asset objects unloaded after import = 3

========================================================================
Received Import Request.
  Time since last request: 0.000020 seconds.
  path: Assets/Sprites/Tiles/tileGrass_roadCornerUR.png
  importAddress: Guid(2bf60ad39c5efc04fb619daa088df346) Importer(815301076,1909f56bfc062723c751e8b465ee728b)
Start importing Assets/Sprites/Tiles/tileGrass_roadCornerUR.png using Guid(2bf60ad39c5efc04fb619daa088df346) Importer(815301076,1909f56bfc062723c751e8b465ee728b) (PreviewImporter) -> (Import Result ID: '2671dcd5e269e855c987aab1d6313166') in 0.0104358 seconds [static and dynamic dependencies]. Details - ImportResultOutputID=cdf06ec5eefde011cfedf091e5d635a4 DependenciesID=02bc5bd80984cc50a4bd42e57c2d7bba StaticDependenciesID=e9ba90c80d13f6eda626f911cead0fd7 
Number of updated asset objects reloaded before import = 0Number of asset objects unloaded after import = 3

========================================================================
Received Import Request.
  Time since last request: 0.000024 seconds.
  path: Assets/Sprites/Tiles/tileGrass_roadSplitS.png
  importAddress: Guid(7df134c1bba73a340ae77eab9abed271) Importer(815301076,1909f56bfc062723c751e8b465ee728b)
Start importing Assets/Sprites/Tiles/tileGrass_roadSplitS.png using Guid(7df134c1bba73a340ae77eab9abed271) Importer(815301076,1909f56bfc062723c751e8b465ee728b) (PreviewImporter) -> (Import Result ID: 'ad709310f0a0a4a0057317f774520d84') in 0.0125838 seconds [static and dynamic dependencies]. Details - ImportResultOutputID=120f8a50152b0b3c67a11e1c83a2d9fd DependenciesID=b0ce659810c5d6fd35e84b18dcd55d26 StaticDependenciesID=072b79c2163283d4f584550fe2071050 
Number of updated asset objects reloaded before import = 0Number of asset objects unloaded after import = 3

========================================================================
Received Import Request.
  Time since last request: 0.000074 seconds.
  path: Assets/Sprites/Tiles/tileSand_roadCornerUL.png
  importAddress: Guid(f4970fdc584248949a7a5cbb47377470) Importer(815301076,1909f56bfc062723c751e8b465ee728b)
Start importing Assets/Sprites/Tiles/tileSand_roadCornerUL.png using Guid(f4970fdc584248949a7a5cbb47377470) Importer(815301076,1909f56bfc062723c751e8b465ee728b) (PreviewImporter) -> (Import Result ID: '0fb8d65e0a7fd9bef142f4ea68cddf37') in 0.011076 seconds [static and dynamic dependencies]. Details - ImportResultOutputID=4ed3458a9a8bd5b52347b08f91b69837 DependenciesID=a48df42498037660d001b91b6082fe78 StaticDependenciesID=2f9bb821230549cb334348af4c8b9a90 
Number of updated asset objects reloaded before import = 0Number of asset objects unloaded after import = 3

========================================================================
Received Import Request.
  Time since last request: 0.000021 seconds.
  path: Assets/Sprites/Tiles/tileGrass_roadTransitionN_dirt.png
  importAddress: Guid(b3a6a15903b5cee4ab7a198fefddcc0d) Importer(815301076,1909f56bfc062723c751e8b465ee728b)
Start importing Assets/Sprites/Tiles/tileGrass_roadTransitionN_dirt.png using Guid(b3a6a15903b5cee4ab7a198fefddcc0d) Importer(815301076,1909f56bfc062723c751e8b465ee728b) (PreviewImporter) -> (Import Result ID: '519119e915d63692eecb09c96ab0a0b9') in 0.0106643 seconds [static and dynamic dependencies]. Details - ImportResultOutputID=d227186e1a9ca3250d7790366a9b8971 DependenciesID=d1bd4ecc1cd13f5cc180fca382e099fc StaticDependenciesID=5679a0c1611a43c6f9dafbf04b2591c4 
Number of updated asset objects reloaded before import = 0Number of asset objects unloaded after import = 3

========================================================================
Received Import Request.
  Time since last request: 0.000024 seconds.
  path: Assets/Sprites/Tiles/tileSand_roadCornerLR.png
  importAddress: Guid(380cf5e4a94e8994ca5a996d8b3b9806) Importer(815301076,1909f56bfc062723c751e8b465ee728b)
Start importing Assets/Sprites/Tiles/tileSand_roadCornerLR.png using Guid(380cf5e4a94e8994ca5a996d8b3b9806) Importer(815301076,1909f56bfc062723c751e8b465ee728b) (PreviewImporter) -> (Import Result ID: '121a7c60fe80cb84751e39851ca320e0') in 0.0113195 seconds [static and dynamic dependencies]. Details - ImportResultOutputID=331c759820b8261cae5331a6854bc3d0 DependenciesID=621782e9d7bd00053e1259a1a8b3c4de StaticDependenciesID=23327db385148cdad58098cb87ff65a0 
Number of updated asset objects reloaded before import = 0Number of asset objects unloaded after import = 3

========================================================================
Received Import Request.
  Time since last request: 0.000025 seconds.
  path: Assets/Sprites/Tiles/tileGrass_roadTransitionE_dirt.png
  importAddress: Guid(00551ad9088983f45b8eafe3e8f9d2f7) Importer(815301076,1909f56bfc062723c751e8b465ee728b)
Start importing Assets/Sprites/Tiles/tileGrass_roadTransitionE_dirt.png using Guid(00551ad9088983f45b8eafe3e8f9d2f7) Importer(815301076,1909f56bfc062723c751e8b465ee728b) (PreviewImporter) -> (Import Result ID: '257f8fc6cb10556e84743d22b1018001') in 0.0186061 seconds [static and dynamic dependencies]. Details - ImportResultOutputID=f78f6c370c465d5f91f0f1b0fa0a6399 DependenciesID=63c421ddfe429753ff704e99a81a3ac6 StaticDependenciesID=4a1c24f695ab1d602aa20c68f4547842 
Number of updated asset objects reloaded before import = 0Number of asset objects unloaded after import = 3

========================================================================
Received Import Request.
  Time since last request: 0.000029 seconds.
  path: Assets/Sprites/Tiles/tileGrass_transitionE.png
  importAddress: Guid(7f10c117265c07642a93335db80fb522) Importer(815301076,1909f56bfc062723c751e8b465ee728b)
Start importing Assets/Sprites/Tiles/tileGrass_transitionE.png using Guid(7f10c117265c07642a93335db80fb522) Importer(815301076,1909f56bfc062723c751e8b465ee728b) (PreviewImporter) -> (Import Result ID: '4551e5dc95704856233f8dd2780c0fde') in 0.0113199 seconds [static and dynamic dependencies]. Details - ImportResultOutputID=29742c849a9cf805a8b0798fde92b7b2 DependenciesID=9a80564c953fdbb936f4cb1603c13257 StaticDependenciesID=9e388f0ffe4df9473f891f002501cd6a 
Number of updated asset objects reloaded before import = 0Number of asset objects unloaded after import = 3

========================================================================
Received Import Request.
  Time since last request: 0.000037 seconds.
  path: Assets/Sprites/Tiles/tileGrass_roadTransitionW_dirt.png
  importAddress: Guid(2a949ed049daab8419f490d3b52c6ddc) Importer(815301076,1909f56bfc062723c751e8b465ee728b)
Start importing Assets/Sprites/Tiles/tileGrass_roadTransitionW_dirt.png using Guid(2a949ed049daab8419f490d3b52c6ddc) Importer(815301076,1909f56bfc062723c751e8b465ee728b) (PreviewImporter) -> (Import Result ID: '29f025181bd392b5341d5f9996eb5c05') in 0.012108 seconds [static and dynamic dependencies]. Details - ImportResultOutputID=26f428fbad6053abb3304842e6e8979d DependenciesID=74f79a4e7fcd156173baabdcde5e7ab4 StaticDependenciesID=b39ac547c6d4e995c639ff1686763c54 
Number of updated asset objects reloaded before import = 0Number of asset objects unloaded after import = 3

========================================================================
Received Import Request.
  Time since last request: 0.000020 seconds.
  path: Assets/Sprites/Tiles/tileGrass_roadEast.png
  importAddress: Guid(de290dc4e3301ba45bbc093cdce88aa1) Importer(815301076,1909f56bfc062723c751e8b465ee728b)
Start importing Assets/Sprites/Tiles/tileGrass_roadEast.png using Guid(de290dc4e3301ba45bbc093cdce88aa1) Importer(815301076,1909f56bfc062723c751e8b465ee728b) (PreviewImporter) -> (Import Result ID: 'e39486a3809c206f6faff8efb5431448') in 0.0108331 seconds [static and dynamic dependencies]. Details - ImportResultOutputID=7ecd8ac9f1bcedb3229e50cebba4f2e0 DependenciesID=ac635a7ea6d71746bc0e31be796b95db StaticDependenciesID=e7ab24518488decd53b40d6ebed9b848 
Number of updated asset objects reloaded before import = 0Number of asset objects unloaded after import = 3

========================================================================
Received Import Request.
  Time since last request: 0.000024 seconds.
  path: Assets/Sprites/Tiles/tileGrass_roadCornerLL.png
  importAddress: Guid(21bc999967f337d488413ac301fe4f56) Importer(815301076,1909f56bfc062723c751e8b465ee728b)
Start importing Assets/Sprites/Tiles/tileGrass_roadCornerLL.png using Guid(21bc999967f337d488413ac301fe4f56) Importer(815301076,1909f56bfc062723c751e8b465ee728b) (PreviewImporter) -> (Import Result ID: '3f7dc5bb8aac8f98825116cbe905aea2') in 0.011498 seconds [static and dynamic dependencies]. Details - ImportResultOutputID=31c9f0f8d33c59bd3f2d4ecc11abcc87 DependenciesID=382ce0ade5d38b98a1378b30189d3eeb StaticDependenciesID=d440f294ba8725449e6e2f5ce07aae76 
Number of updated asset objects reloaded before import = 0Number of asset objects unloaded after import = 3

========================================================================
Received Import Request.
  Time since last request: 0.000021 seconds.
  path: Assets/Sprites/Tiles/tileSand1.png
  importAddress: Guid(69386e21109bd424496b1045251f7fac) Importer(815301076,1909f56bfc062723c751e8b465ee728b)
Start importing Assets/Sprites/Tiles/tileSand1.png using Guid(69386e21109bd424496b1045251f7fac) Importer(815301076,1909f56bfc062723c751e8b465ee728b) (PreviewImporter) -> (Import Result ID: 'a8758cf27d590ce5a3815bbfe605c019') in 0.0114971 seconds [static and dynamic dependencies]. Details - ImportResultOutputID=7dbe5b06fd912e02255fca4e24efd378 DependenciesID=1988e5b6832a921be6b4f786a6d3634a StaticDependenciesID=d54eb6ad72ec292efaa5121cdbac1509 
Number of updated asset objects reloaded before import = 0Number of asset objects unloaded after import = 3

========================================================================
Received Import Request.
  Time since last request: 0.000025 seconds.
  path: Assets/Sprites/Tiles/tileGrass_roadCornerUR.png
  importAddress: Guid(2bf60ad39c5efc04fb619daa088df346) Importer(2089858483,b0f066a214c2f5e87bad3c948f4d605d)
Start importing Assets/Sprites/Tiles/tileGrass_roadCornerUR.png using Guid(2bf60ad39c5efc04fb619daa088df346) Importer(2089858483,b0f066a214c2f5e87bad3c948f4d605d) (ScriptedImporter) -> (Import Result ID: '788a4491d8aace530431da7ea78ff8f6') in 0.0210527 seconds [static and dynamic dependencies]. Details - ImportResultOutputID=00a0cbd85fbc6f0447d92a788ecf11c2 DependenciesID=8740c8d1234177acd1d233352422daf9 StaticDependenciesID=f85498a7bbe5995d4b9aeddcb31b4a75 
Number of updated asset objects reloaded before import = 0Number of asset objects unloaded after import = 3

========================================================================
Received Import Request.
  Time since last request: 0.000026 seconds.
  path: Assets/Sprites/Tiles/tileGrass1.png
  importAddress: Guid(41d0dc1b2ace54c498ce659457da6117) Importer(2089858483,b0f066a214c2f5e87bad3c948f4d605d)
Start importing Assets/Sprites/Tiles/tileGrass1.png using Guid(41d0dc1b2ace54c498ce659457da6117) Importer(2089858483,b0f066a214c2f5e87bad3c948f4d605d) (ScriptedImporter) -> (Import Result ID: 'c138b39b0e0dde2f64f5075be8323eb8') in 0.017869 seconds [static and dynamic dependencies]. Details - ImportResultOutputID=168577b0c26f44081d53962b6d76eda6 DependenciesID=2736a37770d3f1d88b70630892682ad4 StaticDependenciesID=a681f022ea71a5d9f0c3328b1c967670 
Number of updated asset objects reloaded before import = 0Number of asset objects unloaded after import = 3

========================================================================
Received Import Request.
  Time since last request: 0.000037 seconds.
  path: Assets/Sprites/Tiles/tileGrass_roadSplitN.png
  importAddress: Guid(787c29973c589834aa9c23c4a8f38499) Importer(2089858483,b0f066a214c2f5e87bad3c948f4d605d)
Start importing Assets/Sprites/Tiles/tileGrass_roadSplitN.png using Guid(787c29973c589834aa9c23c4a8f38499) Importer(2089858483,b0f066a214c2f5e87bad3c948f4d605d) (ScriptedImporter) -> (Import Result ID: 'f952d856931f482db15a56ac26333215') in 0.016557 seconds [static and dynamic dependencies]. Details - ImportResultOutputID=e766e725f0a8ef111be1d616a1cb77cc DependenciesID=a3ff9ceb7f8ae0d0ac0a80538ded2927 StaticDependenciesID=fa7b114a14a8046ab69e11354c4171bb 
Number of updated asset objects reloaded before import = 0Number of asset objects unloaded after import = 3

========================================================================
Received Import Request.
  Time since last request: 0.000033 seconds.
  path: Assets/Sprites/Tiles/tileGrass_roadTransitionN_dirt.png
  importAddress: Guid(b3a6a15903b5cee4ab7a198fefddcc0d) Importer(2089858483,b0f066a214c2f5e87bad3c948f4d605d)
Start importing Assets/Sprites/Tiles/tileGrass_roadTransitionN_dirt.png using Guid(b3a6a15903b5cee4ab7a198fefddcc0d) Importer(2089858483,b0f066a214c2f5e87bad3c948f4d605d) (ScriptedImporter) -> (Import Result ID: '55ce7c1198698738f52f481eb926fda8') in 0.0176003 seconds [static and dynamic dependencies]. Details - ImportResultOutputID=9eda495ec987a328d601aa69a558a122 DependenciesID=50691a140866061ca9e892af9509dfff StaticDependenciesID=ae65c0f601f6d9c0db5055ab56afc5f2 
Number of updated asset objects reloaded before import = 0Number of asset objects unloaded after import = 3

========================================================================
Received Import Request.
  Time since last request: 0.000027 seconds.
  path: Assets/Sprites/Tiles/tileSand_roadCornerUR.png
  importAddress: Guid(2659920e193605840a4a18775d2c2e95) Importer(2089858483,b0f066a214c2f5e87bad3c948f4d605d)
Start importing Assets/Sprites/Tiles/tileSand_roadCornerUR.png using Guid(2659920e193605840a4a18775d2c2e95) Importer(2089858483,b0f066a214c2f5e87bad3c948f4d605d) (ScriptedImporter) -> (Import Result ID: '54b05c4225f328a20747fe45b3b9e043') in 0.023335 seconds [static and dynamic dependencies]. Details - ImportResultOutputID=c6ac91eeb4cf4141504fd59c73fe65e1 DependenciesID=8949d229e31e36145fc9d0aea2ccfb29 StaticDependenciesID=999ab52da0e7c017364c7d9d68e9b5d8 
Number of updated asset objects reloaded before import = 0Number of asset objects unloaded after import = 3

========================================================================
Received Import Request.
  Time since last request: 0.000025 seconds.
  path: Assets/Sprites/Tiles/tileGrass_roadNorth.png
  importAddress: Guid(3c421b1215a28ff439f62c40c5f2a5f5) Importer(2089858483,b0f066a214c2f5e87bad3c948f4d605d)
Start importing Assets/Sprites/Tiles/tileGrass_roadNorth.png using Guid(3c421b1215a28ff439f62c40c5f2a5f5) Importer(2089858483,b0f066a214c2f5e87bad3c948f4d605d) (ScriptedImporter) -> (Import Result ID: 'f221a830ac437404c715cb5817763451') in 0.0193707 seconds [static and dynamic dependencies]. Details - ImportResultOutputID=8f8ac0d2f021c0f5bf6b17b02e37dc1f DependenciesID=e7c2fdefb3a76729d44ef288ba489ef1 StaticDependenciesID=baf3dd3dfeea61f8ef52630c29f82ee3 
Number of updated asset objects reloaded before import = 0Number of asset objects unloaded after import = 3

========================================================================
Received Import Request.
  Time since last request: 0.000065 seconds.
  path: Assets/Sprites/Tiles/tileGrass_transitionW.png
  importAddress: Guid(a016524ff22896b488164c26cf3cd978) Importer(2089858483,b0f066a214c2f5e87bad3c948f4d605d)
Start importing Assets/Sprites/Tiles/tileGrass_transitionW.png using Guid(a016524ff22896b488164c26cf3cd978) Importer(2089858483,b0f066a214c2f5e87bad3c948f4d605d) (ScriptedImporter) -> (Import Result ID: 'b74ed77138573973da3e08cf222b1b26') in 0.0168705 seconds [static and dynamic dependencies]. Details - ImportResultOutputID=5e7a8dedec5a6129f3be86002e13025a DependenciesID=e57bc36194fe917893e9b87db85530af StaticDependenciesID=e29bd4182c0c99f464408f2bef6b5aad 
Number of updated asset objects reloaded before import = 0Number of asset objects unloaded after import = 3

========================================================================
Received Import Request.
  Time since last request: 0.000029 seconds.
  path: Assets/Sprites/Tiles/tileGrass_roadEast.png
  importAddress: Guid(de290dc4e3301ba45bbc093cdce88aa1) Importer(2089858483,b0f066a214c2f5e87bad3c948f4d605d)
Start importing Assets/Sprites/Tiles/tileGrass_roadEast.png using Guid(de290dc4e3301ba45bbc093cdce88aa1) Importer(2089858483,b0f066a214c2f5e87bad3c948f4d605d) (ScriptedImporter) -> (Import Result ID: '5b785e8f3fa54eeb4a4b047c37bc0fc4') in 0.0176347 seconds [static and dynamic dependencies]. Details - ImportResultOutputID=fd80cfbae25b893a8277b9f118c94210 DependenciesID=9efe87f9c8d11d130e6466a48842629c StaticDependenciesID=0e5d0f60af87d2c8c55e030143aec452 
Number of updated asset objects reloaded before import = 0Number of asset objects unloaded after import = 3

========================================================================
Received Import Request.
  Time since last request: 0.000027 seconds.
  path: Assets/Sprites/Tiles/tileSand_roadCrossing.png
  importAddress: Guid(e9ffe222e9a80a84bb0fad99851b18b2) Importer(2089858483,b0f066a214c2f5e87bad3c948f4d605d)
Start importing Assets/Sprites/Tiles/tileSand_roadCrossing.png using Guid(e9ffe222e9a80a84bb0fad99851b18b2) Importer(2089858483,b0f066a214c2f5e87bad3c948f4d605d) (ScriptedImporter) -> (Import Result ID: '94e42f5856fc55c2546e877974683bef') in 0.0188434 seconds [static and dynamic dependencies]. Details - ImportResultOutputID=25f782f9fb0212184e6c92c6002c9e09 DependenciesID=e4f6d4f954941f6f05ae1d4f0c8a821c StaticDependenciesID=b9fdb333885da8cfdc930c93ebf759b6 
Number of updated asset objects reloaded before import = 0Number of asset objects unloaded after import = 3

========================================================================
Received Import Request.
  Time since last request: 0.000025 seconds.
  path: Assets/Sprites/Tiles/tileGrass_roadCrossingRound.png
  importAddress: Guid(ea0bdfca02f261645ab79a3968d77fc0) Importer(2089858483,b0f066a214c2f5e87bad3c948f4d605d)
Start importing Assets/Sprites/Tiles/tileGrass_roadCrossingRound.png using Guid(ea0bdfca02f261645ab79a3968d77fc0) Importer(2089858483,b0f066a214c2f5e87bad3c948f4d605d) (ScriptedImporter) -> (Import Result ID: '30910df1ad7a4fa22daa383783b0b9fb') in 0.0198059 seconds [static and dynamic dependencies]. Details - ImportResultOutputID=ded9ae3153b13bf6100fe72c202a2856 DependenciesID=86be6ef36469874a9bdc7cde009d4124 StaticDependenciesID=9b13b740153ad43fccb03f974b743ae1 
Number of updated asset objects reloaded before import = 0Number of asset objects unloaded after import = 3

========================================================================
Received Import Request.
  Time since last request: 0.000024 seconds.
  path: Assets/Sprites/Tiles/tileSand_roadSplitS.png
  importAddress: Guid(039232c8b8cbb47408b17017789dddae) Importer(2089858483,b0f066a214c2f5e87bad3c948f4d605d)
Start importing Assets/Sprites/Tiles/tileSand_roadSplitS.png using Guid(039232c8b8cbb47408b17017789dddae) Importer(2089858483,b0f066a214c2f5e87bad3c948f4d605d) (ScriptedImporter) -> (Import Result ID: '41161ec23c691e0f7070440d80a7c922') in 0.0175337 seconds [static and dynamic dependencies]. Details - ImportResultOutputID=56c20c08859bd406bf47df09078911a0 DependenciesID=9f7aae4e8466d93c58971788047a9472 StaticDependenciesID=2ffc79e48b0f7b57b4c16efbccc67f5b 
Number of updated asset objects reloaded before import = 0Number of asset objects unloaded after import = 3

========================================================================
Received Import Request.
  Time since last request: 0.000024 seconds.
  path: Assets/Sprites/Tiles/tileSand2.png
  importAddress: Guid(9859d09b6fc9bfa4688133f756096308) Importer(2089858483,b0f066a214c2f5e87bad3c948f4d605d)
Start importing Assets/Sprites/Tiles/tileSand2.png using Guid(9859d09b6fc9bfa4688133f756096308) Importer(2089858483,b0f066a214c2f5e87bad3c948f4d605d) (ScriptedImporter) -> (Import Result ID: '75cd3bfc2f050de10db24db13b111848') in 0.0172739 seconds [static and dynamic dependencies]. Details - ImportResultOutputID=96e8f23d063fcd1c3087ebe9d6f6853b DependenciesID=7b239d5af4539e24ceafadb8a14afd36 StaticDependenciesID=ace619b9ee0067966a4edf04b1a05f86 
Number of updated asset objects reloaded before import = 0Number of asset objects unloaded after import = 3

========================================================================
Received Import Request.
  Time since last request: 0.000038 seconds.
  path: Assets/Sprites/Tiles/tileSand_roadSplitN.png
  importAddress: Guid(6ca2ed8a864b11e4ea5832fbfaaf74e2) Importer(2089858483,b0f066a214c2f5e87bad3c948f4d605d)
Start importing Assets/Sprites/Tiles/tileSand_roadSplitN.png using Guid(6ca2ed8a864b11e4ea5832fbfaaf74e2) Importer(2089858483,b0f066a214c2f5e87bad3c948f4d605d) (ScriptedImporter) -> (Import Result ID: '2624bde956097510e438188818c9dd72') in 0.0201022 seconds [static and dynamic dependencies]. Details - ImportResultOutputID=65182f055abba5deecb1c95bb88cd06e DependenciesID=ef2ac03f26d82cd224dc22b973c4c5ea StaticDependenciesID=9cbd980508c78ea0cde819d2a568dbc4 
Number of updated asset objects reloaded before import = 0Number of asset objects unloaded after import = 3

========================================================================
Received Import Request.
  Time since last request: 0.000026 seconds.
  path: Assets/Sprites/Tiles/tileGrass_transitionS.png
  importAddress: Guid(b4f7b2676e3c3084abb507a937ffd378) Importer(2089858483,b0f066a214c2f5e87bad3c948f4d605d)
Start importing Assets/Sprites/Tiles/tileGrass_transitionS.png using Guid(b4f7b2676e3c3084abb507a937ffd378) Importer(2089858483,b0f066a214c2f5e87bad3c948f4d605d) (ScriptedImporter) -> (Import Result ID: 'c34d822ab780554254a186d5cddaa308') in 0.0251994 seconds [static and dynamic dependencies]. Details - ImportResultOutputID=7fbab738a25f1a560f69bbd6dbbea630 DependenciesID=3d85c9c8e4c34ad1894f76af8533d833 StaticDependenciesID=03949e23172fe972463ffdea22661b22 
Number of updated asset objects reloaded before import = 0Number of asset objects unloaded after import = 3

========================================================================
Received Import Request.
  Time since last request: 0.000041 seconds.
  path: Assets/Sprites/Tiles/tileGrass_roadTransitionW_dirt.png
  importAddress: Guid(2a949ed049daab8419f490d3b52c6ddc) Importer(2089858483,b0f066a214c2f5e87bad3c948f4d605d)
Start importing Assets/Sprites/Tiles/tileGrass_roadTransitionW_dirt.png using Guid(2a949ed049daab8419f490d3b52c6ddc) Importer(2089858483,b0f066a214c2f5e87bad3c948f4d605d) (ScriptedImporter) -> (Import Result ID: '90d87f63804a9b0577d9ad955d4ddc45') in 0.0224262 seconds [static and dynamic dependencies]. Details - ImportResultOutputID=08e19c12c388a760339124314af58ea9 DependenciesID=cf93d60c64c1b2edb87454c21129993c StaticDependenciesID=38d45d95b361497c9ce813ca5c4bc682 
Number of updated asset objects reloaded before import = 0Number of asset objects unloaded after import = 3

========================================================================
Received Import Request.
  Time since last request: 0.000024 seconds.
  path: Assets/Sprites/Tiles/tileGrass_roadSplitW.png
  importAddress: Guid(047f3de344ce2c8418fe83cbea0e8a69) Importer(815301076,1909f56bfc062723c751e8b465ee728b)
Start importing Assets/Sprites/Tiles/tileGrass_roadSplitW.png using Guid(047f3de344ce2c8418fe83cbea0e8a69) Importer(815301076,1909f56bfc062723c751e8b465ee728b) (PreviewImporter) -> (Import Result ID: 'b79ddac2b4431112ecefc3c73b8895bb') in 0.0125907 seconds [static and dynamic dependencies]. Details - ImportResultOutputID=5d6586c59ae906e17bf91d13ccab11d1 DependenciesID=21e1b7a09e156dd646d642b643eb9000 StaticDependenciesID=98390e2e6d2b9ee79f295d7202bba974 
Number of updated asset objects reloaded before import = 0Number of asset objects unloaded after import = 3

========================================================================
Received Import Request.
  Time since last request: 0.000038 seconds.
  path: Assets/Sprites/Tiles/tileGrass_roadTransitionN.png
  importAddress: Guid(ea92dd1bad62868459e646a484841524) Importer(815301076,1909f56bfc062723c751e8b465ee728b)
Start importing Assets/Sprites/Tiles/tileGrass_roadTransitionN.png using Guid(ea92dd1bad62868459e646a484841524) Importer(815301076,1909f56bfc062723c751e8b465ee728b) (PreviewImporter) -> (Import Result ID: '898e31d1e4e04964e9cde9434efa0ffe') in 0.0151549 seconds [static and dynamic dependencies]. Details - ImportResultOutputID=20a5e800d1be2a3f6f4918e81b8ae7f8 DependenciesID=e2387cbc4e7cccac4e52d2a8b827e10e StaticDependenciesID=9c7a0eed0bd3edb1817a4a706be58fe8 
Number of updated asset objects reloaded before import = 0Number of asset objects unloaded after import = 3

========================================================================
Received Import Request.
  Time since last request: 0.000041 seconds.
  path: Assets/Sprites/Tiles/tileGrass_roadSplitE.png
  importAddress: Guid(5db7334cf2555c0429b858c7e10ad043) Importer(2089858483,b0f066a214c2f5e87bad3c948f4d605d)
Start importing Assets/Sprites/Tiles/tileGrass_roadSplitE.png using Guid(5db7334cf2555c0429b858c7e10ad043) Importer(2089858483,b0f066a214c2f5e87bad3c948f4d605d) (ScriptedImporter) -> (Import Result ID: '323a435059fcb456e24fa1f9face5be6') in 0.0154527 seconds [static and dynamic dependencies]. Details - ImportResultOutputID=02c90845d5e69e825dee68efa77739a1 DependenciesID=b688abfed336d14de0f2ae54abd0399e StaticDependenciesID=56a41999af4085b9898e42c5f536489a 
Number of updated asset objects reloaded before import = 0Number of asset objects unloaded after import = 3

========================================================================
Received Import Request.
  Time since last request: 0.000019 seconds.
  path: Assets/Sprites/Tiles/tileGrass_roadTransitionN.png
  importAddress: Guid(ea92dd1bad62868459e646a484841524) Importer(2089858483,b0f066a214c2f5e87bad3c948f4d605d)
Start importing Assets/Sprites/Tiles/tileGrass_roadTransitionN.png using Guid(ea92dd1bad62868459e646a484841524) Importer(2089858483,b0f066a214c2f5e87bad3c948f4d605d) (ScriptedImporter) -> (Import Result ID: 'e608e343ee4b766d9f25fc3c14ba4a51') in 0.0198403 seconds [static and dynamic dependencies]. Details - ImportResultOutputID=05e42ea9067cd57a671486b3feaaead9 DependenciesID=6973d0ddcd5f309589a4f4b285111073 StaticDependenciesID=01cbe397987aea96361a848018db88e2 
Number of updated asset objects reloaded before import = 0Number of asset objects unloaded after import = 3

========================================================================
Received Import Request.
  Time since last request: 0.000036 seconds.
  path: Assets/Sprites/Tiles/tileSand_roadCornerLR.png
  importAddress: Guid(380cf5e4a94e8994ca5a996d8b3b9806) Importer(2089858483,b0f066a214c2f5e87bad3c948f4d605d)
Start importing Assets/Sprites/Tiles/tileSand_roadCornerLR.png using Guid(380cf5e4a94e8994ca5a996d8b3b9806) Importer(2089858483,b0f066a214c2f5e87bad3c948f4d605d) (ScriptedImporter) -> (Import Result ID: '45115952f46bdb43b7d54d377a95b047') in 0.0221367 seconds [static and dynamic dependencies]. Details - ImportResultOutputID=eb7140b7db4f5fbd9bcc456f6b64e734 DependenciesID=4278b200b345cd92ab5618c17b738ddd StaticDependenciesID=69831e5da04e5e216fd5d8a250ca39b3 
Number of updated asset objects reloaded before import = 0Number of asset objects unloaded after import = 3

========================================================================
Received Import Request.
  Time since last request: 0.000034 seconds.
  path: Assets/Sprites/Tiles/tileGrass_roadTransitionE_dirt.png
  importAddress: Guid(00551ad9088983f45b8eafe3e8f9d2f7) Importer(2089858483,b0f066a214c2f5e87bad3c948f4d605d)
Start importing Assets/Sprites/Tiles/tileGrass_roadTransitionE_dirt.png using Guid(00551ad9088983f45b8eafe3e8f9d2f7) Importer(2089858483,b0f066a214c2f5e87bad3c948f4d605d) (ScriptedImporter) -> (Import Result ID: '00d217d46f180661717ec00e7327970e') in 0.0161076 seconds [static and dynamic dependencies]. Details - ImportResultOutputID=adc293204c6bd8b182e8dac09e458db4 DependenciesID=c692189c847c7ae3cb882769ca61dcc6 StaticDependenciesID=ede5ee6d0b9f4f4a525a053824da7faf 
Number of updated asset objects reloaded before import = 0Number of asset objects unloaded after import = 3

========================================================================
Received Import Request.
  Time since last request: 0.000023 seconds.
  path: Assets/Sprites/Tiles/tileGrass_roadCornerUL.png
  importAddress: Guid(4faa0e66d5bb2b44096b91d6be5a587f) Importer(2089858483,b0f066a214c2f5e87bad3c948f4d605d)
Start importing Assets/Sprites/Tiles/tileGrass_roadCornerUL.png using Guid(4faa0e66d5bb2b44096b91d6be5a587f) Importer(2089858483,b0f066a214c2f5e87bad3c948f4d605d) (ScriptedImporter) -> (Import Result ID: 'e81fe1aa5f80be978bd53bfd640f8deb') in 0.0215919 seconds [static and dynamic dependencies]. Details - ImportResultOutputID=1ef74fd1f2ab2e367ff4bf203518e016 DependenciesID=715173b5db22a212e76c5bac5b3176bb StaticDependenciesID=51dfd22b63087150d59c5913a6c38c38 
Number of updated asset objects reloaded before import = 0Number of asset objects unloaded after import = 3

========================================================================
Received Import Request.
  Time since last request: 0.000023 seconds.
  path: Assets/Sprites/Tiles/tileGrass_roadSplitS.png
  importAddress: Guid(7df134c1bba73a340ae77eab9abed271) Importer(2089858483,b0f066a214c2f5e87bad3c948f4d605d)
Start importing Assets/Sprites/Tiles/tileGrass_roadSplitS.png using Guid(7df134c1bba73a340ae77eab9abed271) Importer(2089858483,b0f066a214c2f5e87bad3c948f4d605d) (ScriptedImporter) -> (Import Result ID: '6c1eabd3b049db02d7a0f0f28367eab5') in 0.0270968 seconds [static and dynamic dependencies]. Details - ImportResultOutputID=7a073439b464560c8f5caf747fd53329 DependenciesID=60dcb4b96950f8c18346b12f8e1822c8 StaticDependenciesID=65cbc1bf51aa9c060258271e57da5b45 
Number of updated asset objects reloaded before import = 0Number of asset objects unloaded after import = 3

========================================================================
Received Import Request.
  Time since last request: 0.000022 seconds.
  path: Assets/Sprites/Tiles/tileGrass_roadCrossingRound.png
  importAddress: Guid(ea0bdfca02f261645ab79a3968d77fc0) Importer(815301076,1909f56bfc062723c751e8b465ee728b)
Start importing Assets/Sprites/Tiles/tileGrass_roadCrossingRound.png using Guid(ea0bdfca02f261645ab79a3968d77fc0) Importer(815301076,1909f56bfc062723c751e8b465ee728b) (PreviewImporter) -> (Import Result ID: '85ec7b00f5154a52609f77b14c8a860f') in 0.015136 seconds [static and dynamic dependencies]. Details - ImportResultOutputID=278153c688c0341786af13b612a10ce4 DependenciesID=fdfd736c8587a38cc616c2c6436d8616 StaticDependenciesID=52fe7e22c7e0db2e6c2908a2a652f843 
Number of updated asset objects reloaded before import = 0Number of asset objects unloaded after import = 3

========================================================================
Received Import Request.
  Time since last request: 16.165925 seconds.
  path: Assets/Sprites/Tiles/tileGrass2.png
  importAddress: Guid(c91a06c2a3860fa4a9ddd1705e36fa18) Importer(815301076,1909f56bfc062723c751e8b465ee728b)
Start importing Assets/Sprites/Tiles/tileGrass2.png using Guid(c91a06c2a3860fa4a9ddd1705e36fa18) Importer(815301076,1909f56bfc062723c751e8b465ee728b) (PreviewImporter) -> (Import Result ID: '32325882bf0054bc7c840fc7b54bc578') in 0.016815 seconds [static and dynamic dependencies]. Details - ImportResultOutputID=f8d786606d96acff8c70285882152f02 DependenciesID=af466689df0bbfc62484139fe7690ba6 StaticDependenciesID=7aa07d799a036e4e1cd65e29e3b3163d 
Number of updated asset objects reloaded before import = 0Number of asset objects unloaded after import = 3

========================================================================
Received Import Request.
  Time since last request: 0.000021 seconds.
  path: Assets/Sprites/Tiles/tileGrass_roadSplitE.png
  importAddress: Guid(5db7334cf2555c0429b858c7e10ad043) Importer(815301076,1909f56bfc062723c751e8b465ee728b)
Start importing Assets/Sprites/Tiles/tileGrass_roadSplitE.png using Guid(5db7334cf2555c0429b858c7e10ad043) Importer(815301076,1909f56bfc062723c751e8b465ee728b) (PreviewImporter) -> (Import Result ID: '1c30a0759038dde464f0c4cf6e92e3d3') in 0.0214925 seconds [static and dynamic dependencies]. Details - ImportResultOutputID=81518cd8d3345033f93271f8ab654254 DependenciesID=815773a0c985e384f0b8a6d8b94e695d StaticDependenciesID=af95c12fd6b7f17f161aaa5ee8307a84 
Number of updated asset objects reloaded before import = 0Number of asset objects unloaded after import = 3

========================================================================
Received Import Request.
  Time since last request: 0.000029 seconds.
  path: Assets/Sprites/Tiles/tileGrass_roadCrossing.png
  importAddress: Guid(ecb3fecd32519f1448451272226db517) Importer(815301076,1909f56bfc062723c751e8b465ee728b)
Start importing Assets/Sprites/Tiles/tileGrass_roadCrossing.png using Guid(ecb3fecd32519f1448451272226db517) Importer(815301076,1909f56bfc062723c751e8b465ee728b) (PreviewImporter) -> (Import Result ID: '6322eba7e8599d90e0c472605d840adf') in 0.0209047 seconds [static and dynamic dependencies]. Details - ImportResultOutputID=64b02d5bc0ca0033672b68ace2ae4fd0 DependenciesID=1ebe14b6bb16624c6bd8b622077d0fc2 StaticDependenciesID=b1e0bc2b93d66a96808561ddefc741bf 
Number of updated asset objects reloaded before import = 0Number of asset objects unloaded after import = 3

========================================================================
Received Import Request.
  Time since last request: 0.000037 seconds.
  path: Assets/Sprites/Tiles/tileGrass_roadTransitionW.png
  importAddress: Guid(b7c4bf520509f50488e7ca4513b2c341) Importer(815301076,1909f56bfc062723c751e8b465ee728b)
Start importing Assets/Sprites/Tiles/tileGrass_roadTransitionW.png using Guid(b7c4bf520509f50488e7ca4513b2c341) Importer(815301076,1909f56bfc062723c751e8b465ee728b) (PreviewImporter) -> (Import Result ID: 'caefe91d7ff738d61c8414810af5ed96') in 0.0176252 seconds [static and dynamic dependencies]. Details - ImportResultOutputID=107e20fbde38ffaf831d236ddb1608a5 DependenciesID=0e289afe0f843676e1f13db432b47ae3 StaticDependenciesID=69394e83cbc53840cb70af288df6f4f6 
Number of updated asset objects reloaded before import = 0Number of asset objects unloaded after import = 3

========================================================================
Received Import Request.
  Time since last request: 0.000021 seconds.
  path: Assets/Sprites/Tiles/tileGrass_transitionS.png
  importAddress: Guid(b4f7b2676e3c3084abb507a937ffd378) Importer(815301076,1909f56bfc062723c751e8b465ee728b)
Start importing Assets/Sprites/Tiles/tileGrass_transitionS.png using Guid(b4f7b2676e3c3084abb507a937ffd378) Importer(815301076,1909f56bfc062723c751e8b465ee728b) (PreviewImporter) -> (Import Result ID: 'c152cfd26e2594f57224ef96c4b20c04') in 0.0180062 seconds [static and dynamic dependencies]. Details - ImportResultOutputID=5ae25bbf060e5eafca080951ed80f73e DependenciesID=2e8d6da71b290aa7dfd68e802a5d601d StaticDependenciesID=a95fb91fe64dfb8fca4fc1e989dd7e41 
Number of updated asset objects reloaded before import = 0Number of asset objects unloaded after import = 3

========================================================================
Received Import Request.
  Time since last request: 0.000023 seconds.
  path: Assets/Sprites/Tiles/tileGrass_roadCornerUR.png
  importAddress: Guid(2bf60ad39c5efc04fb619daa088df346) Importer(815301076,1909f56bfc062723c751e8b465ee728b)
Start importing Assets/Sprites/Tiles/tileGrass_roadCornerUR.png using Guid(2bf60ad39c5efc04fb619daa088df346) Importer(815301076,1909f56bfc062723c751e8b465ee728b) (PreviewImporter) -> (Import Result ID: 'ce7dac16c3b3bb6063ef4698c3c7b55c') in 0.0129381 seconds [static and dynamic dependencies]. Details - ImportResultOutputID=cdf06ec5eefde011cfedf091e5d635a4 DependenciesID=55f25c0bc9fd321e3d5e7d80f9cfd066 StaticDependenciesID=960c9ff0707af1e063eac2a1588641eb 
Number of updated asset objects reloaded before import = 0Number of asset objects unloaded after import = 3

========================================================================
Received Import Request.
  Time since last request: 0.000024 seconds.
  path: Assets/Sprites/Tiles/tileGrass_roadSplitS.png
  importAddress: Guid(7df134c1bba73a340ae77eab9abed271) Importer(815301076,1909f56bfc062723c751e8b465ee728b)
Start importing Assets/Sprites/Tiles/tileGrass_roadSplitS.png using Guid(7df134c1bba73a340ae77eab9abed271) Importer(815301076,1909f56bfc062723c751e8b465ee728b) (PreviewImporter) -> (Import Result ID: '04b4fdd3d742b3a9f8219fd1a7e90d6b') in 0.0113019 seconds [static and dynamic dependencies]. Details - ImportResultOutputID=120f8a50152b0b3c67a11e1c83a2d9fd DependenciesID=6bfe4381010d8169ebaeb383f21854bc StaticDependenciesID=a67ee654d08816cbe79e650aa8f070a8 
Number of updated asset objects reloaded before import = 0Number of asset objects unloaded after import = 3

========================================================================
Received Import Request.
  Time since last request: 0.000025 seconds.
  path: Assets/Sprites/Tiles/tileSand_roadCornerUL.png
  importAddress: Guid(f4970fdc584248949a7a5cbb47377470) Importer(815301076,1909f56bfc062723c751e8b465ee728b)
Start importing Assets/Sprites/Tiles/tileSand_roadCornerUL.png using Guid(f4970fdc584248949a7a5cbb47377470) Importer(815301076,1909f56bfc062723c751e8b465ee728b) (PreviewImporter) -> (Import Result ID: '778ef3ab04be4ef6cd96a9b788a750e8') in 0.0114868 seconds [static and dynamic dependencies]. Details - ImportResultOutputID=4ed3458a9a8bd5b52347b08f91b69837 DependenciesID=fc835532db562f738013744a70c809f0 StaticDependenciesID=1103c973ccbbd6b867bd39c9b0a89f23 
Number of updated asset objects reloaded before import = 0Number of asset objects unloaded after import = 3

========================================================================
Received Import Request.
  Time since last request: 0.000030 seconds.
  path: Assets/Sprites/Tiles/tileGrass_transitionN.png
  importAddress: Guid(8c132ced988313d45927cafe297ec330) Importer(815301076,1909f56bfc062723c751e8b465ee728b)
Start importing Assets/Sprites/Tiles/tileGrass_transitionN.png using Guid(8c132ced988313d45927cafe297ec330) Importer(815301076,1909f56bfc062723c751e8b465ee728b) (PreviewImporter) -> (Import Result ID: 'b76dd8fb04aa2103e4fe55c91ef25623') in 0.0119168 seconds [static and dynamic dependencies]. Details - ImportResultOutputID=a24d2d9fdc2c1b6625ff18dc1c964e03 DependenciesID=0ad986f2be6e5b88c8920d3eb96a0f82 StaticDependenciesID=c7009ecb6945cd374846c9c1f0494310 
Number of updated asset objects reloaded before import = 0Number of asset objects unloaded after import = 3

========================================================================
Received Import Request.
  Time since last request: 0.000022 seconds.
  path: Assets/Sprites/Tiles/tileSand_roadEast.png
  importAddress: Guid(46bf12ff6dc754f46b6a13ede28da71d) Importer(815301076,1909f56bfc062723c751e8b465ee728b)
Start importing Assets/Sprites/Tiles/tileSand_roadEast.png using Guid(46bf12ff6dc754f46b6a13ede28da71d) Importer(815301076,1909f56bfc062723c751e8b465ee728b) (PreviewImporter) -> (Import Result ID: '0b7ae279a4d2e2ab560d3fbfb7611d39') in 0.0117439 seconds [static and dynamic dependencies]. Details - ImportResultOutputID=d54b53c2a077801e6f5b2037690acdf8 DependenciesID=05bf782e2694d0479d6f8fba83cb0954 StaticDependenciesID=660f6c8b8ff121dfa80783782501c27c 
Number of updated asset objects reloaded before import = 0Number of asset objects unloaded after import = 3

========================================================================
Received Import Request.
  Time since last request: 0.000019 seconds.
  path: Assets/Sprites/Tiles/tileSand_roadSplitN.png
  importAddress: Guid(6ca2ed8a864b11e4ea5832fbfaaf74e2) Importer(815301076,1909f56bfc062723c751e8b465ee728b)
Start importing Assets/Sprites/Tiles/tileSand_roadSplitN.png using Guid(6ca2ed8a864b11e4ea5832fbfaaf74e2) Importer(815301076,1909f56bfc062723c751e8b465ee728b) (PreviewImporter) -> (Import Result ID: '512ee80fbc2456f8470ae005a2ef5aba') in 0.0128514 seconds [static and dynamic dependencies]. Details - ImportResultOutputID=9f3202f84afc7cb721990c7be973c326 DependenciesID=02eef7709a9f4568fd5dfc25fd8b1223 StaticDependenciesID=532201039839f7cd67276d7fbe908794 
Number of updated asset objects reloaded before import = 0Number of asset objects unloaded after import = 3

========================================================================
Received Import Request.
  Time since last request: 0.000021 seconds.
  path: Assets/Sprites/Tiles/tileSand_roadCrossingRound.png
  importAddress: Guid(0622a6ea160fa0944a60d817069b86d5) Importer(815301076,1909f56bfc062723c751e8b465ee728b)
Start importing Assets/Sprites/Tiles/tileSand_roadCrossingRound.png using Guid(0622a6ea160fa0944a60d817069b86d5) Importer(815301076,1909f56bfc062723c751e8b465ee728b) (PreviewImporter) -> (Import Result ID: '2fc7f17e8638319b1d2668e97905443a') in 0.0106072 seconds [static and dynamic dependencies]. Details - ImportResultOutputID=19c8d5ac94dba1ab69d87021647f146c DependenciesID=bf474934cd114516f4f73a8e661a9c54 StaticDependenciesID=779c628e6aeb068be61aa4901ad8de82 
Number of updated asset objects reloaded before import = 0Number of asset objects unloaded after import = 3

========================================================================
Received Import Request.
  Time since last request: 0.000023 seconds.
  path: Assets/Sprites/Tiles/tileGrass_roadTransitionW_dirt.png
  importAddress: Guid(2a949ed049daab8419f490d3b52c6ddc) Importer(815301076,1909f56bfc062723c751e8b465ee728b)
Start importing Assets/Sprites/Tiles/tileGrass_roadTransitionW_dirt.png using Guid(2a949ed049daab8419f490d3b52c6ddc) Importer(815301076,1909f56bfc062723c751e8b465ee728b) (PreviewImporter) -> (Import Result ID: 'ec7d0829ff985a1ff5689a0ae7a7872c') in 0.0109076 seconds [static and dynamic dependencies]. Details - ImportResultOutputID=26f428fbad6053abb3304842e6e8979d DependenciesID=149ecc83aea521c62c886ef2e568f54a StaticDependenciesID=9ab2e0216ae7e1e158e6e7073328d0be 
Number of updated asset objects reloaded before import = 0Number of asset objects unloaded after import = 3

========================================================================
Received Import Request.
  Time since last request: 0.000028 seconds.
  path: Assets/Sprites/Tiles/tileGrass_roadTransitionS_dirt.png
  importAddress: Guid(681a747a2d071c64e879b4e11654195d) Importer(815301076,1909f56bfc062723c751e8b465ee728b)
Start importing Assets/Sprites/Tiles/tileGrass_roadTransitionS_dirt.png using Guid(681a747a2d071c64e879b4e11654195d) Importer(815301076,1909f56bfc062723c751e8b465ee728b) (PreviewImporter) -> (Import Result ID: 'd47eb8391795316f0294f84f35f7db24') in 0.0104265 seconds [static and dynamic dependencies]. Details - ImportResultOutputID=5a1d3bc4b2f498e494f39097b222edbc DependenciesID=282aaec07213722dc811ab0a71c94b5d StaticDependenciesID=2766bf25ec5a0bd9ede6f25333f16238 
Number of updated asset objects reloaded before import = 0Number of asset objects unloaded after import = 3

========================================================================
Received Import Request.
  Time since last request: 0.000021 seconds.
  path: Assets/Sprites/Tiles/tileSand_roadSplitW.png
  importAddress: Guid(bc5afabd533a71a4594f153919f597f8) Importer(815301076,1909f56bfc062723c751e8b465ee728b)
Start importing Assets/Sprites/Tiles/tileSand_roadSplitW.png using Guid(bc5afabd533a71a4594f153919f597f8) Importer(815301076,1909f56bfc062723c751e8b465ee728b) (PreviewImporter) -> (Import Result ID: 'b8ad534ada3cd34733ce288f5d9cd1d9') in 0.0114478 seconds [static and dynamic dependencies]. Details - ImportResultOutputID=e9c86d52df8b5e2e3d8a425cbad512e3 DependenciesID=af81a6a43dc6c3c5107cc1cb93c66d0f StaticDependenciesID=0b5ba0a0e605a9e383eb4f6762516ec3 
Number of updated asset objects reloaded before import = 0Number of asset objects unloaded after import = 3

========================================================================
Received Import Request.
  Time since last request: 0.000025 seconds.
  path: Assets/Sprites/Tiles/tileSand_roadNorth.png
  importAddress: Guid(4c5bee81df364b945ab9af79951dd56f) Importer(815301076,1909f56bfc062723c751e8b465ee728b)
Start importing Assets/Sprites/Tiles/tileSand_roadNorth.png using Guid(4c5bee81df364b945ab9af79951dd56f) Importer(815301076,1909f56bfc062723c751e8b465ee728b) (PreviewImporter) -> (Import Result ID: 'fec3f7c7c698957489164cb81338e446') in 0.0130435 seconds [static and dynamic dependencies]. Details - ImportResultOutputID=f5d8e20d4543b84398b7ee7d439b7ba5 DependenciesID=4faec150771f3942d3542b2fdd4b42b0 StaticDependenciesID=abf4ccaad678e9978b55da19133048aa 
Number of updated asset objects reloaded before import = 0Number of asset objects unloaded after import = 3

========================================================================
Received Import Request.
  Time since last request: 0.000020 seconds.
  path: Assets/Sprites/Tiles/tileGrass_roadSplitW.png
  importAddress: Guid(047f3de344ce2c8418fe83cbea0e8a69) Importer(815301076,1909f56bfc062723c751e8b465ee728b)
Start importing Assets/Sprites/Tiles/tileGrass_roadSplitW.png using Guid(047f3de344ce2c8418fe83cbea0e8a69) Importer(815301076,1909f56bfc062723c751e8b465ee728b) (PreviewImporter) -> (Import Result ID: '8951ebf29471198dc86cbedd6755f069') in 0.0217882 seconds [static and dynamic dependencies]. Details - ImportResultOutputID=5d6586c59ae906e17bf91d13ccab11d1 DependenciesID=6cec726e6e20f8e9bb13d03c91f92b8d StaticDependenciesID=fbe473077e0572774d816de460e22f58 
Number of updated asset objects reloaded before import = 0Number of asset objects unloaded after import = 3

========================================================================
Received Import Request.
  Time since last request: 0.000029 seconds.
  path: Assets/Sprites/Tiles/tileGrass_roadCornerUR.png
  importAddress: Guid(2bf60ad39c5efc04fb619daa088df346) Importer(2089858483,b0f066a214c2f5e87bad3c948f4d605d)
Start importing Assets/Sprites/Tiles/tileGrass_roadCornerUR.png using Guid(2bf60ad39c5efc04fb619daa088df346) Importer(2089858483,b0f066a214c2f5e87bad3c948f4d605d) (ScriptedImporter) -> (Import Result ID: '2dc9e8e2b702b2306f33092f8eb3c00c') in 0.022168 seconds [static and dynamic dependencies]. Details - ImportResultOutputID=84c1c556c0eb9c6055d894ba59f5aab6 DependenciesID=528beeed4e48cde2b9791f206ca85179 StaticDependenciesID=421483e069e328453a32ffed1d202780 
Number of updated asset objects reloaded before import = 0Number of asset objects unloaded after import = 3

========================================================================
Received Import Request.
  Time since last request: 0.000033 seconds.
  path: Assets/Sprites/Tiles/tileGrass1.png
  importAddress: Guid(41d0dc1b2ace54c498ce659457da6117) Importer(2089858483,b0f066a214c2f5e87bad3c948f4d605d)
Start importing Assets/Sprites/Tiles/tileGrass1.png using Guid(41d0dc1b2ace54c498ce659457da6117) Importer(2089858483,b0f066a214c2f5e87bad3c948f4d605d) (ScriptedImporter) -> (Import Result ID: '2d844e7e4f3dd36f7e009259e690c5c1') in 0.0194181 seconds [static and dynamic dependencies]. Details - ImportResultOutputID=98e94f6eb62fe9db3bdb3a5efb0aeef6 DependenciesID=548b710b439737b031e66250ed4972f4 StaticDependenciesID=20c45b8df85d15105a7c2fb5ea1be351 
Number of updated asset objects reloaded before import = 0Number of asset objects unloaded after import = 3

========================================================================
Received Import Request.
  Time since last request: 0.000025 seconds.
  path: Assets/Sprites/Tiles/tileGrass_roadCrossing.png
  importAddress: Guid(ecb3fecd32519f1448451272226db517) Importer(2089858483,b0f066a214c2f5e87bad3c948f4d605d)
Start importing Assets/Sprites/Tiles/tileGrass_roadCrossing.png using Guid(ecb3fecd32519f1448451272226db517) Importer(2089858483,b0f066a214c2f5e87bad3c948f4d605d) (ScriptedImporter) -> (Import Result ID: '0c5ac7604440345d419c32bc0ad2ff19') in 0.0186622 seconds [static and dynamic dependencies]. Details - ImportResultOutputID=de9279cf2d0b3ec9ef3977fac3e0f834 DependenciesID=fd2bab6682763e69eec71854f782ddcd StaticDependenciesID=1e1589032588a4a1eec68f74697edf63 
Number of updated asset objects reloaded before import = 0Number of asset objects unloaded after import = 3

========================================================================
Received Import Request.
  Time since last request: 0.000023 seconds.
  path: Assets/Sprites/Tiles/tileSand_roadSplitE.png
  importAddress: Guid(ffd55f26b99b71a4194ce8bdc4707d92) Importer(2089858483,b0f066a214c2f5e87bad3c948f4d605d)
Start importing Assets/Sprites/Tiles/tileSand_roadSplitE.png using Guid(ffd55f26b99b71a4194ce8bdc4707d92) Importer(2089858483,b0f066a214c2f5e87bad3c948f4d605d) (ScriptedImporter) -> (Import Result ID: 'bdf5ea83425b519bdf8164f6d9add674') in 0.0185716 seconds [static and dynamic dependencies]. Details - ImportResultOutputID=f1e295eb2a16531a610f9c19562ed06b DependenciesID=f2bfa3c01df7101ab1e094cb3d10f47a StaticDependenciesID=dd0d2637a91b59969fd637311ca0a5d9 
Number of updated asset objects reloaded before import = 0Number of asset objects unloaded after import = 3

========================================================================
Received Import Request.
  Time since last request: 0.000018 seconds.
  path: Assets/Sprites/Tiles/tileSand_roadCornerUR.png
  importAddress: Guid(2659920e193605840a4a18775d2c2e95) Importer(2089858483,b0f066a214c2f5e87bad3c948f4d605d)
Start importing Assets/Sprites/Tiles/tileSand_roadCornerUR.png using Guid(2659920e193605840a4a18775d2c2e95) Importer(2089858483,b0f066a214c2f5e87bad3c948f4d605d) (ScriptedImporter) -> (Import Result ID: '3e514bfbca6b43e82d53ea6d1274086d') in 0.017214 seconds [static and dynamic dependencies]. Details - ImportResultOutputID=d36527a9b2486579b8ac399f9543acc5 DependenciesID=30983c481fe14b5d8659ee06c350cc30 StaticDependenciesID=622b7974081266105832143d7c07f94e 
Number of updated asset objects reloaded before import = 0Number of asset objects unloaded after import = 3

========================================================================
Received Import Request.
  Time since last request: 0.000027 seconds.
  path: Assets/Sprites/Tiles/tileGrass_roadCornerLL.png
  importAddress: Guid(21bc999967f337d488413ac301fe4f56) Importer(2089858483,b0f066a214c2f5e87bad3c948f4d605d)
Start importing Assets/Sprites/Tiles/tileGrass_roadCornerLL.png using Guid(21bc999967f337d488413ac301fe4f56) Importer(2089858483,b0f066a214c2f5e87bad3c948f4d605d) (ScriptedImporter) -> (Import Result ID: '5457e5d71d6b65d7184a957c5de7415d') in 0.0155372 seconds [static and dynamic dependencies]. Details - ImportResultOutputID=7665bf4ec73cc6409213333a799c2e6e DependenciesID=24b1f26f4b298255d87294851bd6a34d StaticDependenciesID=aa0b97a3a8f50d09989becc84b4c1f81 
Number of updated asset objects reloaded before import = 0Number of asset objects unloaded after import = 3

========================================================================
Received Import Request.
  Time since last request: 0.000038 seconds.
  path: Assets/Sprites/Tiles/tileGrass_roadSplitW.png
  importAddress: Guid(047f3de344ce2c8418fe83cbea0e8a69) Importer(2089858483,b0f066a214c2f5e87bad3c948f4d605d)
Start importing Assets/Sprites/Tiles/tileGrass_roadSplitW.png using Guid(047f3de344ce2c8418fe83cbea0e8a69) Importer(2089858483,b0f066a214c2f5e87bad3c948f4d605d) (ScriptedImporter) -> (Import Result ID: 'aa173899f29c524ef831af755229a5e2') in 0.0282989 seconds [static and dynamic dependencies]. Details - ImportResultOutputID=3bda0915447c8bd9eefe3f1842e186f4 DependenciesID=5fc442451d0d1e0d5f8a9cd0e2255e8f StaticDependenciesID=d3e86ffc23a638bc28f776c0dbe98421 
Number of updated asset objects reloaded before import = 0Number of asset objects unloaded after import = 3

========================================================================
Received Import Request.
  Time since last request: 0.000023 seconds.
  path: Assets/Sprites/Tiles/tileGrass2.png
  importAddress: Guid(c91a06c2a3860fa4a9ddd1705e36fa18) Importer(2089858483,b0f066a214c2f5e87bad3c948f4d605d)
Start importing Assets/Sprites/Tiles/tileGrass2.png using Guid(c91a06c2a3860fa4a9ddd1705e36fa18) Importer(2089858483,b0f066a214c2f5e87bad3c948f4d605d) (ScriptedImporter) -> (Import Result ID: 'a7b0c96f4d0dae98fd488f151d87e9bc') in 0.0219927 seconds [static and dynamic dependencies]. Details - ImportResultOutputID=36f1e9180598a7903c6e2cfebcad50f4 DependenciesID=0a0c598396ac65172bc9f6eab1397d4f StaticDependenciesID=50e64e1924c68fb72f145fb8e268a7fd 
Number of updated asset objects reloaded before import = 0Number of asset objects unloaded after import = 3

========================================================================
Received Import Request.
  Time since last request: 0.000017 seconds.
  path: Assets/Sprites/Tiles/tileGrass_transitionE.png
  importAddress: Guid(7f10c117265c07642a93335db80fb522) Importer(2089858483,b0f066a214c2f5e87bad3c948f4d605d)
Start importing Assets/Sprites/Tiles/tileGrass_transitionE.png using Guid(7f10c117265c07642a93335db80fb522) Importer(2089858483,b0f066a214c2f5e87bad3c948f4d605d) (ScriptedImporter) -> (Import Result ID: 'bc1c538305215353347107dfd88d574d') in 0.0195171 seconds [static and dynamic dependencies]. Details - ImportResultOutputID=f773d65b6096db3a792faec3c8ead34a DependenciesID=542717a9eb40f57380ce1a0810f583a4 StaticDependenciesID=98327d028c86f3d597acf600b9401285 
Number of updated asset objects reloaded before import = 0Number of asset objects unloaded after import = 3

========================================================================
Received Import Request.
  Time since last request: 0.000022 seconds.
  path: Assets/Sprites/Tiles/tileGrass_roadTransitionE.png
  importAddress: Guid(b273f41d539689f4cb4dda5a96c8d9db) Importer(2089858483,b0f066a214c2f5e87bad3c948f4d605d)
Start importing Assets/Sprites/Tiles/tileGrass_roadTransitionE.png using Guid(b273f41d539689f4cb4dda5a96c8d9db) Importer(2089858483,b0f066a214c2f5e87bad3c948f4d605d) (ScriptedImporter) -> (Import Result ID: '38e66118069bee34a3e91a98689d1668') in 0.019844 seconds [static and dynamic dependencies]. Details - ImportResultOutputID=bf916eda2dce06eff9ea7369727319d6 DependenciesID=9c63712e8e068c9d2a6c8a2b0a27c115 StaticDependenciesID=88507cf6acccb71d07feaa072426ae55 
Number of updated asset objects reloaded before import = 0Number of asset objects unloaded after import = 3

========================================================================
Received Import Request.
  Time since last request: 0.000023 seconds.
  path: Assets/Sprites/Tiles/tileGrass_transitionN.png
  importAddress: Guid(8c132ced988313d45927cafe297ec330) Importer(2089858483,b0f066a214c2f5e87bad3c948f4d605d)
Start importing Assets/Sprites/Tiles/tileGrass_transitionN.png using Guid(8c132ced988313d45927cafe297ec330) Importer(2089858483,b0f066a214c2f5e87bad3c948f4d605d) (ScriptedImporter) -> (Import Result ID: '955bd7e2629a2739293fdb335526ad58') in 0.0166844 seconds [static and dynamic dependencies]. Details - ImportResultOutputID=32a86a7d706003b21ea2ff9c93e3d71f DependenciesID=ac793841954406e8adaf89e101a884a3 StaticDependenciesID=67d08d2bb1dc950cfec1613826c80f0d 
Number of updated asset objects reloaded before import = 0Number of asset objects unloaded after import = 3

========================================================================
Received Import Request.
  Time since last request: 0.000041 seconds.
  path: Assets/Sprites/Tiles/tileGrass_roadCornerLR.png
  importAddress: Guid(2ab56eb993bf8274386b52da0b35a025) Importer(2089858483,b0f066a214c2f5e87bad3c948f4d605d)
Start importing Assets/Sprites/Tiles/tileGrass_roadCornerLR.png using Guid(2ab56eb993bf8274386b52da0b35a025) Importer(2089858483,b0f066a214c2f5e87bad3c948f4d605d) (ScriptedImporter) -> (Import Result ID: 'a7f6950d47fa9da56c1c5bbfdd94f45b') in 0.0243177 seconds [static and dynamic dependencies]. Details - ImportResultOutputID=18f258ee0cada7b64775fd20d31b60d6 DependenciesID=9bcea886ae9a74df3bcaef078f98616d StaticDependenciesID=b126ae8a69c6fc70960737801795cf08 
Number of updated asset objects reloaded before import = 0Number of asset objects unloaded after import = 3

========================================================================
Received Import Request.
  Time since last request: 0.000023 seconds.
  path: Assets/Sprites/Tiles/tileGrass_roadTransitionW.png
  importAddress: Guid(b7c4bf520509f50488e7ca4513b2c341) Importer(2089858483,b0f066a214c2f5e87bad3c948f4d605d)
Start importing Assets/Sprites/Tiles/tileGrass_roadTransitionW.png using Guid(b7c4bf520509f50488e7ca4513b2c341) Importer(2089858483,b0f066a214c2f5e87bad3c948f4d605d) (ScriptedImporter) -> (Import Result ID: '624dd022fe070f4d6e13db96839fbe1b') in 0.0168261 seconds [static and dynamic dependencies]. Details - ImportResultOutputID=39658815950961e072283a1283496a98 DependenciesID=3912dc335f0a5921861827c861b9de3e StaticDependenciesID=b606dffcad21a1be7f719f672315880d 
Number of updated asset objects reloaded before import = 0Number of asset objects unloaded after import = 3

========================================================================
Received Import Request.
  Time since last request: 0.000022 seconds.
  path: Assets/Sprites/Tiles/tileGrass_transitionS.png
  importAddress: Guid(b4f7b2676e3c3084abb507a937ffd378) Importer(2089858483,b0f066a214c2f5e87bad3c948f4d605d)
Start importing Assets/Sprites/Tiles/tileGrass_transitionS.png using Guid(b4f7b2676e3c3084abb507a937ffd378) Importer(2089858483,b0f066a214c2f5e87bad3c948f4d605d) (ScriptedImporter) -> (Import Result ID: '60ca0cc0581b5733d258cf77e9a73865') in 0.0185923 seconds [static and dynamic dependencies]. Details - ImportResultOutputID=2cd0e6c1f4ef91887919ef1a8e42dd8e DependenciesID=f7e50889e3c5bb921b9d06a0672bb4e3 StaticDependenciesID=4ea6f0f24de17b976ced1568e4e3f1ae 
Number of updated asset objects reloaded before import = 0Number of asset objects unloaded after import = 3

========================================================================
Received Import Request.
  Time since last request: 0.000025 seconds.
  path: Assets/Sprites/Tiles/tileGrass_roadTransitionW_dirt.png
  importAddress: Guid(2a949ed049daab8419f490d3b52c6ddc) Importer(2089858483,b0f066a214c2f5e87bad3c948f4d605d)
Start importing Assets/Sprites/Tiles/tileGrass_roadTransitionW_dirt.png using Guid(2a949ed049daab8419f490d3b52c6ddc) Importer(2089858483,b0f066a214c2f5e87bad3c948f4d605d) (ScriptedImporter) -> (Import Result ID: '681367be7dce1e21a8838f8271ec388d') in 0.0182056 seconds [static and dynamic dependencies]. Details - ImportResultOutputID=403db95968597d86c6eaf9e253d31aa8 DependenciesID=d1288828424fabd1841bf3cebbb367ab StaticDependenciesID=9930bf4b28bd73315938a8f2ec2a855f 
Number of updated asset objects reloaded before import = 0Number of asset objects unloaded after import = 3

========================================================================
Received Import Request.
  Time since last request: 0.000069 seconds.
  path: Assets/Sprites/Tiles/tileGrass_roadTransitionS.png
  importAddress: Guid(c96b0367ce944174e932d3a433f38faf) Importer(2089858483,b0f066a214c2f5e87bad3c948f4d605d)
Start importing Assets/Sprites/Tiles/tileGrass_roadTransitionS.png using Guid(c96b0367ce944174e932d3a433f38faf) Importer(2089858483,b0f066a214c2f5e87bad3c948f4d605d) (ScriptedImporter) -> (Import Result ID: '0c1ff1adde204127b60d5c1615239b02') in 0.0217491 seconds [static and dynamic dependencies]. Details - ImportResultOutputID=b6413337f978f8fb50e8ff6713581409 DependenciesID=86b819fbebcdaf7e1612d202c3e6ef6b StaticDependenciesID=d38344d81893fd5aead746f918095981 
Number of updated asset objects reloaded before import = 0Number of asset objects unloaded after import = 3

========================================================================
Received Import Request.
  Time since last request: 0.000031 seconds.
  path: Assets/Sprites/Tiles/tileSand_roadSplitE.png
  importAddress: Guid(ffd55f26b99b71a4194ce8bdc4707d92) Importer(815301076,1909f56bfc062723c751e8b465ee728b)
Start importing Assets/Sprites/Tiles/tileSand_roadSplitE.png using Guid(ffd55f26b99b71a4194ce8bdc4707d92) Importer(815301076,1909f56bfc062723c751e8b465ee728b) (PreviewImporter) -> (Import Result ID: 'c46775c39e50d9bf018d2694e5e5397f') in 0.0117216 seconds [static and dynamic dependencies]. Details - ImportResultOutputID=a6e2db74b0d46ccb9a7cac9a75161199 DependenciesID=6be6d59022908308f1bfe6e5161cffb1 StaticDependenciesID=5869a3868cf70f596d37650eb41637b9 
Number of updated asset objects reloaded before import = 0Number of asset objects unloaded after import = 3

========================================================================
Received Import Request.
  Time since last request: 0.000026 seconds.
  path: Assets/Sprites/Tiles/tileSand_roadCrossing.png
  importAddress: Guid(e9ffe222e9a80a84bb0fad99851b18b2) Importer(815301076,1909f56bfc062723c751e8b465ee728b)
Start importing Assets/Sprites/Tiles/tileSand_roadCrossing.png using Guid(e9ffe222e9a80a84bb0fad99851b18b2) Importer(815301076,1909f56bfc062723c751e8b465ee728b) (PreviewImporter) -> (Import Result ID: 'a9c7926e0835067db0cc0dc2606c9b75') in 0.0116202 seconds [static and dynamic dependencies]. Details - ImportResultOutputID=dfa4d49348fc10d3bffb313b476007da DependenciesID=16b8fc38c80b8709ea2fc1a6bb10ad8c StaticDependenciesID=02125704ddac61cf7f7fdcdf463d2b31 
Number of updated asset objects reloaded before import = 0Number of asset objects unloaded after import = 3

========================================================================
Received Import Request.
  Time since last request: 0.000028 seconds.
  path: Assets/Sprites/Tiles/tileSand_roadCornerLL.png
  importAddress: Guid(fea6df8b213fe7543adbe8ee1d0f7798) Importer(815301076,1909f56bfc062723c751e8b465ee728b)
Start importing Assets/Sprites/Tiles/tileSand_roadCornerLL.png using Guid(fea6df8b213fe7543adbe8ee1d0f7798) Importer(815301076,1909f56bfc062723c751e8b465ee728b) (PreviewImporter) -> (Import Result ID: '9018933bc924de0372d4f64987a2303a') in 0.0126991 seconds [static and dynamic dependencies]. Details - ImportResultOutputID=12b28e13d8b56877dd42ef30f62adb6f DependenciesID=f93cc3146752a0fb64eb755442e9fc71 StaticDependenciesID=f4247abd4f045fa5efa86788e2fc239f 
Number of updated asset objects reloaded before import = 0Number of asset objects unloaded after import = 3

========================================================================
Received Import Request.
  Time since last request: 0.000020 seconds.
  path: Assets/Sprites/Tiles/tileGrass_roadCornerLR.png
  importAddress: Guid(2ab56eb993bf8274386b52da0b35a025) Importer(815301076,1909f56bfc062723c751e8b465ee728b)
Start importing Assets/Sprites/Tiles/tileGrass_roadCornerLR.png using Guid(2ab56eb993bf8274386b52da0b35a025) Importer(815301076,1909f56bfc062723c751e8b465ee728b) (PreviewImporter) -> (Import Result ID: '963a65222373857b84c1dd7293f7dc14') in 0.0126524 seconds [static and dynamic dependencies]. Details - ImportResultOutputID=2e14fd3d7e04585082ea292cf99b2f12 DependenciesID=735f0c138cdc83ab6bc529ce334fd8c6 StaticDependenciesID=c03a38094c948fd4b89cf7f8c81d191b 
Number of updated asset objects reloaded before import = 0Number of asset objects unloaded after import = 3

========================================================================
Received Import Request.
  Time since last request: 0.000056 seconds.
  path: Assets/Sprites/Tiles/tileSand_roadEast.png
  importAddress: Guid(46bf12ff6dc754f46b6a13ede28da71d) Importer(2089858483,b0f066a214c2f5e87bad3c948f4d605d)
Start importing Assets/Sprites/Tiles/tileSand_roadEast.png using Guid(46bf12ff6dc754f46b6a13ede28da71d) Importer(2089858483,b0f066a214c2f5e87bad3c948f4d605d) (ScriptedImporter) -> (Import Result ID: '8a1637b0ad3e672faabda4e87fd6fdc5') in 0.017538 seconds [static and dynamic dependencies]. Details - ImportResultOutputID=7b2826527265d056b7b2b28f342d98f2 DependenciesID=7595dbfd26df44f0fbc160cc080b24b9 StaticDependenciesID=5271b499677fbc3e3ffd1e9868c5f70c 
Number of updated asset objects reloaded before import = 0Number of asset objects unloaded after import = 3

========================================================================
Received Import Request.
  Time since last request: 0.000035 seconds.
  path: Assets/Sprites/Tiles/tileSand_roadCornerLL.png
  importAddress: Guid(fea6df8b213fe7543adbe8ee1d0f7798) Importer(2089858483,b0f066a214c2f5e87bad3c948f4d605d)
Start importing Assets/Sprites/Tiles/tileSand_roadCornerLL.png using Guid(fea6df8b213fe7543adbe8ee1d0f7798) Importer(2089858483,b0f066a214c2f5e87bad3c948f4d605d) (ScriptedImporter) -> (Import Result ID: '6b39c3707bb2667697278ea8418a0543') in 0.0159849 seconds [static and dynamic dependencies]. Details - ImportResultOutputID=d7310df50d6fb1a15f858b733b68c953 DependenciesID=7716e362d73054ca376c42c13f1f242c StaticDependenciesID=e65d2704afb7940ebd1fd5b7a8dab1fb 
Number of updated asset objects reloaded before import = 0Number of asset objects unloaded after import = 3

========================================================================
Received Import Request.
  Time since last request: 0.000044 seconds.
  path: Assets/Sprites/Tiles/tileSand2.png
  importAddress: Guid(9859d09b6fc9bfa4688133f756096308) Importer(815301076,1909f56bfc062723c751e8b465ee728b)
Start importing Assets/Sprites/Tiles/tileSand2.png using Guid(9859d09b6fc9bfa4688133f756096308) Importer(815301076,1909f56bfc062723c751e8b465ee728b) (PreviewImporter) -> (Import Result ID: 'a04d1ff548d5219fbea6c1dd3490994c') in 0.0115929 seconds [static and dynamic dependencies]. Details - ImportResultOutputID=197ec07527dfa2ff792fa5a58ac4f213 DependenciesID=a0228509ac5f96b53696570362013982 StaticDependenciesID=ca9a2846f00ea8f105455b809ce8f459 
Number of updated asset objects reloaded before import = 0Number of asset objects unloaded after import = 3

========================================================================
Received Prepare
Refreshing native plugins compatible for Editor in 5.49 ms, found 5 plugins.
Unloading 24 Unused Serialized files (Serialized files now loaded: 0)
Unloading 7247 unused Assets / (5.5 MB). Loaded Objects now: 8187.
Memory consumption went from 158.7 MB to 153.1 MB.
Total: 366.220200 ms (FindLiveObjects: 17.605200 ms CreateObjectMapping: 0.823900 ms MarkObjects: 342.976800 ms  DeleteObjects: 4.812000 ms)

Prepare: number of updated asset objects reloaded= 0
========================================================================
Received Import Request.
  Time since last request: 2649.066491 seconds.
  path: Assets/Scripts/TankPlacement.cs
  importAddress: Guid(cb92bda681a4c994da216afd8dc54cdd) Importer(815301076,1909f56bfc062723c751e8b465ee728b)
Start importing Assets/Scripts/TankPlacement.cs using Guid(cb92bda681a4c994da216afd8dc54cdd) Importer(815301076,1909f56bfc062723c751e8b465ee728b) (PreviewImporter) -> (Import Result ID: '0333a44f27d8a605c46336ce14eaa26b') in 0.0024317 seconds [static and dynamic dependencies]. Details - ImportResultOutputID=f6691ebb8f81428f6bf5f7f4c95d82af DependenciesID=1d472b38513ccb97eb6e3a9ed37d70ef StaticDependenciesID=1e4efb7bd3cfbf0ad71f45872da46827 
Number of updated asset objects reloaded before import = 0Number of asset objects unloaded after import = 0

========================================================================
Received Prepare
Begin MonoManager ReloadAssembly
[Licensing::Client] Successfully resolved entitlement details
Assembly Assembly-CSharp-Editor-firstpass.dll at Library/ScriptAssemblies/Assembly-CSharp-Editor-firstpass.dll not valid. Loading of assembly skipped.
Assembly Assembly-CSharp-Editor.dll at Library/ScriptAssemblies/Assembly-CSharp-Editor.dll not valid. Loading of assembly skipped.
Assembly Assembly-CSharp-firstpass.dll at Library/ScriptAssemblies/Assembly-CSharp-firstpass.dll not valid. Loading of assembly skipped.
Assembly DocCodeExamples.dll at Library/ScriptAssemblies/DocCodeExamples.dll not valid. Loading of assembly skipped.
Assembly TestNewCustomAssembly.dll at Library/ScriptAssemblies/TestNewCustomAssembly.dll not valid. Loading of assembly skipped.
Assembly Unity.2D.Animation.EditorTests.dll at Library/ScriptAssemblies/Unity.2D.Animation.EditorTests.dll not valid. Loading of assembly skipped.
Assembly Unity.2D.Aseprite.EditorTests.dll at Library/ScriptAssemblies/Unity.2D.Aseprite.EditorTests.dll not valid. Loading of assembly skipped.
Assembly Unity.2D.Common.EditorTests.dll at Library/ScriptAssemblies/Unity.2D.Common.EditorTests.dll not valid. Loading of assembly skipped.
Assembly Unity.2D.Psdimporter.EditorTests.dll at Library/ScriptAssemblies/Unity.2D.Psdimporter.EditorTests.dll not valid. Loading of assembly skipped.
Assembly Unity.2D.Sprite.Package.EditorTests.dll at Library/ScriptAssemblies/Unity.2D.Sprite.Package.EditorTests.dll not valid. Loading of assembly skipped.
Assembly Unity.2D.SpriteShape.EditorTests.dll at Library/ScriptAssemblies/Unity.2D.SpriteShape.EditorTests.dll not valid. Loading of assembly skipped.
Assembly Unity.2D.Tilemap.Package.EditorTests.dll at Library/ScriptAssemblies/Unity.2D.Tilemap.Package.EditorTests.dll not valid. Loading of assembly skipped.
Assembly Unity.Collections.BurstCompatibilityGen.dll at Library/ScriptAssemblies/Unity.Collections.BurstCompatibilityGen.dll not valid. Loading of assembly skipped.
Assembly Unity.Collections.DocCodeSamples.dll at Library/ScriptAssemblies/Unity.Collections.DocCodeSamples.dll not valid. Loading of assembly skipped.
Assembly Unity.Collections.PerformanceTests.dll at Library/ScriptAssemblies/Unity.Collections.PerformanceTests.dll not valid. Loading of assembly skipped.
Assembly Unity.Collections.Tests.dll at Library/ScriptAssemblies/Unity.Collections.Tests.dll not valid. Loading of assembly skipped.
Assembly Unity.Collections.Tests.Playmode.dll at Library/ScriptAssemblies/Unity.Collections.Tests.Playmode.dll not valid. Loading of assembly skipped.
Assembly Unity.InputSystem.IntegrationTests.dll at Library/ScriptAssemblies/Unity.InputSystem.IntegrationTests.dll not valid. Loading of assembly skipped.
Assembly Unity.Mathematics.Tests.dll at Library/ScriptAssemblies/Unity.Mathematics.Tests.dll not valid. Loading of assembly skipped.
Assembly Unity.Multiplayer.Center.Editor.Tests.dll at Library/ScriptAssemblies/Unity.Multiplayer.Center.Editor.Tests.dll not valid. Loading of assembly skipped.
Assembly Unity.Multiplayer.Center.Tests.dll at Library/ScriptAssemblies/Unity.Multiplayer.Center.Tests.dll not valid. Loading of assembly skipped.
Assembly Unity.Nuget.Mono-Cecil.dll at Library/ScriptAssemblies/Unity.Nuget.Mono-Cecil.dll not valid. Loading of assembly skipped.
Assembly Unity.PathTracing.Editor.Tests.dll at Library/ScriptAssemblies/Unity.PathTracing.Editor.Tests.dll not valid. Loading of assembly skipped.
Assembly Unity.PathTracing.Runtime.Tests.dll at Library/ScriptAssemblies/Unity.PathTracing.Runtime.Tests.dll not valid. Loading of assembly skipped.
Assembly Unity.RenderPipelines.Core.Editor.Tests.dll at Library/ScriptAssemblies/Unity.RenderPipelines.Core.Editor.Tests.dll not valid. Loading of assembly skipped.
Assembly Unity.RenderPipelines.Core.Runtime.Tests.dll at Library/ScriptAssemblies/Unity.RenderPipelines.Core.Runtime.Tests.dll not valid. Loading of assembly skipped.
Assembly Unity.RenderPipelines.Universal.Config.Editor.Tests.dll at Library/ScriptAssemblies/Unity.RenderPipelines.Universal.Config.Editor.Tests.dll not valid. Loading of assembly skipped.
Assembly Unity.RenderPipelines.Universal.Editor.Tests.dll at Library/ScriptAssemblies/Unity.RenderPipelines.Universal.Editor.Tests.dll not valid. Loading of assembly skipped.
Assembly Unity.RenderPipelines.Universal.Runtime.Tests.dll at Library/ScriptAssemblies/Unity.RenderPipelines.Universal.Runtime.Tests.dll not valid. Loading of assembly skipped.
Assembly Unity.Searcher.EditorTests.dll at Library/ScriptAssemblies/Unity.Searcher.EditorTests.dll not valid. Loading of assembly skipped.
Assembly Unity.ShaderGraph.Editor.Tests.dll at Library/ScriptAssemblies/Unity.ShaderGraph.Editor.Tests.dll not valid. Loading of assembly skipped.
Assembly Unity.TextMeshPro.Editor.Tests.dll at Library/ScriptAssemblies/Unity.TextMeshPro.Editor.Tests.dll not valid. Loading of assembly skipped.
Assembly Unity.TextMeshPro.Tests.dll at Library/ScriptAssemblies/Unity.TextMeshPro.Tests.dll not valid. Loading of assembly skipped.
Assembly Unity.UnifiedRayTracing.Editor.Tests.dll at Library/ScriptAssemblies/Unity.UnifiedRayTracing.Editor.Tests.dll not valid. Loading of assembly skipped.
Assembly UnityEditor.UI.Common.Tests.dll at Library/ScriptAssemblies/UnityEditor.UI.Common.Tests.dll not valid. Loading of assembly skipped.
Assembly UnityEditor.UI.EditorTests.dll at Library/ScriptAssemblies/UnityEditor.UI.EditorTests.dll not valid. Loading of assembly skipped.
Assembly UnityEngine.UI.Tests.dll at Library/ScriptAssemblies/UnityEngine.UI.Tests.dll not valid. Loading of assembly skipped.
Refreshing native plugins compatible for Editor in 4.26 ms, found 5 plugins.
Native extension for WindowsStandalone target not found
Native extension for WebGL target not found
[Package Manager] Failed to launch server process. Reason: Unity was launched with the -noUpm command-line argument
[Package Manager] Unable to send message (not connected to server process).
[Package Manager] Cannot connect to Unity Package Manager local server
[Package Manager] Failed to launch server process. Reason: Unity was launched with the -noUpm command-line argument
[Package Manager] Unable to send message (not connected to server process).
[Package Manager] Cannot connect to Unity Package Manager local server
ScheduleIndexationOnStartup MainProcess:False IndexOnStartup:True
Mono: successfully reloaded assembly
- Finished resetting the current domain, in  1.603 seconds
Domain Reload Profiling: 16850ms
	BeginReloadAssembly (1760ms)
		DisableScriptedObjects (269ms)
		CreateAndSetChildDomain (755ms)
	RebuildCommonClasses (130ms)
	RebuildNativeTypeToScriptingClass (40ms)
	initialDomainReloadingComplete (404ms)
	LoadAllAssembliesAndSetupDomain (12912ms)
		LoadAssemblies (12609ms)
		AnalyzeDomain (596ms)
			TypeCache.Refresh (41ms)
			BuildScriptInfoCaches (471ms)
			ResolveRequiredComponents (35ms)
	FinalizeReload (1604ms)
		SetupLoadedEditorAssemblies (0ms)
			InitializePlatformSupportModulesInManaged (4ms)
			BeforeProcessingInitializeOnLoad (435ms)
			ProcessInitializeOnLoadAttributes (595ms)
			ProcessInitializeOnLoadMethodAttributes (159ms)
			AfterProcessingInitializeOnLoad (4ms)
		AwakeInstancesAfterBackupRestoration (29ms)
Refreshing native plugins compatible for Editor in 2.41 ms, found 5 plugins.
Unloading 24 Unused Serialized files (Serialized files now loaded: 0)
Unloading 7262 unused Assets / (5.5 MB). Loaded Objects now: 8190.
Memory consumption went from 161.4 MB to 155.9 MB.
Total: 14.532500 ms (FindLiveObjects: 1.025800 ms CreateObjectMapping: 1.462600 ms MarkObjects: 7.688000 ms  DeleteObjects: 4.354000 ms)

Prepare: number of updated asset objects reloaded= 0
========================================================================
Received Prepare
Begin MonoManager ReloadAssembly
[Licensing::Client] Successfully resolved entitlement details
Assembly Assembly-CSharp-Editor-firstpass.dll at Library/ScriptAssemblies/Assembly-CSharp-Editor-firstpass.dll not valid. Loading of assembly skipped.
Assembly Assembly-CSharp-Editor.dll at Library/ScriptAssemblies/Assembly-CSharp-Editor.dll not valid. Loading of assembly skipped.
Assembly Assembly-CSharp-firstpass.dll at Library/ScriptAssemblies/Assembly-CSharp-firstpass.dll not valid. Loading of assembly skipped.
Assembly DocCodeExamples.dll at Library/ScriptAssemblies/DocCodeExamples.dll not valid. Loading of assembly skipped.
Assembly TestNewCustomAssembly.dll at Library/ScriptAssemblies/TestNewCustomAssembly.dll not valid. Loading of assembly skipped.
Assembly Unity.2D.Animation.EditorTests.dll at Library/ScriptAssemblies/Unity.2D.Animation.EditorTests.dll not valid. Loading of assembly skipped.
Assembly Unity.2D.Aseprite.EditorTests.dll at Library/ScriptAssemblies/Unity.2D.Aseprite.EditorTests.dll not valid. Loading of assembly skipped.
Assembly Unity.2D.Common.EditorTests.dll at Library/ScriptAssemblies/Unity.2D.Common.EditorTests.dll not valid. Loading of assembly skipped.
Assembly Unity.2D.Psdimporter.EditorTests.dll at Library/ScriptAssemblies/Unity.2D.Psdimporter.EditorTests.dll not valid. Loading of assembly skipped.
Assembly Unity.2D.Sprite.Package.EditorTests.dll at Library/ScriptAssemblies/Unity.2D.Sprite.Package.EditorTests.dll not valid. Loading of assembly skipped.
Assembly Unity.2D.SpriteShape.EditorTests.dll at Library/ScriptAssemblies/Unity.2D.SpriteShape.EditorTests.dll not valid. Loading of assembly skipped.
Assembly Unity.2D.Tilemap.Package.EditorTests.dll at Library/ScriptAssemblies/Unity.2D.Tilemap.Package.EditorTests.dll not valid. Loading of assembly skipped.
Assembly Unity.Collections.BurstCompatibilityGen.dll at Library/ScriptAssemblies/Unity.Collections.BurstCompatibilityGen.dll not valid. Loading of assembly skipped.
Assembly Unity.Collections.DocCodeSamples.dll at Library/ScriptAssemblies/Unity.Collections.DocCodeSamples.dll not valid. Loading of assembly skipped.
Assembly Unity.Collections.PerformanceTests.dll at Library/ScriptAssemblies/Unity.Collections.PerformanceTests.dll not valid. Loading of assembly skipped.
Assembly Unity.Collections.Tests.dll at Library/ScriptAssemblies/Unity.Collections.Tests.dll not valid. Loading of assembly skipped.
Assembly Unity.Collections.Tests.Playmode.dll at Library/ScriptAssemblies/Unity.Collections.Tests.Playmode.dll not valid. Loading of assembly skipped.
Assembly Unity.InputSystem.IntegrationTests.dll at Library/ScriptAssemblies/Unity.InputSystem.IntegrationTests.dll not valid. Loading of assembly skipped.
Assembly Unity.Mathematics.Tests.dll at Library/ScriptAssemblies/Unity.Mathematics.Tests.dll not valid. Loading of assembly skipped.
Assembly Unity.Multiplayer.Center.Editor.Tests.dll at Library/ScriptAssemblies/Unity.Multiplayer.Center.Editor.Tests.dll not valid. Loading of assembly skipped.
Assembly Unity.Multiplayer.Center.Tests.dll at Library/ScriptAssemblies/Unity.Multiplayer.Center.Tests.dll not valid. Loading of assembly skipped.
Assembly Unity.Nuget.Mono-Cecil.dll at Library/ScriptAssemblies/Unity.Nuget.Mono-Cecil.dll not valid. Loading of assembly skipped.
Assembly Unity.PathTracing.Editor.Tests.dll at Library/ScriptAssemblies/Unity.PathTracing.Editor.Tests.dll not valid. Loading of assembly skipped.
Assembly Unity.PathTracing.Runtime.Tests.dll at Library/ScriptAssemblies/Unity.PathTracing.Runtime.Tests.dll not valid. Loading of assembly skipped.
Assembly Unity.RenderPipelines.Core.Editor.Tests.dll at Library/ScriptAssemblies/Unity.RenderPipelines.Core.Editor.Tests.dll not valid. Loading of assembly skipped.
Assembly Unity.RenderPipelines.Core.Runtime.Tests.dll at Library/ScriptAssemblies/Unity.RenderPipelines.Core.Runtime.Tests.dll not valid. Loading of assembly skipped.
Assembly Unity.RenderPipelines.Universal.Config.Editor.Tests.dll at Library/ScriptAssemblies/Unity.RenderPipelines.Universal.Config.Editor.Tests.dll not valid. Loading of assembly skipped.
Assembly Unity.RenderPipelines.Universal.Editor.Tests.dll at Library/ScriptAssemblies/Unity.RenderPipelines.Universal.Editor.Tests.dll not valid. Loading of assembly skipped.
Assembly Unity.RenderPipelines.Universal.Runtime.Tests.dll at Library/ScriptAssemblies/Unity.RenderPipelines.Universal.Runtime.Tests.dll not valid. Loading of assembly skipped.
Assembly Unity.Searcher.EditorTests.dll at Library/ScriptAssemblies/Unity.Searcher.EditorTests.dll not valid. Loading of assembly skipped.
Assembly Unity.ShaderGraph.Editor.Tests.dll at Library/ScriptAssemblies/Unity.ShaderGraph.Editor.Tests.dll not valid. Loading of assembly skipped.
Assembly Unity.TextMeshPro.Editor.Tests.dll at Library/ScriptAssemblies/Unity.TextMeshPro.Editor.Tests.dll not valid. Loading of assembly skipped.
Assembly Unity.TextMeshPro.Tests.dll at Library/ScriptAssemblies/Unity.TextMeshPro.Tests.dll not valid. Loading of assembly skipped.
Assembly Unity.UnifiedRayTracing.Editor.Tests.dll at Library/ScriptAssemblies/Unity.UnifiedRayTracing.Editor.Tests.dll not valid. Loading of assembly skipped.
Assembly UnityEditor.UI.Common.Tests.dll at Library/ScriptAssemblies/UnityEditor.UI.Common.Tests.dll not valid. Loading of assembly skipped.
Assembly UnityEditor.UI.EditorTests.dll at Library/ScriptAssemblies/UnityEditor.UI.EditorTests.dll not valid. Loading of assembly skipped.
Assembly UnityEngine.UI.Tests.dll at Library/ScriptAssemblies/UnityEngine.UI.Tests.dll not valid. Loading of assembly skipped.
Refreshing native plugins compatible for Editor in 5.81 ms, found 5 plugins.
Native extension for WindowsStandalone target not found
Native extension for WebGL target not found
[Package Manager] Failed to launch server process. Reason: Unity was launched with the -noUpm command-line argument
[Package Manager] Unable to send message (not connected to server process).
[Package Manager] Cannot connect to Unity Package Manager local server
[Package Manager] Failed to launch server process. Reason: Unity was launched with the -noUpm command-line argument
[Package Manager] Unable to send message (not connected to server process).
[Package Manager] Cannot connect to Unity Package Manager local server
ScheduleIndexationOnStartup MainProcess:False IndexOnStartup:True
Mono: successfully reloaded assembly
- Finished resetting the current domain, in  1.379 seconds
Domain Reload Profiling: 3167ms
	BeginReloadAssembly (493ms)
		DisableScriptedObjects (25ms)
		CreateAndSetChildDomain (126ms)
	RebuildCommonClasses (85ms)
	RebuildNativeTypeToScriptingClass (24ms)
	initialDomainReloadingComplete (123ms)
	LoadAllAssembliesAndSetupDomain (1062ms)
		LoadAssemblies (714ms)
		AnalyzeDomain (559ms)
			TypeCache.Refresh (28ms)
			BuildScriptInfoCaches (502ms)
			ResolveRequiredComponents (27ms)
	FinalizeReload (1380ms)
		SetupLoadedEditorAssemblies (0ms)
			InitializePlatformSupportModulesInManaged (4ms)
			BeforeProcessingInitializeOnLoad (226ms)
			ProcessInitializeOnLoadAttributes (623ms)
			ProcessInitializeOnLoadMethodAttributes (136ms)
			AfterProcessingInitializeOnLoad (11ms)
		AwakeInstancesAfterBackupRestoration (23ms)
Refreshing native plugins compatible for Editor in 2.67 ms, found 5 plugins.
Unloading 24 Unused Serialized files (Serialized files now loaded: 0)
Unloading 7262 unused Assets / (6.6 MB). Loaded Objects now: 8193.
Memory consumption went from 164.0 MB to 157.3 MB.
Total: 18.723900 ms (FindLiveObjects: 0.793800 ms CreateObjectMapping: 0.753700 ms MarkObjects: 12.540500 ms  DeleteObjects: 4.634000 ms)

Prepare: number of updated asset objects reloaded= 0
========================================================================
Received Prepare
Refreshing native plugins compatible for Editor in 2.55 ms, found 5 plugins.
Unloading 24 Unused Serialized files (Serialized files now loaded: 0)
Unloading 7248 unused Assets / (7.3 MB). Loaded Objects now: 8194.
Memory consumption went from 166.7 MB to 159.4 MB.
Total: 50.414800 ms (FindLiveObjects: 1.021100 ms CreateObjectMapping: 1.290700 ms MarkObjects: 13.926300 ms  DeleteObjects: 34.175100 ms)

Prepare: number of updated asset objects reloaded= 0
========================================================================
Received Prepare
Begin MonoManager ReloadAssembly
Assembly Assembly-CSharp-Editor-firstpass.dll at Library/ScriptAssemblies/Assembly-CSharp-Editor-firstpass.dll not valid. Loading of assembly skipped.
Assembly Assembly-CSharp-Editor.dll at Library/ScriptAssemblies/Assembly-CSharp-Editor.dll not valid. Loading of assembly skipped.
Assembly Assembly-CSharp-firstpass.dll at Library/ScriptAssemblies/Assembly-CSharp-firstpass.dll not valid. Loading of assembly skipped.
Assembly DocCodeExamples.dll at Library/ScriptAssemblies/DocCodeExamples.dll not valid. Loading of assembly skipped.
Assembly TestNewCustomAssembly.dll at Library/ScriptAssemblies/TestNewCustomAssembly.dll not valid. Loading of assembly skipped.
Assembly Unity.2D.Animation.EditorTests.dll at Library/ScriptAssemblies/Unity.2D.Animation.EditorTests.dll not valid. Loading of assembly skipped.
Assembly Unity.2D.Aseprite.EditorTests.dll at Library/ScriptAssemblies/Unity.2D.Aseprite.EditorTests.dll not valid. Loading of assembly skipped.
Assembly Unity.2D.Common.EditorTests.dll at Library/ScriptAssemblies/Unity.2D.Common.EditorTests.dll not valid. Loading of assembly skipped.
Assembly Unity.2D.Psdimporter.EditorTests.dll at Library/ScriptAssemblies/Unity.2D.Psdimporter.EditorTests.dll not valid. Loading of assembly skipped.
Assembly Unity.2D.Sprite.Package.EditorTests.dll at Library/ScriptAssemblies/Unity.2D.Sprite.Package.EditorTests.dll not valid. Loading of assembly skipped.
Assembly Unity.2D.SpriteShape.EditorTests.dll at Library/ScriptAssemblies/Unity.2D.SpriteShape.EditorTests.dll not valid. Loading of assembly skipped.
Assembly Unity.2D.Tilemap.Package.EditorTests.dll at Library/ScriptAssemblies/Unity.2D.Tilemap.Package.EditorTests.dll not valid. Loading of assembly skipped.
Assembly Unity.Collections.BurstCompatibilityGen.dll at Library/ScriptAssemblies/Unity.Collections.BurstCompatibilityGen.dll not valid. Loading of assembly skipped.
Assembly Unity.Collections.DocCodeSamples.dll at Library/ScriptAssemblies/Unity.Collections.DocCodeSamples.dll not valid. Loading of assembly skipped.
Assembly Unity.Collections.PerformanceTests.dll at Library/ScriptAssemblies/Unity.Collections.PerformanceTests.dll not valid. Loading of assembly skipped.
Assembly Unity.Collections.Tests.dll at Library/ScriptAssemblies/Unity.Collections.Tests.dll not valid. Loading of assembly skipped.
Assembly Unity.Collections.Tests.Playmode.dll at Library/ScriptAssemblies/Unity.Collections.Tests.Playmode.dll not valid. Loading of assembly skipped.
Assembly Unity.InputSystem.IntegrationTests.dll at Library/ScriptAssemblies/Unity.InputSystem.IntegrationTests.dll not valid. Loading of assembly skipped.
Assembly Unity.Mathematics.Tests.dll at Library/ScriptAssemblies/Unity.Mathematics.Tests.dll not valid. Loading of assembly skipped.
Assembly Unity.Multiplayer.Center.Editor.Tests.dll at Library/ScriptAssemblies/Unity.Multiplayer.Center.Editor.Tests.dll not valid. Loading of assembly skipped.
Assembly Unity.Multiplayer.Center.Tests.dll at Library/ScriptAssemblies/Unity.Multiplayer.Center.Tests.dll not valid. Loading of assembly skipped.
Assembly Unity.Nuget.Mono-Cecil.dll at Library/ScriptAssemblies/Unity.Nuget.Mono-Cecil.dll not valid. Loading of assembly skipped.
Assembly Unity.PathTracing.Editor.Tests.dll at Library/ScriptAssemblies/Unity.PathTracing.Editor.Tests.dll not valid. Loading of assembly skipped.
Assembly Unity.PathTracing.Runtime.Tests.dll at Library/ScriptAssemblies/Unity.PathTracing.Runtime.Tests.dll not valid. Loading of assembly skipped.
Assembly Unity.RenderPipelines.Core.Editor.Tests.dll at Library/ScriptAssemblies/Unity.RenderPipelines.Core.Editor.Tests.dll not valid. Loading of assembly skipped.
Assembly Unity.RenderPipelines.Core.Runtime.Tests.dll at Library/ScriptAssemblies/Unity.RenderPipelines.Core.Runtime.Tests.dll not valid. Loading of assembly skipped.
Assembly Unity.RenderPipelines.Universal.Config.Editor.Tests.dll at Library/ScriptAssemblies/Unity.RenderPipelines.Universal.Config.Editor.Tests.dll not valid. Loading of assembly skipped.
Assembly Unity.RenderPipelines.Universal.Editor.Tests.dll at Library/ScriptAssemblies/Unity.RenderPipelines.Universal.Editor.Tests.dll not valid. Loading of assembly skipped.
Assembly Unity.RenderPipelines.Universal.Runtime.Tests.dll at Library/ScriptAssemblies/Unity.RenderPipelines.Universal.Runtime.Tests.dll not valid. Loading of assembly skipped.
Assembly Unity.Searcher.EditorTests.dll at Library/ScriptAssemblies/Unity.Searcher.EditorTests.dll not valid. Loading of assembly skipped.
Assembly Unity.ShaderGraph.Editor.Tests.dll at Library/ScriptAssemblies/Unity.ShaderGraph.Editor.Tests.dll not valid. Loading of assembly skipped.
Assembly Unity.TextMeshPro.Editor.Tests.dll at Library/ScriptAssemblies/Unity.TextMeshPro.Editor.Tests.dll not valid. Loading of assembly skipped.
Assembly Unity.TextMeshPro.Tests.dll at Library/ScriptAssemblies/Unity.TextMeshPro.Tests.dll not valid. Loading of assembly skipped.
Assembly Unity.UnifiedRayTracing.Editor.Tests.dll at Library/ScriptAssemblies/Unity.UnifiedRayTracing.Editor.Tests.dll not valid. Loading of assembly skipped.
Assembly UnityEditor.UI.Common.Tests.dll at Library/ScriptAssemblies/UnityEditor.UI.Common.Tests.dll not valid. Loading of assembly skipped.
Assembly UnityEditor.UI.EditorTests.dll at Library/ScriptAssemblies/UnityEditor.UI.EditorTests.dll not valid. Loading of assembly skipped.
Assembly UnityEngine.UI.Tests.dll at Library/ScriptAssemblies/UnityEngine.UI.Tests.dll not valid. Loading of assembly skipped.
Refreshing native plugins compatible for Editor in 7.43 ms, found 5 plugins.
Native extension for WindowsStandalone target not found
Native extension for WebGL target not found
[Package Manager] Failed to launch server process. Reason: Unity was launched with the -noUpm command-line argument
[Package Manager] Unable to send message (not connected to server process).
[Package Manager] Cannot connect to Unity Package Manager local server
[Package Manager] Failed to launch server process. Reason: Unity was launched with the -noUpm command-line argument
[Package Manager] Unable to send message (not connected to server process).
[Package Manager] Cannot connect to Unity Package Manager local server
ScheduleIndexationOnStartup MainProcess:False IndexOnStartup:True
Mono: successfully reloaded assembly
- Finished resetting the current domain, in  1.779 seconds
Domain Reload Profiling: 3426ms
	BeginReloadAssembly (429ms)
		DisableScriptedObjects (26ms)
		CreateAndSetChildDomain (85ms)
	RebuildCommonClasses (102ms)
	RebuildNativeTypeToScriptingClass (47ms)
	initialDomainReloadingComplete (143ms)
	LoadAllAssembliesAndSetupDomain (926ms)
		LoadAssemblies (654ms)
		AnalyzeDomain (461ms)
			TypeCache.Refresh (29ms)
			BuildScriptInfoCaches (407ms)
			ResolveRequiredComponents (22ms)
	FinalizeReload (1780ms)
		SetupLoadedEditorAssemblies (0ms)
			InitializePlatformSupportModulesInManaged (4ms)
			BeforeProcessingInitializeOnLoad (394ms)
			ProcessInitializeOnLoadAttributes (696ms)
			ProcessInitializeOnLoadMethodAttributes (172ms)
			AfterProcessingInitializeOnLoad (4ms)
			EditorAssembliesLoaded (4ms)
		AwakeInstancesAfterBackupRestoration (33ms)
Refreshing native plugins compatible for Editor in 2.34 ms, found 5 plugins.
Unloading 24 Unused Serialized files (Serialized files now loaded: 0)
Unloading 7263 unused Assets / (5.5 MB). Loaded Objects now: 8197.
Memory consumption went from 169.2 MB to 163.7 MB.
Total: 17.435100 ms (FindLiveObjects: 1.068600 ms CreateObjectMapping: 1.563600 ms MarkObjects: 10.585900 ms  DeleteObjects: 4.215100 ms)

Prepare: number of updated asset objects reloaded= 0
========================================================================
Received Prepare
Begin MonoManager ReloadAssembly
[Licensing::Client] Successfully resolved entitlement details
Assembly Assembly-CSharp-Editor-firstpass.dll at Library/ScriptAssemblies/Assembly-CSharp-Editor-firstpass.dll not valid. Loading of assembly skipped.
Assembly Assembly-CSharp-Editor.dll at Library/ScriptAssemblies/Assembly-CSharp-Editor.dll not valid. Loading of assembly skipped.
Assembly Assembly-CSharp-firstpass.dll at Library/ScriptAssemblies/Assembly-CSharp-firstpass.dll not valid. Loading of assembly skipped.
Assembly DocCodeExamples.dll at Library/ScriptAssemblies/DocCodeExamples.dll not valid. Loading of assembly skipped.
Assembly TestNewCustomAssembly.dll at Library/ScriptAssemblies/TestNewCustomAssembly.dll not valid. Loading of assembly skipped.
Assembly Unity.2D.Animation.EditorTests.dll at Library/ScriptAssemblies/Unity.2D.Animation.EditorTests.dll not valid. Loading of assembly skipped.
Assembly Unity.2D.Aseprite.EditorTests.dll at Library/ScriptAssemblies/Unity.2D.Aseprite.EditorTests.dll not valid. Loading of assembly skipped.
Assembly Unity.2D.Common.EditorTests.dll at Library/ScriptAssemblies/Unity.2D.Common.EditorTests.dll not valid. Loading of assembly skipped.
Assembly Unity.2D.Psdimporter.EditorTests.dll at Library/ScriptAssemblies/Unity.2D.Psdimporter.EditorTests.dll not valid. Loading of assembly skipped.
Assembly Unity.2D.Sprite.Package.EditorTests.dll at Library/ScriptAssemblies/Unity.2D.Sprite.Package.EditorTests.dll not valid. Loading of assembly skipped.
Assembly Unity.2D.SpriteShape.EditorTests.dll at Library/ScriptAssemblies/Unity.2D.SpriteShape.EditorTests.dll not valid. Loading of assembly skipped.
Assembly Unity.2D.Tilemap.Package.EditorTests.dll at Library/ScriptAssemblies/Unity.2D.Tilemap.Package.EditorTests.dll not valid. Loading of assembly skipped.
Assembly Unity.Collections.BurstCompatibilityGen.dll at Library/ScriptAssemblies/Unity.Collections.BurstCompatibilityGen.dll not valid. Loading of assembly skipped.
Assembly Unity.Collections.DocCodeSamples.dll at Library/ScriptAssemblies/Unity.Collections.DocCodeSamples.dll not valid. Loading of assembly skipped.
Assembly Unity.Collections.PerformanceTests.dll at Library/ScriptAssemblies/Unity.Collections.PerformanceTests.dll not valid. Loading of assembly skipped.
Assembly Unity.Collections.Tests.dll at Library/ScriptAssemblies/Unity.Collections.Tests.dll not valid. Loading of assembly skipped.
Assembly Unity.Collections.Tests.Playmode.dll at Library/ScriptAssemblies/Unity.Collections.Tests.Playmode.dll not valid. Loading of assembly skipped.
Assembly Unity.InputSystem.IntegrationTests.dll at Library/ScriptAssemblies/Unity.InputSystem.IntegrationTests.dll not valid. Loading of assembly skipped.
Assembly Unity.Mathematics.Tests.dll at Library/ScriptAssemblies/Unity.Mathematics.Tests.dll not valid. Loading of assembly skipped.
Assembly Unity.Multiplayer.Center.Editor.Tests.dll at Library/ScriptAssemblies/Unity.Multiplayer.Center.Editor.Tests.dll not valid. Loading of assembly skipped.
Assembly Unity.Multiplayer.Center.Tests.dll at Library/ScriptAssemblies/Unity.Multiplayer.Center.Tests.dll not valid. Loading of assembly skipped.
Assembly Unity.Nuget.Mono-Cecil.dll at Library/ScriptAssemblies/Unity.Nuget.Mono-Cecil.dll not valid. Loading of assembly skipped.
Assembly Unity.PathTracing.Editor.Tests.dll at Library/ScriptAssemblies/Unity.PathTracing.Editor.Tests.dll not valid. Loading of assembly skipped.
Assembly Unity.PathTracing.Runtime.Tests.dll at Library/ScriptAssemblies/Unity.PathTracing.Runtime.Tests.dll not valid. Loading of assembly skipped.
Assembly Unity.RenderPipelines.Core.Editor.Tests.dll at Library/ScriptAssemblies/Unity.RenderPipelines.Core.Editor.Tests.dll not valid. Loading of assembly skipped.
Assembly Unity.RenderPipelines.Core.Runtime.Tests.dll at Library/ScriptAssemblies/Unity.RenderPipelines.Core.Runtime.Tests.dll not valid. Loading of assembly skipped.
Assembly Unity.RenderPipelines.Universal.Config.Editor.Tests.dll at Library/ScriptAssemblies/Unity.RenderPipelines.Universal.Config.Editor.Tests.dll not valid. Loading of assembly skipped.
Assembly Unity.RenderPipelines.Universal.Editor.Tests.dll at Library/ScriptAssemblies/Unity.RenderPipelines.Universal.Editor.Tests.dll not valid. Loading of assembly skipped.
Assembly Unity.RenderPipelines.Universal.Runtime.Tests.dll at Library/ScriptAssemblies/Unity.RenderPipelines.Universal.Runtime.Tests.dll not valid. Loading of assembly skipped.
Assembly Unity.Searcher.EditorTests.dll at Library/ScriptAssemblies/Unity.Searcher.EditorTests.dll not valid. Loading of assembly skipped.
Assembly Unity.ShaderGraph.Editor.Tests.dll at Library/ScriptAssemblies/Unity.ShaderGraph.Editor.Tests.dll not valid. Loading of assembly skipped.
Assembly Unity.TextMeshPro.Editor.Tests.dll at Library/ScriptAssemblies/Unity.TextMeshPro.Editor.Tests.dll not valid. Loading of assembly skipped.
Assembly Unity.TextMeshPro.Tests.dll at Library/ScriptAssemblies/Unity.TextMeshPro.Tests.dll not valid. Loading of assembly skipped.
Assembly Unity.UnifiedRayTracing.Editor.Tests.dll at Library/ScriptAssemblies/Unity.UnifiedRayTracing.Editor.Tests.dll not valid. Loading of assembly skipped.
Assembly UnityEditor.UI.Common.Tests.dll at Library/ScriptAssemblies/UnityEditor.UI.Common.Tests.dll not valid. Loading of assembly skipped.
Assembly UnityEditor.UI.EditorTests.dll at Library/ScriptAssemblies/UnityEditor.UI.EditorTests.dll not valid. Loading of assembly skipped.
Assembly UnityEngine.UI.Tests.dll at Library/ScriptAssemblies/UnityEngine.UI.Tests.dll not valid. Loading of assembly skipped.
Refreshing native plugins compatible for Editor in 3.20 ms, found 5 plugins.
Native extension for WindowsStandalone target not found
Native extension for WebGL target not found
[Package Manager] Failed to launch server process. Reason: Unity was launched with the -noUpm command-line argument
[Package Manager] Unable to send message (not connected to server process).
[Package Manager] Cannot connect to Unity Package Manager local server
[Package Manager] Failed to launch server process. Reason: Unity was launched with the -noUpm command-line argument
[Package Manager] Unable to send message (not connected to server process).
[Package Manager] Cannot connect to Unity Package Manager local server
ScheduleIndexationOnStartup MainProcess:False IndexOnStartup:True
Mono: successfully reloaded assembly
- Finished resetting the current domain, in  1.373 seconds
Domain Reload Profiling: 2972ms
	BeginReloadAssembly (480ms)
		DisableScriptedObjects (36ms)
		CreateAndSetChildDomain (136ms)
	RebuildCommonClasses (84ms)
	RebuildNativeTypeToScriptingClass (31ms)
	initialDomainReloadingComplete (101ms)
	LoadAllAssembliesAndSetupDomain (902ms)
		LoadAssemblies (577ms)
		AnalyzeDomain (495ms)
			TypeCache.Refresh (19ms)
			BuildScriptInfoCaches (443ms)
			ResolveRequiredComponents (29ms)
	FinalizeReload (1374ms)
		SetupLoadedEditorAssemblies (0ms)
			InitializePlatformSupportModulesInManaged (4ms)
			BeforeProcessingInitializeOnLoad (240ms)
			ProcessInitializeOnLoadAttributes (529ms)
			ProcessInitializeOnLoadMethodAttributes (266ms)
			AfterProcessingInitializeOnLoad (5ms)
		AwakeInstancesAfterBackupRestoration (29ms)
Refreshing native plugins compatible for Editor in 2.56 ms, found 5 plugins.
Unloading 24 Unused Serialized files (Serialized files now loaded: 0)
Unloading 7263 unused Assets / (5.6 MB). Loaded Objects now: 8200.
Memory consumption went from 171.8 MB to 166.2 MB.
Total: 13.168100 ms (FindLiveObjects: 1.096100 ms CreateObjectMapping: 1.413800 ms MarkObjects: 6.357900 ms  DeleteObjects: 4.297600 ms)

Prepare: number of updated asset objects reloaded= 0
========================================================================
Received Import Request.
  Time since last request: 1108.279899 seconds.
  path: Assets/Prefabs/PlayerTank.prefab
  importAddress: Guid(ff71467d50bae0d48afcbfafa329ccb7) Importer(2089858483,b0f066a214c2f5e87bad3c948f4d605d)
Start importing Assets/Prefabs/PlayerTank.prefab using Guid(ff71467d50bae0d48afcbfafa329ccb7) Importer(2089858483,b0f066a214c2f5e87bad3c948f4d605d) (ScriptedImporter) -> (Import Result ID: '119a3f350b831da1f87e62f00eb57265') in 0.3204597 seconds [static and dynamic dependencies]. Details - ImportResultOutputID=4e42fb8b63cf957ef0fdce5136fd0682 DependenciesID=20bae6c5433c5e8fb57275483016490b StaticDependenciesID=4a0411fe452e46a05de4998f1b8974bb 
Number of updated asset objects reloaded before import = 0Number of asset objects unloaded after import = 14

========================================================================
Received Prepare
Begin MonoManager ReloadAssembly
[Licensing::Client] Successfully resolved entitlement details
Assembly Assembly-CSharp-Editor-firstpass.dll at Library/ScriptAssemblies/Assembly-CSharp-Editor-firstpass.dll not valid. Loading of assembly skipped.
Assembly Assembly-CSharp-Editor.dll at Library/ScriptAssemblies/Assembly-CSharp-Editor.dll not valid. Loading of assembly skipped.
Assembly Assembly-CSharp-firstpass.dll at Library/ScriptAssemblies/Assembly-CSharp-firstpass.dll not valid. Loading of assembly skipped.
Assembly DocCodeExamples.dll at Library/ScriptAssemblies/DocCodeExamples.dll not valid. Loading of assembly skipped.
Assembly TestNewCustomAssembly.dll at Library/ScriptAssemblies/TestNewCustomAssembly.dll not valid. Loading of assembly skipped.
Assembly Unity.2D.Animation.EditorTests.dll at Library/ScriptAssemblies/Unity.2D.Animation.EditorTests.dll not valid. Loading of assembly skipped.
Assembly Unity.2D.Aseprite.EditorTests.dll at Library/ScriptAssemblies/Unity.2D.Aseprite.EditorTests.dll not valid. Loading of assembly skipped.
Assembly Unity.2D.Common.EditorTests.dll at Library/ScriptAssemblies/Unity.2D.Common.EditorTests.dll not valid. Loading of assembly skipped.
Assembly Unity.2D.Psdimporter.EditorTests.dll at Library/ScriptAssemblies/Unity.2D.Psdimporter.EditorTests.dll not valid. Loading of assembly skipped.
Assembly Unity.2D.Sprite.Package.EditorTests.dll at Library/ScriptAssemblies/Unity.2D.Sprite.Package.EditorTests.dll not valid. Loading of assembly skipped.
Assembly Unity.2D.SpriteShape.EditorTests.dll at Library/ScriptAssemblies/Unity.2D.SpriteShape.EditorTests.dll not valid. Loading of assembly skipped.
Assembly Unity.2D.Tilemap.Package.EditorTests.dll at Library/ScriptAssemblies/Unity.2D.Tilemap.Package.EditorTests.dll not valid. Loading of assembly skipped.
Assembly Unity.Collections.BurstCompatibilityGen.dll at Library/ScriptAssemblies/Unity.Collections.BurstCompatibilityGen.dll not valid. Loading of assembly skipped.
Assembly Unity.Collections.DocCodeSamples.dll at Library/ScriptAssemblies/Unity.Collections.DocCodeSamples.dll not valid. Loading of assembly skipped.
Assembly Unity.Collections.PerformanceTests.dll at Library/ScriptAssemblies/Unity.Collections.PerformanceTests.dll not valid. Loading of assembly skipped.
Assembly Unity.Collections.Tests.dll at Library/ScriptAssemblies/Unity.Collections.Tests.dll not valid. Loading of assembly skipped.
Assembly Unity.Collections.Tests.Playmode.dll at Library/ScriptAssemblies/Unity.Collections.Tests.Playmode.dll not valid. Loading of assembly skipped.
Assembly Unity.InputSystem.IntegrationTests.dll at Library/ScriptAssemblies/Unity.InputSystem.IntegrationTests.dll not valid. Loading of assembly skipped.
Assembly Unity.Mathematics.Tests.dll at Library/ScriptAssemblies/Unity.Mathematics.Tests.dll not valid. Loading of assembly skipped.
Assembly Unity.Multiplayer.Center.Editor.Tests.dll at Library/ScriptAssemblies/Unity.Multiplayer.Center.Editor.Tests.dll not valid. Loading of assembly skipped.
Assembly Unity.Multiplayer.Center.Tests.dll at Library/ScriptAssemblies/Unity.Multiplayer.Center.Tests.dll not valid. Loading of assembly skipped.
Assembly Unity.Nuget.Mono-Cecil.dll at Library/ScriptAssemblies/Unity.Nuget.Mono-Cecil.dll not valid. Loading of assembly skipped.
Assembly Unity.PathTracing.Editor.Tests.dll at Library/ScriptAssemblies/Unity.PathTracing.Editor.Tests.dll not valid. Loading of assembly skipped.
Assembly Unity.PathTracing.Runtime.Tests.dll at Library/ScriptAssemblies/Unity.PathTracing.Runtime.Tests.dll not valid. Loading of assembly skipped.
Assembly Unity.RenderPipelines.Core.Editor.Tests.dll at Library/ScriptAssemblies/Unity.RenderPipelines.Core.Editor.Tests.dll not valid. Loading of assembly skipped.
Assembly Unity.RenderPipelines.Core.Runtime.Tests.dll at Library/ScriptAssemblies/Unity.RenderPipelines.Core.Runtime.Tests.dll not valid. Loading of assembly skipped.
Assembly Unity.RenderPipelines.Universal.Config.Editor.Tests.dll at Library/ScriptAssemblies/Unity.RenderPipelines.Universal.Config.Editor.Tests.dll not valid. Loading of assembly skipped.
Assembly Unity.RenderPipelines.Universal.Editor.Tests.dll at Library/ScriptAssemblies/Unity.RenderPipelines.Universal.Editor.Tests.dll not valid. Loading of assembly skipped.
Assembly Unity.RenderPipelines.Universal.Runtime.Tests.dll at Library/ScriptAssemblies/Unity.RenderPipelines.Universal.Runtime.Tests.dll not valid. Loading of assembly skipped.
Assembly Unity.Searcher.EditorTests.dll at Library/ScriptAssemblies/Unity.Searcher.EditorTests.dll not valid. Loading of assembly skipped.
Assembly Unity.ShaderGraph.Editor.Tests.dll at Library/ScriptAssemblies/Unity.ShaderGraph.Editor.Tests.dll not valid. Loading of assembly skipped.
Assembly Unity.TextMeshPro.Editor.Tests.dll at Library/ScriptAssemblies/Unity.TextMeshPro.Editor.Tests.dll not valid. Loading of assembly skipped.
Assembly Unity.TextMeshPro.Tests.dll at Library/ScriptAssemblies/Unity.TextMeshPro.Tests.dll not valid. Loading of assembly skipped.
Assembly Unity.UnifiedRayTracing.Editor.Tests.dll at Library/ScriptAssemblies/Unity.UnifiedRayTracing.Editor.Tests.dll not valid. Loading of assembly skipped.
Assembly UnityEditor.UI.Common.Tests.dll at Library/ScriptAssemblies/UnityEditor.UI.Common.Tests.dll not valid. Loading of assembly skipped.
Assembly UnityEditor.UI.EditorTests.dll at Library/ScriptAssemblies/UnityEditor.UI.EditorTests.dll not valid. Loading of assembly skipped.
Assembly UnityEngine.UI.Tests.dll at Library/ScriptAssemblies/UnityEngine.UI.Tests.dll not valid. Loading of assembly skipped.
Refreshing native plugins compatible for Editor in 2.25 ms, found 5 plugins.
Native extension for WindowsStandalone target not found
Native extension for WebGL target not found
[Package Manager] Failed to launch server process. Reason: Unity was launched with the -noUpm command-line argument
[Package Manager] Unable to send message (not connected to server process).
[Package Manager] Cannot connect to Unity Package Manager local server
[Package Manager] Failed to launch server process. Reason: Unity was launched with the -noUpm command-line argument
[Package Manager] Unable to send message (not connected to server process).
[Package Manager] Cannot connect to Unity Package Manager local server
ScheduleIndexationOnStartup MainProcess:False IndexOnStartup:True
Mono: successfully reloaded assembly
- Finished resetting the current domain, in  1.146 seconds
Domain Reload Profiling: 2737ms
	BeginReloadAssembly (425ms)
		DisableScriptedObjects (25ms)
		CreateAndSetChildDomain (108ms)
	RebuildCommonClasses (105ms)
	RebuildNativeTypeToScriptingClass (22ms)
	initialDomainReloadingComplete (102ms)
	LoadAllAssembliesAndSetupDomain (936ms)
		LoadAssemblies (671ms)
		AnalyzeDomain (453ms)
			TypeCache.Refresh (13ms)
			BuildScriptInfoCaches (419ms)
			ResolveRequiredComponents (18ms)
	FinalizeReload (1147ms)
		SetupLoadedEditorAssemblies (0ms)
			InitializePlatformSupportModulesInManaged (3ms)
			BeforeProcessingInitializeOnLoad (221ms)
			ProcessInitializeOnLoadAttributes (461ms)
			ProcessInitializeOnLoadMethodAttributes (140ms)
			AfterProcessingInitializeOnLoad (4ms)
		AwakeInstancesAfterBackupRestoration (26ms)
Refreshing native plugins compatible for Editor in 2.92 ms, found 5 plugins.
Unloading 24 Unused Serialized files (Serialized files now loaded: 0)
Unloading 7263 unused Assets / (5.3 MB). Loaded Objects now: 8203.
Memory consumption went from 161.7 MB to 156.4 MB.
Total: 15.106400 ms (FindLiveObjects: 1.045500 ms CreateObjectMapping: 1.388800 ms MarkObjects: 7.911200 ms  DeleteObjects: 4.759000 ms)

Prepare: number of updated asset objects reloaded= 0
========================================================================
Received Prepare
Begin MonoManager ReloadAssembly
Assembly Assembly-CSharp-Editor-firstpass.dll at Library/ScriptAssemblies/Assembly-CSharp-Editor-firstpass.dll not valid. Loading of assembly skipped.
Assembly Assembly-CSharp-Editor.dll at Library/ScriptAssemblies/Assembly-CSharp-Editor.dll not valid. Loading of assembly skipped.
Assembly Assembly-CSharp-firstpass.dll at Library/ScriptAssemblies/Assembly-CSharp-firstpass.dll not valid. Loading of assembly skipped.
Assembly DocCodeExamples.dll at Library/ScriptAssemblies/DocCodeExamples.dll not valid. Loading of assembly skipped.
Assembly TestNewCustomAssembly.dll at Library/ScriptAssemblies/TestNewCustomAssembly.dll not valid. Loading of assembly skipped.
Assembly Unity.2D.Animation.EditorTests.dll at Library/ScriptAssemblies/Unity.2D.Animation.EditorTests.dll not valid. Loading of assembly skipped.
Assembly Unity.2D.Aseprite.EditorTests.dll at Library/ScriptAssemblies/Unity.2D.Aseprite.EditorTests.dll not valid. Loading of assembly skipped.
Assembly Unity.2D.Common.EditorTests.dll at Library/ScriptAssemblies/Unity.2D.Common.EditorTests.dll not valid. Loading of assembly skipped.
Assembly Unity.2D.Psdimporter.EditorTests.dll at Library/ScriptAssemblies/Unity.2D.Psdimporter.EditorTests.dll not valid. Loading of assembly skipped.
Assembly Unity.2D.Sprite.Package.EditorTests.dll at Library/ScriptAssemblies/Unity.2D.Sprite.Package.EditorTests.dll not valid. Loading of assembly skipped.
Assembly Unity.2D.SpriteShape.EditorTests.dll at Library/ScriptAssemblies/Unity.2D.SpriteShape.EditorTests.dll not valid. Loading of assembly skipped.
Assembly Unity.2D.Tilemap.Package.EditorTests.dll at Library/ScriptAssemblies/Unity.2D.Tilemap.Package.EditorTests.dll not valid. Loading of assembly skipped.
Assembly Unity.Collections.BurstCompatibilityGen.dll at Library/ScriptAssemblies/Unity.Collections.BurstCompatibilityGen.dll not valid. Loading of assembly skipped.
Assembly Unity.Collections.DocCodeSamples.dll at Library/ScriptAssemblies/Unity.Collections.DocCodeSamples.dll not valid. Loading of assembly skipped.
Assembly Unity.Collections.PerformanceTests.dll at Library/ScriptAssemblies/Unity.Collections.PerformanceTests.dll not valid. Loading of assembly skipped.
Assembly Unity.Collections.Tests.dll at Library/ScriptAssemblies/Unity.Collections.Tests.dll not valid. Loading of assembly skipped.
Assembly Unity.Collections.Tests.Playmode.dll at Library/ScriptAssemblies/Unity.Collections.Tests.Playmode.dll not valid. Loading of assembly skipped.
Assembly Unity.InputSystem.IntegrationTests.dll at Library/ScriptAssemblies/Unity.InputSystem.IntegrationTests.dll not valid. Loading of assembly skipped.
Assembly Unity.Mathematics.Tests.dll at Library/ScriptAssemblies/Unity.Mathematics.Tests.dll not valid. Loading of assembly skipped.
Assembly Unity.Multiplayer.Center.Editor.Tests.dll at Library/ScriptAssemblies/Unity.Multiplayer.Center.Editor.Tests.dll not valid. Loading of assembly skipped.
Assembly Unity.Multiplayer.Center.Tests.dll at Library/ScriptAssemblies/Unity.Multiplayer.Center.Tests.dll not valid. Loading of assembly skipped.
Assembly Unity.Nuget.Mono-Cecil.dll at Library/ScriptAssemblies/Unity.Nuget.Mono-Cecil.dll not valid. Loading of assembly skipped.
Assembly Unity.PathTracing.Editor.Tests.dll at Library/ScriptAssemblies/Unity.PathTracing.Editor.Tests.dll not valid. Loading of assembly skipped.
Assembly Unity.PathTracing.Runtime.Tests.dll at Library/ScriptAssemblies/Unity.PathTracing.Runtime.Tests.dll not valid. Loading of assembly skipped.
Assembly Unity.RenderPipelines.Core.Editor.Tests.dll at Library/ScriptAssemblies/Unity.RenderPipelines.Core.Editor.Tests.dll not valid. Loading of assembly skipped.
Assembly Unity.RenderPipelines.Core.Runtime.Tests.dll at Library/ScriptAssemblies/Unity.RenderPipelines.Core.Runtime.Tests.dll not valid. Loading of assembly skipped.
Assembly Unity.RenderPipelines.Universal.Config.Editor.Tests.dll at Library/ScriptAssemblies/Unity.RenderPipelines.Universal.Config.Editor.Tests.dll not valid. Loading of assembly skipped.
Assembly Unity.RenderPipelines.Universal.Editor.Tests.dll at Library/ScriptAssemblies/Unity.RenderPipelines.Universal.Editor.Tests.dll not valid. Loading of assembly skipped.
Assembly Unity.RenderPipelines.Universal.Runtime.Tests.dll at Library/ScriptAssemblies/Unity.RenderPipelines.Universal.Runtime.Tests.dll not valid. Loading of assembly skipped.
Assembly Unity.Searcher.EditorTests.dll at Library/ScriptAssemblies/Unity.Searcher.EditorTests.dll not valid. Loading of assembly skipped.
Assembly Unity.ShaderGraph.Editor.Tests.dll at Library/ScriptAssemblies/Unity.ShaderGraph.Editor.Tests.dll not valid. Loading of assembly skipped.
Assembly Unity.TextMeshPro.Editor.Tests.dll at Library/ScriptAssemblies/Unity.TextMeshPro.Editor.Tests.dll not valid. Loading of assembly skipped.
Assembly Unity.TextMeshPro.Tests.dll at Library/ScriptAssemblies/Unity.TextMeshPro.Tests.dll not valid. Loading of assembly skipped.
Assembly Unity.UnifiedRayTracing.Editor.Tests.dll at Library/ScriptAssemblies/Unity.UnifiedRayTracing.Editor.Tests.dll not valid. Loading of assembly skipped.
Assembly UnityEditor.UI.Common.Tests.dll at Library/ScriptAssemblies/UnityEditor.UI.Common.Tests.dll not valid. Loading of assembly skipped.
Assembly UnityEditor.UI.EditorTests.dll at Library/ScriptAssemblies/UnityEditor.UI.EditorTests.dll not valid. Loading of assembly skipped.
Assembly UnityEngine.UI.Tests.dll at Library/ScriptAssemblies/UnityEngine.UI.Tests.dll not valid. Loading of assembly skipped.
Refreshing native plugins compatible for Editor in 3.18 ms, found 5 plugins.
Native extension for WindowsStandalone target not found
Native extension for WebGL target not found
[Package Manager] Failed to launch server process. Reason: Unity was launched with the -noUpm command-line argument
[Package Manager] Unable to send message (not connected to server process).
[Package Manager] Cannot connect to Unity Package Manager local server
[Package Manager] Failed to launch server process. Reason: Unity was launched with the -noUpm command-line argument
[Package Manager] Unable to send message (not connected to server process).
[Package Manager] Cannot connect to Unity Package Manager local server
ScheduleIndexationOnStartup MainProcess:False IndexOnStartup:True
Mono: successfully reloaded assembly
- Finished resetting the current domain, in  1.240 seconds
Domain Reload Profiling: 2792ms
	BeginReloadAssembly (439ms)
		DisableScriptedObjects (19ms)
		CreateAndSetChildDomain (106ms)
	RebuildCommonClasses (72ms)
	RebuildNativeTypeToScriptingClass (27ms)
	initialDomainReloadingComplete (91ms)
	LoadAllAssembliesAndSetupDomain (921ms)
		LoadAssemblies (652ms)
		AnalyzeDomain (446ms)
			TypeCache.Refresh (24ms)
			BuildScriptInfoCaches (393ms)
			ResolveRequiredComponents (25ms)
	FinalizeReload (1241ms)
		SetupLoadedEditorAssemblies (0ms)
			InitializePlatformSupportModulesInManaged (4ms)
			BeforeProcessingInitializeOnLoad (234ms)
			ProcessInitializeOnLoadAttributes (524ms)
			ProcessInitializeOnLoadMethodAttributes (152ms)
			AfterProcessingInitializeOnLoad (6ms)
		AwakeInstancesAfterBackupRestoration (27ms)
Refreshing native plugins compatible for Editor in 2.88 ms, found 5 plugins.
Unloading 24 Unused Serialized files (Serialized files now loaded: 0)
Unloading 7263 unused Assets / (5.0 MB). Loaded Objects now: 8206.
Memory consumption went from 164.3 MB to 159.3 MB.
Total: 18.511900 ms (FindLiveObjects: 1.068400 ms CreateObjectMapping: 2.153400 ms MarkObjects: 7.623000 ms  DeleteObjects: 7.665000 ms)

Prepare: number of updated asset objects reloaded= 0
